{
	"credit": "Made with Blockbench",
	"textures": {
		"0": "block/glass_overlay"
	},
	"elements": [
		{
			"from": [0, 0, 7],
			"to": [16, 16, 9],
			"rotation": {"angle": 0, "axis": "y", "origin": [0, 0, 7]},
			"faces": {
				"north": {"uv": [0, 0, 16, 16], "texture": "#0"},
				"south": {"uv": [0, 0, 16, 16], "texture": "#0"}
			}
		}
	],
	"display": {
		"thirdperson_righthand": {
			"translation": [0, 2, 0.25],
			"scale": [0.25, 0.25, 0]
		},
		"thirdperson_lefthand": {
			"translation": [0, 2, 0.25],
			"scale": [0.25, 0.25, 0]
		},
		"firstperson_righthand": {
			"translation": [2, 4, 0],
			"scale": [0.5, 0.5, 0]
		},
		"firstperson_lefthand": {
			"translation": [2, 4, 0],
			"scale": [0.5, 0.5, 0]
		},
		"ground": {
			"translation": [0, 4, 0],
			"scale": [0.5, 0.5, 0]
		},
		"head": {
			"translation": [0, 0, -6.5],
			"scale": [0.8, 0.8, 0]
		},
		"fixed": {
			"translation": [0, 0, 16],
			"scale": [2.01, 2.01, 2.01]
		}
	}
}