{
	"credit": "Made with Blockbench",
	"texture_size": [64, 64],
	"textures": {
		"0": "minecraft:item/statue_1"
	},
	"elements": [
		{
			"from": [0, 0, 4],
			"to": [16, 5, 16],
			"faces": {
				"north": {"uv": [8, 5.5, 12, 6.75], "texture": "#0"},
				"east": {"uv": [10, 0, 13, 1.25], "texture": "#0"},
				"south": {"uv": [8, 6.75, 12, 8], "texture": "#0"},
				"west": {"uv": [13, 1.25, 10, 2.5], "texture": "#0"},
				"up": {"uv": [4, 3, 0, 0], "texture": "#0"},
				"down": {"uv": [0, 6, 4, 3], "texture": "#0"}
			}
		},
		{
			"from": [4, 16, 9],
			"to": [12, 24, 15.75],
			"rotation": {"angle": 0, "axis": "y", "origin": [5, 16, 10]},
			"faces": {
				"north": {"uv": [2, 8.75, 4, 10.75], "texture": "#0"},
				"east": {"uv": [0, 9, 1.75, 11], "texture": "#0"},
				"south": {"uv": [4, 8.75, 6, 10.75], "texture": "#0"},
				"west": {"uv": [10, 2.5, 11.75, 4.5], "texture": "#0"},
				"up": {"uv": [3.75, 12.5, 1.75, 10.75], "texture": "#0"},
				"down": {"uv": [5.75, 10.75, 3.75, 12.5], "texture": "#0"}
			}
		},
		{
			"from": [4, 5, 9],
			"to": [12, 16, 16],
			"rotation": {"angle": 0, "axis": "y", "origin": [0, 5, 8]},
			"faces": {
				"north": {"uv": [2, 6, 4, 8.75], "texture": "#0"},
				"east": {"uv": [8, 8, 9.75, 10.75], "texture": "#0"},
				"south": {"uv": [6, 3, 8, 5.75], "texture": "#0"},
				"west": {"uv": [6, 8.5, 7.75, 11.25], "texture": "#0"},
				"up": {"uv": [9.75, 12.5, 7.75, 10.75], "texture": "#0"},
				"down": {"uv": [7.75, 11.25, 5.75, 13], "texture": "#0"}
			}
		},
		{
			"from": [12, 5, 8],
			"to": [16, 16, 16],
			"rotation": {"angle": 0, "axis": "y", "origin": [8, 5, 8]},
			"faces": {
				"north": {"uv": [11.75, 11.5, 12.75, 14.25], "texture": "#0"},
				"east": {"uv": [6, 6, 4, 8.75], "texture": "#0"},
				"south": {"uv": [12, 5.5, 13, 8.25], "texture": "#0"},
				"west": {"uv": [6, 5.75, 8, 8.5], "texture": "#0"},
				"up": {"uv": [3, 12.5, 2, 14.5], "texture": "#0"},
				"down": {"uv": [4, 12.5, 3, 14.5], "texture": "#0"}
			}
		},
		{
			"from": [0, 5, 8],
			"to": [4, 16, 16],
			"rotation": {"angle": 0, "axis": "y", "origin": [-4, 5, 8]},
			"faces": {
				"north": {"uv": [12, 8.25, 13, 11], "texture": "#0"},
				"east": {"uv": [8, 0, 10, 2.75], "texture": "#0"},
				"south": {"uv": [1, 12.5, 2, 15.25], "texture": "#0"},
				"west": {"uv": [8, 2.75, 10, 5.5], "texture": "#0"},
				"up": {"uv": [5, 12.5, 4, 14.5], "texture": "#0"},
				"down": {"uv": [8.75, 12.5, 7.75, 14.5], "texture": "#0"}
			}
		},
		{
			"from": [4.25, 4.75, 8.05],
			"to": [8.25, 16.75, 15.5],
			"rotation": {"angle": 22.5, "axis": "z", "origin": [8.25, 5.75, 8]},
			"faces": {
				"north": {"uv": [0, 11, 1, 14], "texture": "#0"},
				"east": {"uv": [4, 0, 6, 3], "texture": "#0"},
				"south": {"uv": [9.75, 11.5, 10.75, 14.5], "texture": "#0"},
				"west": {"uv": [4, 3, 6, 6], "texture": "#0"},
				"up": {"uv": [9.75, 14.5, 8.75, 12.5], "texture": "#0"},
				"down": {"uv": [13.75, 2.5, 12.75, 4.5], "texture": "#0"}
			}
		},
		{
			"from": [7.75, 4.75, 8.075],
			"to": [11.75, 16.75, 15.5],
			"rotation": {"angle": -22.5, "axis": "z", "origin": [7.75, 5.5, 8]},
			"faces": {
				"north": {"uv": [10.75, 11.5, 11.75, 14.5], "texture": "#0"},
				"east": {"uv": [0, 6, 2, 9], "texture": "#0"},
				"south": {"uv": [11.75, 2.5, 12.75, 5.5], "texture": "#0"},
				"west": {"uv": [6, 0, 8, 3], "texture": "#0"},
				"up": {"uv": [13.75, 13, 12.75, 11], "texture": "#0"},
				"down": {"uv": [14, 0, 13, 2], "texture": "#0"}
			}
		},
		{
			"from": [3.75, 22.75, 8.75],
			"to": [12.25, 24.5, 16],
			"rotation": {"angle": 0, "axis": "y", "origin": [5, 22.75, 10]},
			"faces": {
				"north": {"uv": [12.75, 4.5, 15, 5], "texture": "#0"},
				"east": {"uv": [13, 2, 14.75, 2.5], "texture": "#0"},
				"south": {"uv": [12.75, 5, 15, 5.5], "texture": "#0"},
				"west": {"uv": [13, 8.25, 14.75, 8.75], "texture": "#0"},
				"up": {"uv": [12, 9.75, 9.75, 8], "texture": "#0"},
				"down": {"uv": [12, 9.75, 9.75, 11.5], "texture": "#0"}
			}
		},
		{
			"from": [5.75, 24.25, 12.5],
			"to": [10.25, 27, 15.75],
			"rotation": {"angle": 22.5, "axis": "x", "origin": [5, 25.25, 11.75]},
			"faces": {
				"north": {"uv": [10, 4.5, 11.25, 5.25], "texture": "#0"},
				"east": {"uv": [13, 8.75, 13.75, 9.5], "texture": "#0"},
				"south": {"uv": [13, 5.5, 14.25, 6.25], "texture": "#0"},
				"west": {"uv": [13, 9.5, 13.75, 10.25], "texture": "#0"},
				"up": {"uv": [7, 13.75, 5.75, 13], "texture": "#0"},
				"down": {"uv": [14.25, 6.25, 13, 7], "texture": "#0"}
			}
		},
		{
			"from": [11.5, 18, 11],
			"to": [12.5, 23, 14],
			"rotation": {"angle": 0, "axis": "y", "origin": [12.5, 18, 10]},
			"faces": {
				"north": {"uv": [12.75, 13, 13, 14.25], "texture": "#0"},
				"east": {"uv": [7, 13, 7.75, 14.25], "texture": "#0"},
				"south": {"uv": [13, 13, 13.25, 14.25], "texture": "#0"},
				"west": {"uv": [13, 7, 13.75, 8.25], "texture": "#0"},
				"up": {"uv": [11.75, 5.25, 11.5, 4.5], "texture": "#0"},
				"down": {"uv": [13.25, 10.25, 13, 11], "texture": "#0"}
			}
		},
		{
			"from": [3.5, 18, 11],
			"to": [4.5, 23, 14],
			"rotation": {"angle": 0, "axis": "y", "origin": [4.5, 17.75, 10]},
			"faces": {
				"north": {"uv": [7.75, 8.5, 8, 9.75], "texture": "#0"},
				"east": {"uv": [1, 11, 1.75, 12.25], "texture": "#0"},
				"south": {"uv": [1.75, 9, 2, 10.25], "texture": "#0"},
				"west": {"uv": [5, 12.5, 5.75, 13.75], "texture": "#0"},
				"up": {"uv": [8, 10.5, 7.75, 9.75], "texture": "#0"},
				"down": {"uv": [11.5, 4.5, 11.25, 5.25], "texture": "#0"}
			}
		}
	],
	"display": {
		"thirdperson_righthand": {
			"rotation": [91.29, 45.36, -12.97],
			"translation": [0, 1.5, 0],
			"scale": [0.25, 0.25, 0.25]
		},
		"thirdperson_lefthand": {
			"rotation": [91.29, 45.36, -12.97],
			"translation": [0, 1.5, 0],
			"scale": [0.25, 0.25, 0.25]
		},
		"firstperson_righthand": {
			"rotation": [0, 110, 0],
			"translation": [0.5, 1.25, 1.25],
			"scale": [0.25, 0.25, 0.25]
		},
		"firstperson_lefthand": {
			"rotation": [0, 110, 0],
			"translation": [0.5, 1.25, 1.25],
			"scale": [0.25, 0.25, 0.25]
		},
		"ground": {
			"translation": [0, 3, 0],
			"scale": [0.28, 0.28, 0.28]
		},
		"gui": {
			"rotation": [26, 150, 0],
			"translation": [-0.75, -2.25, 0],
			"scale": [0.5, 0.5, 0.5]
		},
		"head": {
			"translation": [0, 12.75, -1],
			"scale": [0.79, 0.79, 0.79]
		},
		"fixed": {
			"rotation": [-90, 0, 0],
			"translation": [0, 0, -16],
			"scale": [2, 2, 2]
		}
	}
}