{"textures":{"0":"modelengine:entity/evilwolf"},"elements":[{"from":[7.2,5.1375685,5.85098],"to":[8.314285,8.823282,7.136694],"rotation":{"angle":22.5,"axis":"x","origin":[7.9714284,4.3661394,6.793837]},"faces":{"east":{"uv":[1.5,5.0,1.0,6.0],"rotation":0,"texture":"#0","tintindex":0},"south":{"uv":[2.0,5.0,1.5,6.0],"rotation":0,"texture":"#0","tintindex":0},"north":{"uv":[1.0,5.0,0.5,6.0],"rotation":0,"texture":"#0","tintindex":0},"west":{"uv":[0.5,5.0,0.0,6.0],"rotation":0,"texture":"#0","tintindex":0},"up":{"uv":[1.0,4.5,0.5,5.0],"rotation":0,"texture":"#0","tintindex":0},"down":{"uv":[1.5,4.5,1.0,5.0],"rotation":0,"texture":"#0","tintindex":0}}},{"from":[6.942857,2.9798727,5.2351737],"to":[8.571428,3.8370156,6.435174],"rotation":{"angle":0.0,"axis":"y","origin":[7.8,5.5513015,6.7780313]},"faces":{"east":{"uv":[1.25,6.25,0.25,7.0],"rotation":0,"texture":"#0","tintindex":0},"south":{"uv":[1.25,6.25,0.25,7.0],"rotation":0,"texture":"#0","tintindex":0},"north":{"uv":[1.25,6.25,0.25,7.0],"rotation":0,"texture":"#0","tintindex":0},"west":{"uv":[1.25,6.25,0.25,7.0],"rotation":0,"texture":"#0","tintindex":0},"up":{"uv":[1.25,6.25,0.25,7.0],"rotation":0,"texture":"#0","tintindex":0},"down":{"uv":[1.25,6.25,0.25,7.0],"rotation":0,"texture":"#0","tintindex":0}}},{"from":[7.3714285,2.9798727,4.292317],"to":[7.6285715,3.32273,5.14946],"rotation":{"angle":0.0,"axis":"y","origin":[7.8428574,3.2798734,5.0637455]},"faces":{"east":{"uv":[1.5,3.25,1.25,4.0],"rotation":0,"texture":"#0","tintindex":0},"south":{"uv":[1.5,3.25,1.25,4.0],"rotation":0,"texture":"#0","tintindex":0},"north":{"uv":[1.5,3.25,1.25,4.0],"rotation":0,"texture":"#0","tintindex":0},"west":{"uv":[1.5,3.25,1.25,4.0],"rotation":0,"texture":"#0","tintindex":0},"up":{"uv":[1.5,3.25,1.25,4.0],"rotation":0,"texture":"#0","tintindex":0},"down":{"uv":[1.5,3.25,1.25,4.0],"rotation":0,"texture":"#0","tintindex":0}}},{"from":[6.857143,2.9798727,4.5494595],"to":[7.1142855,3.32273,5.4066024],"rotation":{"angle":0.0,"axis":"y","origin":[7.3285713,3.2798734,5.320888]},"faces":{"east":{"uv":[1.5,3.25,1.25,4.0],"rotation":0,"texture":"#0","tintindex":0},"south":{"uv":[1.5,3.25,1.25,4.0],"rotation":0,"texture":"#0","tintindex":0},"north":{"uv":[1.5,3.25,1.25,4.0],"rotation":0,"texture":"#0","tintindex":0},"west":{"uv":[1.5,3.25,1.25,4.0],"rotation":0,"texture":"#0","tintindex":0},"up":{"uv":[1.5,3.25,1.25,4.0],"rotation":0,"texture":"#0","tintindex":0},"down":{"uv":[1.5,3.25,1.25,4.0],"rotation":0,"texture":"#0","tintindex":0}}},{"from":[7.885714,2.9798727,4.120888],"to":[8.142858,3.32273,4.978031],"rotation":{"angle":0.0,"axis":"y","origin":[8.357142,3.2798734,4.892317]},"faces":{"east":{"uv":[1.5,3.25,1.25,4.0],"rotation":0,"texture":"#0","tintindex":0},"south":{"uv":[1.5,3.25,1.25,4.0],"rotation":0,"texture":"#0","tintindex":0},"north":{"uv":[1.5,3.25,1.25,4.0],"rotation":0,"texture":"#0","tintindex":0},"west":{"uv":[1.5,3.25,1.25,4.0],"rotation":0,"texture":"#0","tintindex":0},"up":{"uv":[1.5,3.25,1.25,4.0],"rotation":0,"texture":"#0","tintindex":0},"down":{"uv":[1.5,3.25,1.25,4.0],"rotation":0,"texture":"#0","tintindex":0}}},{"from":[8.4,2.9798727,4.463745],"to":[8.657143,3.32273,5.320888],"rotation":{"angle":0.0,"axis":"y","origin":[8.8714285,3.2798734,5.2351737]},"faces":{"east":{"uv":[1.5,3.25,1.25,4.0],"rotation":0,"texture":"#0","tintindex":0},"south":{"uv":[1.5,3.25,1.25,4.0],"rotation":0,"texture":"#0","tintindex":0},"north":{"uv":[1.5,3.25,1.25,4.0],"rotation":0,"texture":"#0","tintindex":0},"west":{"uv":[1.5,3.25,1.25,4.0],"rotation":0,"texture":"#0","tintindex":0},"up":{"uv":[1.5,3.25,1.25,4.0],"rotation":0,"texture":"#0","tintindex":0},"down":{"uv":[1.5,3.25,1.25,4.0],"rotation":0,"texture":"#0","tintindex":0}}},{"from":[7.285714,2.7227302,4.720888],"to":[7.714286,3.579873,5.4923167],"rotation":{"angle":22.5,"axis":"x","origin":[7.5857143,3.2798734,5.8351736]},"faces":{"east":{"uv":[7.25,5.25,6.25,6.25],"rotation":0,"texture":"#0","tintindex":0},"south":{"uv":[1.0,6.0,0.5,7.0],"rotation":0,"texture":"#0","tintindex":0},"north":{"uv":[1.0,6.0,0.5,7.0],"rotation":0,"texture":"#0","tintindex":0},"west":{"uv":[7.25,5.25,6.25,6.25],"rotation":0,"texture":"#0","tintindex":0},"up":{"uv":[1.0,6.0,0.5,7.0],"rotation":0,"texture":"#0","tintindex":0},"down":{"uv":[1.0,6.0,0.5,7.0],"rotation":0,"texture":"#0","tintindex":0}}},{"from":[6.7714286,2.7227302,4.892317],"to":[7.2,3.579873,5.663745],"rotation":{"angle":22.5,"axis":"x","origin":[7.0714283,3.2798734,6.0066023]},"faces":{"east":{"uv":[7.25,5.25,6.25,6.25],"rotation":0,"texture":"#0","tintindex":0},"south":{"uv":[1.0,6.0,0.5,7.0],"rotation":0,"texture":"#0","tintindex":0},"north":{"uv":[1.0,6.0,0.5,7.0],"rotation":0,"texture":"#0","tintindex":0},"west":{"uv":[7.25,5.25,6.25,6.25],"rotation":0,"texture":"#0","tintindex":0},"up":{"uv":[1.0,6.0,0.5,7.0],"rotation":0,"texture":"#0","tintindex":0},"down":{"uv":[1.0,6.0,0.5,7.0],"rotation":0,"texture":"#0","tintindex":0}}},{"from":[7.8,2.7227302,4.463745],"to":[8.228572,3.7513018,5.320888],"rotation":{"angle":22.5,"axis":"x","origin":[8.1,3.4513016,5.578031]},"faces":{"east":{"uv":[7.25,5.25,6.25,6.25],"rotation":0,"texture":"#0","tintindex":0},"south":{"uv":[1.0,6.0,0.5,7.0],"rotation":0,"texture":"#0","tintindex":0},"north":{"uv":[1.0,6.0,0.5,7.0],"rotation":0,"texture":"#0","tintindex":0},"west":{"uv":[7.25,5.25,6.25,6.25],"rotation":0,"texture":"#0","tintindex":0},"up":{"uv":[1.0,6.0,0.5,7.0],"rotation":0,"texture":"#0","tintindex":0},"down":{"uv":[1.0,6.0,0.5,7.0],"rotation":0,"texture":"#0","tintindex":0}}},{"from":[8.314285,2.7227302,4.892317],"to":[8.742857,3.579873,5.663745],"rotation":{"angle":22.5,"axis":"x","origin":[8.614285,3.2798734,6.0066023]},"faces":{"east":{"uv":[7.25,5.25,6.25,6.25],"rotation":0,"texture":"#0","tintindex":0},"south":{"uv":[1.0,6.0,0.5,7.0],"rotation":0,"texture":"#0","tintindex":0},"north":{"uv":[1.0,6.0,0.5,7.0],"rotation":0,"texture":"#0","tintindex":0},"west":{"uv":[7.25,5.25,6.25,6.25],"rotation":0,"texture":"#0","tintindex":0},"up":{"uv":[1.0,6.0,0.5,7.0],"rotation":0,"texture":"#0","tintindex":0},"down":{"uv":[1.0,6.0,0.5,7.0],"rotation":0,"texture":"#0","tintindex":0}}},{"from":[7.285714,2.994711,6.0224085],"to":[8.228572,5.223283,6.9652653],"rotation":{"angle":22.5,"axis":"x","origin":[7.9714284,4.3661394,6.793837]},"faces":{"east":{"uv":[1.5,5.75,1.0,7.0],"rotation":0,"texture":"#0","tintindex":0},"south":{"uv":[2.0,5.75,1.5,7.0],"rotation":0,"texture":"#0","tintindex":0},"north":{"uv":[1.0,5.75,0.5,7.0],"rotation":0,"texture":"#0","tintindex":0},"west":{"uv":[0.5,5.75,0.0,7.0],"rotation":0,"texture":"#0","tintindex":0},"up":{"uv":[1.0,4.5,0.5,5.0],"rotation":0,"texture":"#0","tintindex":0},"down":{"uv":[1.5,4.5,1.0,5.0],"rotation":0,"texture":"#0","tintindex":0}}}],"display":{"head":{"translation":[0.0,-6.4,0.0],"scale":[4.0,4.0,4.0]}}}