{"textures":{"0":"modelengine:entity/evilwolf"},"elements":[{"from":[7.285714,6.6434093,8.044377],"to":[8.657143,9.300552,9.330091],"rotation":{"angle":-45.0,"axis":"x","origin":[8.142858,7.9291234,9.158663]},"faces":{"east":{"uv":[0.0,5.0,0.5,6.0],"rotation":0,"texture":"#0","tintindex":0},"south":{"uv":[1.5,5.0,2.0,6.0],"rotation":0,"texture":"#0","tintindex":0},"north":{"uv":[0.5,5.0,1.0,6.0],"rotation":0,"texture":"#0","tintindex":0},"west":{"uv":[1.0,5.0,1.5,6.0],"rotation":0,"texture":"#0","tintindex":0},"up":{"uv":[0.5,4.5,1.0,5.0],"rotation":0,"texture":"#0","tintindex":0},"down":{"uv":[1.0,4.5,1.5,5.0],"rotation":0,"texture":"#0","tintindex":0}}},{"from":[7.457143,4.485714,8.457143],"to":[8.485714,7.3142858,9.571428],"rotation":{"angle":22.5,"axis":"x","origin":[7.9714284,6.457143,8.3714285]},"faces":{"east":{"uv":[0.0,5.75,0.5,7.0],"rotation":0,"texture":"#0","tintindex":0},"south":{"uv":[1.5,5.75,2.0,7.0],"rotation":0,"texture":"#0","tintindex":0},"north":{"uv":[0.5,5.75,1.0,7.0],"rotation":0,"texture":"#0","tintindex":0},"west":{"uv":[1.0,5.75,1.5,7.0],"rotation":0,"texture":"#0","tintindex":0},"up":{"uv":[0.5,4.5,1.0,5.0],"rotation":0,"texture":"#0","tintindex":0},"down":{"uv":[1.0,4.5,1.5,5.0],"rotation":0,"texture":"#0","tintindex":0}}},{"from":[7.028571,3.628571,7.1714287],"to":[7.457143,4.485714,7.9428573],"rotation":{"angle":22.5,"axis":"x","origin":[7.1571426,4.185714,8.285714]},"faces":{"east":{"uv":[6.25,5.25,7.25,6.25],"rotation":0,"texture":"#0","tintindex":0},"south":{"uv":[0.5,6.0,1.0,7.0],"rotation":0,"texture":"#0","tintindex":0},"north":{"uv":[0.5,6.0,1.0,7.0],"rotation":0,"texture":"#0","tintindex":0},"west":{"uv":[6.25,5.25,7.25,6.25],"rotation":0,"texture":"#0","tintindex":0},"up":{"uv":[0.5,6.0,1.0,7.0],"rotation":0,"texture":"#0","tintindex":0},"down":{"uv":[0.5,6.0,1.0,7.0],"rotation":0,"texture":"#0","tintindex":0}}},{"from":[7.2,3.885714,7.5142856],"to":[8.828571,4.742857,8.714286],"rotation":{"angle":0.0,"axis":"y","origin":[7.9714284,6.457143,9.057143]},"faces":{"east":{"uv":[0.25,6.25,1.25,7.0],"rotation":0,"texture":"#0","tintindex":0},"south":{"uv":[0.25,6.25,1.25,7.0],"rotation":0,"texture":"#0","tintindex":0},"north":{"uv":[0.25,6.25,1.25,7.0],"rotation":0,"texture":"#0","tintindex":0},"west":{"uv":[0.25,6.25,1.25,7.0],"rotation":0,"texture":"#0","tintindex":0},"up":{"uv":[0.25,6.25,1.25,7.0],"rotation":0,"texture":"#0","tintindex":0},"down":{"uv":[0.25,6.25,1.25,7.0],"rotation":0,"texture":"#0","tintindex":0}}},{"from":[8.142858,3.885714,6.5714283],"to":[8.4,4.2285714,7.428571],"rotation":{"angle":0.0,"axis":"y","origin":[7.928571,4.185714,7.3428574]},"faces":{"east":{"uv":[1.25,3.25,1.5,4.0],"rotation":0,"texture":"#0","tintindex":0},"south":{"uv":[1.25,3.25,1.5,4.0],"rotation":0,"texture":"#0","tintindex":0},"north":{"uv":[1.25,3.25,1.5,4.0],"rotation":0,"texture":"#0","tintindex":0},"west":{"uv":[1.25,3.25,1.5,4.0],"rotation":0,"texture":"#0","tintindex":0},"up":{"uv":[1.25,3.25,1.5,4.0],"rotation":0,"texture":"#0","tintindex":0},"down":{"uv":[1.25,3.25,1.5,4.0],"rotation":0,"texture":"#0","tintindex":0}}},{"from":[8.657143,3.885714,6.8285713],"to":[8.914286,4.2285714,7.6857142],"rotation":{"angle":0.0,"axis":"y","origin":[8.442857,4.185714,7.6]},"faces":{"east":{"uv":[1.25,3.25,1.5,4.0],"rotation":0,"texture":"#0","tintindex":0},"south":{"uv":[1.25,3.25,1.5,4.0],"rotation":0,"texture":"#0","tintindex":0},"north":{"uv":[1.25,3.25,1.5,4.0],"rotation":0,"texture":"#0","tintindex":0},"west":{"uv":[1.25,3.25,1.5,4.0],"rotation":0,"texture":"#0","tintindex":0},"up":{"uv":[1.25,3.25,1.5,4.0],"rotation":0,"texture":"#0","tintindex":0},"down":{"uv":[1.25,3.25,1.5,4.0],"rotation":0,"texture":"#0","tintindex":0}}},{"from":[7.6285715,3.885714,6.4],"to":[7.885714,4.2285714,7.257143],"rotation":{"angle":0.0,"axis":"y","origin":[7.4142857,4.185714,7.1714287]},"faces":{"east":{"uv":[1.25,3.25,1.5,4.0],"rotation":0,"texture":"#0","tintindex":0},"south":{"uv":[1.25,3.25,1.5,4.0],"rotation":0,"texture":"#0","tintindex":0},"north":{"uv":[1.25,3.25,1.5,4.0],"rotation":0,"texture":"#0","tintindex":0},"west":{"uv":[1.25,3.25,1.5,4.0],"rotation":0,"texture":"#0","tintindex":0},"up":{"uv":[1.25,3.25,1.5,4.0],"rotation":0,"texture":"#0","tintindex":0},"down":{"uv":[1.25,3.25,1.5,4.0],"rotation":0,"texture":"#0","tintindex":0}}},{"from":[7.1142855,3.885714,6.742857],"to":[7.3714285,4.2285714,7.6],"rotation":{"angle":0.0,"axis":"y","origin":[6.9,4.185714,7.5142856]},"faces":{"east":{"uv":[1.25,3.25,1.5,4.0],"rotation":0,"texture":"#0","tintindex":0},"south":{"uv":[1.25,3.25,1.5,4.0],"rotation":0,"texture":"#0","tintindex":0},"north":{"uv":[1.25,3.25,1.5,4.0],"rotation":0,"texture":"#0","tintindex":0},"west":{"uv":[1.25,3.25,1.5,4.0],"rotation":0,"texture":"#0","tintindex":0},"up":{"uv":[1.25,3.25,1.5,4.0],"rotation":0,"texture":"#0","tintindex":0},"down":{"uv":[1.25,3.25,1.5,4.0],"rotation":0,"texture":"#0","tintindex":0}}},{"from":[8.057143,3.628571,7.0],"to":[8.485714,4.485714,7.7714286],"rotation":{"angle":22.5,"axis":"x","origin":[8.185715,4.185714,8.114285]},"faces":{"east":{"uv":[6.25,5.25,7.25,6.25],"rotation":0,"texture":"#0","tintindex":0},"south":{"uv":[0.5,6.0,1.0,7.0],"rotation":0,"texture":"#0","tintindex":0},"north":{"uv":[0.5,6.0,1.0,7.0],"rotation":0,"texture":"#0","tintindex":0},"west":{"uv":[6.25,5.25,7.25,6.25],"rotation":0,"texture":"#0","tintindex":0},"up":{"uv":[0.5,6.0,1.0,7.0],"rotation":0,"texture":"#0","tintindex":0},"down":{"uv":[0.5,6.0,1.0,7.0],"rotation":0,"texture":"#0","tintindex":0}}},{"from":[8.571428,3.628571,7.1714287],"to":[9.0,4.485714,7.9428573],"rotation":{"angle":22.5,"axis":"x","origin":[8.7,4.185714,8.285714]},"faces":{"east":{"uv":[6.25,5.25,7.25,6.25],"rotation":0,"texture":"#0","tintindex":0},"south":{"uv":[0.5,6.0,1.0,7.0],"rotation":0,"texture":"#0","tintindex":0},"north":{"uv":[0.5,6.0,1.0,7.0],"rotation":0,"texture":"#0","tintindex":0},"west":{"uv":[6.25,5.25,7.25,6.25],"rotation":0,"texture":"#0","tintindex":0},"up":{"uv":[0.5,6.0,1.0,7.0],"rotation":0,"texture":"#0","tintindex":0},"down":{"uv":[0.5,6.0,1.0,7.0],"rotation":0,"texture":"#0","tintindex":0}}},{"from":[7.542857,3.628571,6.742857],"to":[7.9714284,4.6571426,7.6],"rotation":{"angle":22.5,"axis":"x","origin":[7.6714287,4.3571424,7.857143]},"faces":{"east":{"uv":[6.25,5.25,7.25,6.25],"rotation":0,"texture":"#0","tintindex":0},"south":{"uv":[0.5,6.0,1.0,7.0],"rotation":0,"texture":"#0","tintindex":0},"north":{"uv":[0.5,6.0,1.0,7.0],"rotation":0,"texture":"#0","tintindex":0},"west":{"uv":[6.25,5.25,7.25,6.25],"rotation":0,"texture":"#0","tintindex":0},"up":{"uv":[0.5,6.0,1.0,7.0],"rotation":0,"texture":"#0","tintindex":0},"down":{"uv":[0.5,6.0,1.0,7.0],"rotation":0,"texture":"#0","tintindex":0}}}],"display":{"head":{"translation":[0.0,-6.4,0.0],"scale":[4.0,4.0,4.0]}}}