{"textures":{"0":"modelengine:entity/darkbrownwolf"},"elements":[{"from":[6.6,5.1778784,7.8171134],"to":[8.142858,8.60645,9.874256],"rotation":{"angle":-22.5,"axis":"x","origin":[7.2,3.9778786,10.2171135]},"faces":{"east":{"uv":[6.0,3.5,7.0,4.75],"rotation":0,"texture":"#0","tintindex":0},"south":{"uv":[6.0,3.5,6.75,4.75],"rotation":0,"texture":"#0","tintindex":0},"north":{"uv":[6.0,3.5,6.75,4.75],"rotation":0,"texture":"#0","tintindex":0},"west":{"uv":[6.0,3.5,7.0,4.75],"rotation":0,"texture":"#0","tintindex":0},"up":{"uv":[9.5,7.5,10.5,8.5],"rotation":0,"texture":"#0","tintindex":0},"down":{"uv":[6.25,3.5,7.25,5.0],"rotation":0,"texture":"#0","tintindex":0}}},{"from":[6.5142856,6.835465,6.396689],"to":[8.742857,9.149751,9.225261],"rotation":{"angle":22.5,"axis":"x","origin":[6.6857142,7.521179,7.4681177]},"faces":{"east":{"uv":[7.25,3.5,6.0,4.75],"rotation":0,"texture":"#0","tintindex":0},"south":{"uv":[7.0,3.5,6.0,5.0],"rotation":0,"texture":"#0","tintindex":0},"north":{"uv":[7.0,3.5,6.0,5.0],"rotation":0,"texture":"#0","tintindex":0},"west":{"uv":[7.25,3.5,6.0,4.75],"rotation":0,"texture":"#0","tintindex":0},"up":{"uv":[10.5,7.5,9.5,8.5],"rotation":0,"texture":"#0","tintindex":0},"down":{"uv":[7.25,3.5,6.25,5.0],"rotation":0,"texture":"#0","tintindex":0}}}],"display":{"head":{"translation":[0.0,-6.4,0.0],"scale":[4.0,4.0,4.0]}}}