{"textures":{"0":"modelengine:entity/darkbrownwolf"},"elements":[{"from":[6.5681143,3.7356663,7.1365137],"to":[9.094972,8.668066,9.729371],"rotation":{"angle":0.0,"axis":"y","origin":[9.600343,-2.4728727,-0.29649925]},"faces":{"east":{"uv":[2.5,5.0,3.5,7.0],"rotation":0,"texture":"#0","tintindex":0},"south":{"uv":[2.5,5.0,3.5,7.0],"rotation":0,"texture":"#0","tintindex":0},"north":{"uv":[2.5,5.0,3.5,7.0],"rotation":0,"texture":"#0","tintindex":0},"west":{"uv":[2.5,5.0,3.5,7.0],"rotation":0,"texture":"#0","tintindex":0},"up":{"uv":[2.75,4.5,3.25,5.0],"rotation":0,"texture":"#0","tintindex":0},"down":{"uv":[3.25,4.5,3.75,5.0],"rotation":0,"texture":"#0","tintindex":0}}},{"from":[6.8208,0.96631813,6.944684],"to":[8.842286,5.145061,9.098169],"rotation":{"angle":-22.5,"axis":"x","origin":[8.5896,5.5203333,8.411409]},"faces":{"east":{"uv":[2.5,5.0,3.5,7.0],"rotation":0,"texture":"#0","tintindex":0},"south":{"uv":[2.5,5.0,3.5,7.0],"rotation":0,"texture":"#0","tintindex":0},"north":{"uv":[2.5,5.0,3.5,7.0],"rotation":0,"texture":"#0","tintindex":0},"west":{"uv":[2.5,5.0,3.5,7.0],"rotation":0,"texture":"#0","tintindex":0},"up":{"uv":[2.75,4.5,3.25,5.0],"rotation":0,"texture":"#0","tintindex":0},"down":{"uv":[3.25,4.5,3.75,5.0],"rotation":0,"texture":"#0","tintindex":0}}},{"from":[6.946514,0.3377471,7.5732555],"to":[8.653714,4.8307753,9.53817],"rotation":{"angle":-22.5,"axis":"x","origin":[8.5896,5.5203333,8.411409]},"faces":{"east":{"uv":[2.5,5.0,3.5,7.0],"rotation":0,"texture":"#0","tintindex":0},"south":{"uv":[2.5,5.0,3.5,7.0],"rotation":0,"texture":"#0","tintindex":0},"north":{"uv":[2.5,5.0,3.5,7.0],"rotation":0,"texture":"#0","tintindex":0},"west":{"uv":[2.5,5.0,3.5,7.0],"rotation":0,"texture":"#0","tintindex":0},"up":{"uv":[2.75,4.5,3.25,5.0],"rotation":0,"texture":"#0","tintindex":0},"down":{"uv":[3.25,4.5,3.75,5.0],"rotation":0,"texture":"#0","tintindex":0}}}],"display":{"head":{"translation":[0.0,-6.4,0.0],"scale":[4.0,4.0,4.0]}}}