{"textures":{"0":"modelengine:entity/spectralwolf"},"elements":[{"from":[5.9997554,7.160337,5.408782],"to":[9.811622,9.952471,7.4369626],"rotation":{"angle":-22.5,"axis":"x","origin":[7.905689,8.512432,6.809701]},"faces":{"east":{"uv":[4.25,7.5,5.75,9.0],"rotation":0,"texture":"#0","tintindex":0},"south":{"uv":[7.0,3.5,7.75,5.0],"rotation":0,"texture":"#0","tintindex":0},"north":{"uv":[7.0,3.5,7.75,5.0],"rotation":0,"texture":"#0","tintindex":0},"west":{"uv":[9.0,7.5,10.5,9.0],"rotation":0,"texture":"#0","tintindex":0},"up":{"uv":[7.0,3.5,7.75,5.0],"rotation":0,"texture":"#0","tintindex":0},"down":{"uv":[7.0,3.5,7.75,5.0],"rotation":0,"texture":"#0","tintindex":0}}},{"from":[8.630443,7.976693,5.244364],"to":[9.564995,8.637127,7.958259],"rotation":{"angle":0.0,"axis":"y","origin":[7.905689,8.512432,6.809701]},"faces":{"east":{"uv":[3.75,2.75,4.5,3.5],"rotation":0,"texture":"#0","tintindex":0},"south":{"uv":[3.75,2.75,4.5,3.5],"rotation":0,"texture":"#0","tintindex":0},"north":{"uv":[3.0,2.75,3.75,3.5],"rotation":0,"texture":"#0","tintindex":0},"west":{"uv":[3.75,2.75,4.5,3.5],"rotation":0,"texture":"#0","tintindex":0},"up":{"uv":[3.75,2.75,4.5,3.5],"rotation":0,"texture":"#0","tintindex":0},"down":{"uv":[3.75,2.75,4.5,3.5],"rotation":0,"texture":"#0","tintindex":0}}},{"from":[6.3228574,7.976693,5.244364],"to":[7.345352,8.637127,7.958259],"rotation":{"angle":0.0,"axis":"y","origin":[7.905689,8.512432,6.809701]},"faces":{"east":{"uv":[3.75,2.75,4.5,3.5],"rotation":0,"texture":"#0","tintindex":0},"south":{"uv":[3.75,2.75,4.5,3.5],"rotation":0,"texture":"#0","tintindex":0},"north":{"uv":[3.0,2.75,3.75,3.5],"rotation":0,"texture":"#0","tintindex":0},"west":{"uv":[3.75,2.75,4.5,3.5],"rotation":0,"texture":"#0","tintindex":0},"up":{"uv":[3.75,2.75,4.5,3.5],"rotation":0,"texture":"#0","tintindex":0},"down":{"uv":[3.75,2.75,4.5,3.5],"rotation":0,"texture":"#0","tintindex":0}}},{"from":[8.6981535,9.706,6.0841136],"to":[10.369276,10.862837,7.1248226],"rotation":{"angle":-22.5,"axis":"z","origin":[7.540918,10.634607,6.3258677]},"faces":{"east":{"uv":[7.0,3.5,7.75,5.0],"rotation":0,"texture":"#0","tintindex":0},"south":{"uv":[6.5,3.5,7.75,5.0],"rotation":0,"texture":"#0","tintindex":0},"north":{"uv":[1.25,0.0,2.25,1.5],"rotation":0,"texture":"#0","tintindex":0},"west":{"uv":[7.0,3.5,7.75,5.0],"rotation":0,"texture":"#0","tintindex":0},"up":{"uv":[7.0,3.5,7.75,5.0],"rotation":0,"texture":"#0","tintindex":0},"down":{"uv":[7.0,3.5,7.75,5.0],"rotation":0,"texture":"#0","tintindex":0}}},{"from":[5.459296,9.706,6.0841136],"to":[7.130418,10.862837,7.1248226],"rotation":{"angle":22.5,"axis":"z","origin":[8.287654,10.634607,6.3258677]},"faces":{"east":{"uv":[7.75,3.5,7.0,5.0],"rotation":0,"texture":"#0","tintindex":0},"south":{"uv":[7.75,3.5,6.5,5.0],"rotation":0,"texture":"#0","tintindex":0},"north":{"uv":[2.25,0.0,1.25,1.5],"rotation":0,"texture":"#0","tintindex":0},"west":{"uv":[7.75,3.5,7.0,5.0],"rotation":0,"texture":"#0","tintindex":0},"up":{"uv":[7.75,3.5,7.0,5.0],"rotation":0,"texture":"#0","tintindex":0},"down":{"uv":[7.75,3.5,7.0,5.0],"rotation":0,"texture":"#0","tintindex":0}}},{"from":[9.417714,8.809313,6.0342855],"to":[10.69037,9.728665,6.667994],"rotation":{"angle":45.0,"axis":"z","origin":[8.283775,9.148893,6.440153]},"faces":{"east":{"uv":[7.0,3.5,7.75,5.0],"rotation":0,"texture":"#0","tintindex":0},"south":{"uv":[6.5,3.5,7.75,4.25],"rotation":0,"texture":"#0","tintindex":0},"north":{"uv":[1.25,1.5,2.25,1.0],"rotation":0,"texture":"#0","tintindex":0},"west":{"uv":[7.0,3.5,7.75,5.0],"rotation":0,"texture":"#0","tintindex":0},"up":{"uv":[7.0,3.5,7.75,5.0],"rotation":0,"texture":"#0","tintindex":0},"down":{"uv":[7.0,3.5,7.75,5.0],"rotation":0,"texture":"#0","tintindex":0}}},{"from":[5.138202,8.809313,6.0914288],"to":[6.410857,9.728665,6.725137],"rotation":{"angle":-45.0,"axis":"z","origin":[7.5447965,9.148893,6.497296]},"faces":{"east":{"uv":[7.75,3.5,7.0,5.0],"rotation":0,"texture":"#0","tintindex":0},"south":{"uv":[7.75,3.5,6.5,4.25],"rotation":0,"texture":"#0","tintindex":0},"north":{"uv":[1.25,1.5,2.25,1.0],"rotation":0,"texture":"#0","tintindex":0},"west":{"uv":[7.75,3.5,7.0,5.0],"rotation":0,"texture":"#0","tintindex":0},"up":{"uv":[7.75,3.5,7.0,5.0],"rotation":0,"texture":"#0","tintindex":0},"down":{"uv":[7.75,3.5,7.0,5.0],"rotation":0,"texture":"#0","tintindex":0}}},{"from":[8.960571,9.780742,6.100896],"to":[10.233227,10.585808,6.7344584],"rotation":{"angle":0.0,"axis":"y","origin":[8.283775,9.148893,6.497296]},"faces":{"east":{"uv":[7.0,3.5,7.75,5.0],"rotation":0,"texture":"#0","tintindex":0},"south":{"uv":[6.5,3.5,7.75,4.25],"rotation":0,"texture":"#0","tintindex":0},"north":{"uv":[1.25,0.0,2.25,0.5],"rotation":0,"texture":"#0","tintindex":0},"west":{"uv":[7.0,3.5,7.75,5.0],"rotation":0,"texture":"#0","tintindex":0},"up":{"uv":[7.0,3.5,7.75,5.0],"rotation":0,"texture":"#0","tintindex":0},"down":{"uv":[7.0,3.5,7.75,5.0],"rotation":0,"texture":"#0","tintindex":0}}},{"from":[5.595345,9.780742,6.100896],"to":[6.868,10.585808,6.7344584],"rotation":{"angle":0.0,"axis":"y","origin":[7.5447965,9.148893,6.497296]},"faces":{"east":{"uv":[7.75,3.5,7.0,5.0],"rotation":0,"texture":"#0","tintindex":0},"south":{"uv":[7.75,3.5,6.5,4.25],"rotation":0,"texture":"#0","tintindex":0},"north":{"uv":[2.25,0.0,1.25,0.5],"rotation":0,"texture":"#0","tintindex":0},"west":{"uv":[7.75,3.5,7.0,5.0],"rotation":0,"texture":"#0","tintindex":0},"up":{"uv":[7.75,3.5,7.0,5.0],"rotation":0,"texture":"#0","tintindex":0},"down":{"uv":[7.75,3.5,7.0,5.0],"rotation":0,"texture":"#0","tintindex":0}}},{"from":[7.1293163,6.3269625,3.3502336],"to":[8.789877,7.602583,5.976186],"rotation":{"angle":0.0,"axis":"y","origin":[7.902454,6.793344,4.2377176]},"faces":{"east":{"uv":[4.5,8.0,6.25,9.0],"rotation":0,"texture":"#0","tintindex":0},"south":{"uv":[7.0,3.5,7.75,5.0],"rotation":0,"texture":"#0","tintindex":0},"north":{"uv":[1.0,2.75,1.75,3.75],"rotation":0,"texture":"#0","tintindex":0},"west":{"uv":[8.5,8.0,10.25,9.0],"rotation":0,"texture":"#0","tintindex":0},"up":{"uv":[2.0,2.25,2.75,0.75],"rotation":0,"texture":"#0","tintindex":0},"down":{"uv":[6.25,5.0,7.0,6.5],"rotation":0,"texture":"#0","tintindex":0}}},{"from":[7.903906,6.416182,3.4965959],"to":[9.124321,7.8562207,6.210491],"rotation":{"angle":22.5,"axis":"y","origin":[7.9261174,7.0219154,4.2377176]},"faces":{"east":{"uv":[10.25,8.0,8.5,9.0],"rotation":0,"texture":"#0","tintindex":0},"south":{"uv":[7.75,3.5,7.0,5.0],"rotation":0,"texture":"#0","tintindex":0},"north":{"uv":[2.25,2.75,1.5,3.75],"rotation":0,"texture":"#0","tintindex":0},"west":{"uv":[6.25,8.0,4.5,9.0],"rotation":0,"texture":"#0","tintindex":0},"up":{"uv":[2.75,2.25,2.0,0.75],"rotation":0,"texture":"#0","tintindex":0},"down":{"uv":[7.0,5.0,6.25,6.5],"rotation":0,"texture":"#0","tintindex":0}}},{"from":[6.818536,6.416182,3.4394531],"to":[8.038951,7.8562207,6.1533484],"rotation":{"angle":-22.5,"axis":"y","origin":[7.902454,7.0219154,4.2377176]},"faces":{"east":{"uv":[4.5,8.0,6.25,9.0],"rotation":0,"texture":"#0","tintindex":0},"south":{"uv":[7.0,3.5,7.75,5.0],"rotation":0,"texture":"#0","tintindex":0},"north":{"uv":[1.5,2.75,2.25,3.75],"rotation":0,"texture":"#0","tintindex":0},"west":{"uv":[8.5,8.0,10.25,9.0],"rotation":0,"texture":"#0","tintindex":0},"up":{"uv":[2.0,2.25,2.75,0.75],"rotation":0,"texture":"#0","tintindex":0},"down":{"uv":[6.25,5.0,7.0,6.5],"rotation":0,"texture":"#0","tintindex":0}}},{"from":[5.838954,6.265795,5.556278],"to":[7.681005,7.9672174,8.598945],"rotation":{"angle":-22.5,"axis":"z","origin":[6.645694,7.3450775,5.6776114]},"faces":{"east":{"uv":[7.75,3.5,7.0,5.0],"rotation":0,"texture":"#0","tintindex":0},"south":{"uv":[7.75,3.5,7.0,5.0],"rotation":0,"texture":"#0","tintindex":0},"north":{"uv":[7.75,3.5,7.0,5.0],"rotation":0,"texture":"#0","tintindex":0},"west":{"uv":[6.5,8.25,4.25,9.0],"rotation":0,"texture":"#0","tintindex":0},"up":{"uv":[1.0,7.0,0.25,5.0],"rotation":0,"texture":"#0","tintindex":0},"down":{"uv":[1.0,5.0,0.25,7.0],"rotation":0,"texture":"#0","tintindex":0}}},{"from":[8.090424,6.265795,5.556278],"to":[9.932474,7.9672174,8.598945],"rotation":{"angle":22.5,"axis":"z","origin":[9.182878,7.3450775,5.6776114]},"faces":{"east":{"uv":[4.25,8.25,6.5,9.0],"rotation":0,"texture":"#0","tintindex":0},"south":{"uv":[7.0,3.5,7.75,5.0],"rotation":0,"texture":"#0","tintindex":0},"north":{"uv":[7.0,3.5,7.75,5.0],"rotation":0,"texture":"#0","tintindex":0},"west":{"uv":[7.0,3.5,7.75,5.0],"rotation":0,"texture":"#0","tintindex":0},"up":{"uv":[0.25,7.0,1.0,5.0],"rotation":0,"texture":"#0","tintindex":0},"down":{"uv":[0.25,5.0,1.0,7.0],"rotation":0,"texture":"#0","tintindex":0}}},{"from":[7.355086,7.089336,3.0349417],"to":[8.625708,8.2752495,5.918253],"rotation":{"angle":-22.5,"axis":"x","origin":[7.9903965,7.4873238,4.097028]},"faces":{"east":{"uv":[7.0,3.5,7.75,5.0],"rotation":0,"texture":"#0","tintindex":0},"south":{"uv":[7.0,3.5,7.75,5.0],"rotation":0,"texture":"#0","tintindex":0},"north":{"uv":[7.0,3.5,7.75,5.0],"rotation":0,"texture":"#0","tintindex":0},"west":{"uv":[7.0,3.5,7.75,5.0],"rotation":0,"texture":"#0","tintindex":0},"up":{"uv":[7.0,3.5,7.75,5.0],"rotation":0,"texture":"#0","tintindex":0},"down":{"uv":[7.0,3.5,7.75,5.0],"rotation":0,"texture":"#0","tintindex":0}}},{"from":[7.2728767,6.538939,2.5988302],"to":[8.707917,7.231599,3.2624993],"rotation":{"angle":22.5,"axis":"x","origin":[7.9903965,7.201609,4.154171]},"faces":{"east":{"uv":[1.0,3.75,1.75,4.0],"rotation":0,"texture":"#0","tintindex":0},"south":{"uv":[1.0,3.75,1.75,4.0],"rotation":0,"texture":"#0","tintindex":0},"north":{"uv":[1.0,3.75,1.75,4.0],"rotation":0,"texture":"#0","tintindex":0},"west":{"uv":[1.0,3.75,1.75,4.0],"rotation":0,"texture":"#0","tintindex":0},"up":{"uv":[1.0,3.75,1.75,4.0],"rotation":0,"texture":"#0","tintindex":0},"down":{"uv":[1.0,3.75,1.75,4.0],"rotation":0,"texture":"#0","tintindex":0}}}],"display":{"head":{"translation":[0.0,-6.4,0.0],"scale":[4.0,4.0,4.0]}}}