{"textures":{"0":"modelengine:entity/spectralwolf"},"elements":[{"from":[7.8,5.1778784,7.559971],"to":[9.342857,8.60645,9.617114],"rotation":{"angle":-22.5,"axis":"x","origin":[8.742857,3.9778786,9.95997]},"faces":{"east":{"uv":[7.0,3.5,6.0,4.75],"rotation":0,"texture":"#0","tintindex":0},"south":{"uv":[6.75,3.5,6.0,4.75],"rotation":0,"texture":"#0","tintindex":0},"north":{"uv":[6.75,3.5,6.0,4.75],"rotation":0,"texture":"#0","tintindex":0},"west":{"uv":[7.0,3.5,6.0,4.75],"rotation":0,"texture":"#0","tintindex":0},"up":{"uv":[10.5,7.5,9.5,8.5],"rotation":0,"texture":"#0","tintindex":0},"down":{"uv":[7.25,3.5,6.25,5.0],"rotation":0,"texture":"#0","tintindex":0}}},{"from":[7.2,6.835465,6.139546],"to":[9.428572,9.149751,8.968118],"rotation":{"angle":22.5,"axis":"x","origin":[9.257143,7.521179,7.2109747]},"faces":{"east":{"uv":[6.0,3.5,7.25,4.75],"rotation":0,"texture":"#0","tintindex":0},"south":{"uv":[6.0,3.5,7.0,5.0],"rotation":0,"texture":"#0","tintindex":0},"north":{"uv":[6.0,3.5,7.0,5.0],"rotation":0,"texture":"#0","tintindex":0},"west":{"uv":[6.0,3.5,7.25,4.75],"rotation":0,"texture":"#0","tintindex":0},"up":{"uv":[9.5,7.5,10.5,8.5],"rotation":0,"texture":"#0","tintindex":0},"down":{"uv":[6.25,3.5,7.25,5.0],"rotation":0,"texture":"#0","tintindex":0}}}],"display":{"head":{"translation":[0.0,-6.4,0.0],"scale":[4.0,4.0,4.0]}}}