{"textures":{"0":"modelengine:entity/spectralwolf"},"elements":[{"from":[8.228572,4.2350216,7.559971],"to":[9.514286,7.7493076,9.788542],"rotation":{"angle":-22.5,"axis":"x","origin":[9.0,3.5493073,9.617114]},"faces":{"east":{"uv":[6.0,3.5,7.0,4.75],"rotation":0,"texture":"#0","tintindex":0},"south":{"uv":[6.0,3.5,7.0,5.0],"rotation":0,"texture":"#0","tintindex":0},"north":{"uv":[6.0,3.5,7.0,5.0],"rotation":0,"texture":"#0","tintindex":0},"west":{"uv":[6.0,3.5,7.0,4.75],"rotation":0,"texture":"#0","tintindex":0},"up":{"uv":[9.5,7.5,10.5,8.5],"rotation":0,"texture":"#0","tintindex":0},"down":{"uv":[6.25,3.5,7.25,5.0],"rotation":0,"texture":"#0","tintindex":0}}},{"from":[7.457143,6.235465,5.8824034],"to":[9.6,9.749751,8.368117],"rotation":{"angle":22.5,"axis":"x","origin":[9.085714,5.8926077,6.9538317]},"faces":{"east":{"uv":[6.0,3.5,7.0,4.75],"rotation":0,"texture":"#0","tintindex":0},"south":{"uv":[6.0,3.5,7.0,5.0],"rotation":0,"texture":"#0","tintindex":0},"north":{"uv":[6.0,3.5,7.0,5.0],"rotation":0,"texture":"#0","tintindex":0},"west":{"uv":[6.0,3.5,7.0,5.0],"rotation":0,"texture":"#0","tintindex":0},"up":{"uv":[9.5,7.5,10.5,8.5],"rotation":0,"texture":"#0","tintindex":0},"down":{"uv":[6.25,3.5,7.25,5.0],"rotation":0,"texture":"#0","tintindex":0}}}],"display":{"head":{"translation":[0.0,-6.4,0.0],"scale":[4.0,4.0,4.0]}}}