{"textures":{"0":"modelengine:entity/bluegraywolf"},"elements":[{"from":[7.285714,6.6434093,7.958663],"to":[8.657143,9.300552,9.244377],"rotation":{"angle":-45.0,"axis":"x","origin":[7.8,7.9291234,9.072948]},"faces":{"east":{"uv":[1.5,5.0,1.0,6.0],"rotation":0,"texture":"#0","tintindex":0},"south":{"uv":[2.0,5.0,1.5,6.0],"rotation":0,"texture":"#0","tintindex":0},"north":{"uv":[1.0,5.0,0.5,6.0],"rotation":0,"texture":"#0","tintindex":0},"west":{"uv":[0.5,5.0,0.0,6.0],"rotation":0,"texture":"#0","tintindex":0},"up":{"uv":[1.0,4.5,0.5,5.0],"rotation":0,"texture":"#0","tintindex":0},"down":{"uv":[1.5,4.5,1.0,5.0],"rotation":0,"texture":"#0","tintindex":0}}},{"from":[7.457143,4.485714,8.3714285],"to":[8.485714,7.3142858,9.485714],"rotation":{"angle":22.5,"axis":"x","origin":[7.9714284,6.457143,8.285714]},"faces":{"east":{"uv":[1.5,5.75,1.0,7.0],"rotation":0,"texture":"#0","tintindex":0},"south":{"uv":[2.0,5.75,1.5,7.0],"rotation":0,"texture":"#0","tintindex":0},"north":{"uv":[1.0,5.75,0.5,7.0],"rotation":0,"texture":"#0","tintindex":0},"west":{"uv":[0.5,5.75,0.0,7.0],"rotation":0,"texture":"#0","tintindex":0},"up":{"uv":[1.0,4.5,0.5,5.0],"rotation":0,"texture":"#0","tintindex":0},"down":{"uv":[1.5,4.5,1.0,5.0],"rotation":0,"texture":"#0","tintindex":0}}},{"from":[8.485714,3.628571,7.0857143],"to":[8.914286,4.485714,7.857143],"rotation":{"angle":22.5,"axis":"x","origin":[8.785714,4.185714,8.2]},"faces":{"east":{"uv":[7.25,5.25,6.25,6.25],"rotation":0,"texture":"#0","tintindex":0},"south":{"uv":[1.0,6.0,0.5,7.0],"rotation":0,"texture":"#0","tintindex":0},"north":{"uv":[1.0,6.0,0.5,7.0],"rotation":0,"texture":"#0","tintindex":0},"west":{"uv":[7.25,5.25,6.25,6.25],"rotation":0,"texture":"#0","tintindex":0},"up":{"uv":[1.0,6.0,0.5,7.0],"rotation":0,"texture":"#0","tintindex":0},"down":{"uv":[1.0,6.0,0.5,7.0],"rotation":0,"texture":"#0","tintindex":0}}},{"from":[7.1142855,3.885714,7.428571],"to":[8.742857,4.742857,8.6285715],"rotation":{"angle":0.0,"axis":"y","origin":[7.9714284,6.457143,8.971429]},"faces":{"east":{"uv":[1.25,6.25,0.25,7.0],"rotation":0,"texture":"#0","tintindex":0},"south":{"uv":[1.25,6.25,0.25,7.0],"rotation":0,"texture":"#0","tintindex":0},"north":{"uv":[1.25,6.25,0.25,7.0],"rotation":0,"texture":"#0","tintindex":0},"west":{"uv":[1.25,6.25,0.25,7.0],"rotation":0,"texture":"#0","tintindex":0},"up":{"uv":[1.25,6.25,0.25,7.0],"rotation":0,"texture":"#0","tintindex":0},"down":{"uv":[1.25,6.25,0.25,7.0],"rotation":0,"texture":"#0","tintindex":0}}},{"from":[7.542857,3.885714,6.485714],"to":[7.8,4.2285714,7.3428574],"rotation":{"angle":0.0,"axis":"y","origin":[8.014286,4.185714,7.257143]},"faces":{"east":{"uv":[1.5,3.25,1.25,4.0],"rotation":0,"texture":"#0","tintindex":0},"south":{"uv":[1.5,3.25,1.25,4.0],"rotation":0,"texture":"#0","tintindex":0},"north":{"uv":[1.5,3.25,1.25,4.0],"rotation":0,"texture":"#0","tintindex":0},"west":{"uv":[1.5,3.25,1.25,4.0],"rotation":0,"texture":"#0","tintindex":0},"up":{"uv":[1.5,3.25,1.25,4.0],"rotation":0,"texture":"#0","tintindex":0},"down":{"uv":[1.5,3.25,1.25,4.0],"rotation":0,"texture":"#0","tintindex":0}}},{"from":[7.028571,3.885714,6.742857],"to":[7.285714,4.2285714,7.6],"rotation":{"angle":0.0,"axis":"y","origin":[7.5,4.185714,7.5142856]},"faces":{"east":{"uv":[1.5,3.25,1.25,4.0],"rotation":0,"texture":"#0","tintindex":0},"south":{"uv":[1.5,3.25,1.25,4.0],"rotation":0,"texture":"#0","tintindex":0},"north":{"uv":[1.5,3.25,1.25,4.0],"rotation":0,"texture":"#0","tintindex":0},"west":{"uv":[1.5,3.25,1.25,4.0],"rotation":0,"texture":"#0","tintindex":0},"up":{"uv":[1.5,3.25,1.25,4.0],"rotation":0,"texture":"#0","tintindex":0},"down":{"uv":[1.5,3.25,1.25,4.0],"rotation":0,"texture":"#0","tintindex":0}}},{"from":[8.057143,3.885714,6.3142858],"to":[8.314285,4.2285714,7.1714287],"rotation":{"angle":0.0,"axis":"y","origin":[8.528571,4.185714,7.0857143]},"faces":{"east":{"uv":[1.5,3.25,1.25,4.0],"rotation":0,"texture":"#0","tintindex":0},"south":{"uv":[1.5,3.25,1.25,4.0],"rotation":0,"texture":"#0","tintindex":0},"north":{"uv":[1.5,3.25,1.25,4.0],"rotation":0,"texture":"#0","tintindex":0},"west":{"uv":[1.5,3.25,1.25,4.0],"rotation":0,"texture":"#0","tintindex":0},"up":{"uv":[1.5,3.25,1.25,4.0],"rotation":0,"texture":"#0","tintindex":0},"down":{"uv":[1.5,3.25,1.25,4.0],"rotation":0,"texture":"#0","tintindex":0}}},{"from":[8.571428,3.885714,6.6571426],"to":[8.828571,4.2285714,7.5142856],"rotation":{"angle":0.0,"axis":"y","origin":[9.042857,4.185714,7.428571]},"faces":{"east":{"uv":[1.5,3.25,1.25,4.0],"rotation":0,"texture":"#0","tintindex":0},"south":{"uv":[1.5,3.25,1.25,4.0],"rotation":0,"texture":"#0","tintindex":0},"north":{"uv":[1.5,3.25,1.25,4.0],"rotation":0,"texture":"#0","tintindex":0},"west":{"uv":[1.5,3.25,1.25,4.0],"rotation":0,"texture":"#0","tintindex":0},"up":{"uv":[1.5,3.25,1.25,4.0],"rotation":0,"texture":"#0","tintindex":0},"down":{"uv":[1.5,3.25,1.25,4.0],"rotation":0,"texture":"#0","tintindex":0}}},{"from":[7.457143,3.628571,6.9142857],"to":[7.885714,4.485714,7.6857142],"rotation":{"angle":22.5,"axis":"x","origin":[7.757143,4.185714,8.028571]},"faces":{"east":{"uv":[7.25,5.25,6.25,6.25],"rotation":0,"texture":"#0","tintindex":0},"south":{"uv":[1.0,6.0,0.5,7.0],"rotation":0,"texture":"#0","tintindex":0},"north":{"uv":[1.0,6.0,0.5,7.0],"rotation":0,"texture":"#0","tintindex":0},"west":{"uv":[7.25,5.25,6.25,6.25],"rotation":0,"texture":"#0","tintindex":0},"up":{"uv":[1.0,6.0,0.5,7.0],"rotation":0,"texture":"#0","tintindex":0},"down":{"uv":[1.0,6.0,0.5,7.0],"rotation":0,"texture":"#0","tintindex":0}}},{"from":[6.942857,3.628571,7.0857143],"to":[7.3714285,4.485714,7.857143],"rotation":{"angle":22.5,"axis":"x","origin":[7.242857,4.185714,8.2]},"faces":{"east":{"uv":[7.25,5.25,6.25,6.25],"rotation":0,"texture":"#0","tintindex":0},"south":{"uv":[1.0,6.0,0.5,7.0],"rotation":0,"texture":"#0","tintindex":0},"north":{"uv":[1.0,6.0,0.5,7.0],"rotation":0,"texture":"#0","tintindex":0},"west":{"uv":[7.25,5.25,6.25,6.25],"rotation":0,"texture":"#0","tintindex":0},"up":{"uv":[1.0,6.0,0.5,7.0],"rotation":0,"texture":"#0","tintindex":0},"down":{"uv":[1.0,6.0,0.5,7.0],"rotation":0,"texture":"#0","tintindex":0}}},{"from":[7.9714284,3.628571,6.6571426],"to":[8.4,4.6571426,7.5142856],"rotation":{"angle":22.5,"axis":"x","origin":[8.271429,4.3571424,7.7714286]},"faces":{"east":{"uv":[7.25,5.25,6.25,6.25],"rotation":0,"texture":"#0","tintindex":0},"south":{"uv":[1.0,6.0,0.5,7.0],"rotation":0,"texture":"#0","tintindex":0},"north":{"uv":[1.0,6.0,0.5,7.0],"rotation":0,"texture":"#0","tintindex":0},"west":{"uv":[7.25,5.25,6.25,6.25],"rotation":0,"texture":"#0","tintindex":0},"up":{"uv":[1.0,6.0,0.5,7.0],"rotation":0,"texture":"#0","tintindex":0},"down":{"uv":[1.0,6.0,0.5,7.0],"rotation":0,"texture":"#0","tintindex":0}}}],"display":{"head":{"translation":[0.0,-6.4,0.0],"scale":[4.0,4.0,4.0]}}}