{"textures":{"0":"modelengine:entity/bluegraywolf"},"elements":[{"from":[7.6285715,5.3714285,6.0],"to":[8.742857,8.3714285,7.285714],"rotation":{"angle":22.5,"axis":"x","origin":[7.9714284,4.6,6.942857]},"faces":{"east":{"uv":[0.0,5.0,0.5,6.0],"rotation":0,"texture":"#0","tintindex":0},"south":{"uv":[1.5,5.0,2.0,6.0],"rotation":0,"texture":"#0","tintindex":0},"north":{"uv":[0.5,5.0,1.0,6.0],"rotation":0,"texture":"#0","tintindex":0},"west":{"uv":[1.0,5.0,1.5,6.0],"rotation":0,"texture":"#0","tintindex":0},"up":{"uv":[0.5,4.5,1.0,5.0],"rotation":0,"texture":"#0","tintindex":0},"down":{"uv":[1.0,4.5,1.5,5.0],"rotation":0,"texture":"#0","tintindex":0}}},{"from":[7.3714285,3.2137337,5.384194],"to":[9.0,4.070876,6.584194],"rotation":{"angle":0.0,"axis":"y","origin":[8.142858,5.785162,6.927051]},"faces":{"east":{"uv":[0.25,6.25,1.25,7.0],"rotation":0,"texture":"#0","tintindex":0},"south":{"uv":[0.25,6.25,1.25,7.0],"rotation":0,"texture":"#0","tintindex":0},"north":{"uv":[0.25,6.25,1.25,7.0],"rotation":0,"texture":"#0","tintindex":0},"west":{"uv":[0.25,6.25,1.25,7.0],"rotation":0,"texture":"#0","tintindex":0},"up":{"uv":[0.25,6.25,1.25,7.0],"rotation":0,"texture":"#0","tintindex":0},"down":{"uv":[0.25,6.25,1.25,7.0],"rotation":0,"texture":"#0","tintindex":0}}},{"from":[8.314285,3.2137337,4.4413366],"to":[8.571428,3.5565906,5.29848],"rotation":{"angle":0.0,"axis":"y","origin":[8.1,3.5137334,5.2127657]},"faces":{"east":{"uv":[1.25,3.25,1.5,4.0],"rotation":0,"texture":"#0","tintindex":0},"south":{"uv":[1.25,3.25,1.5,4.0],"rotation":0,"texture":"#0","tintindex":0},"north":{"uv":[1.25,3.25,1.5,4.0],"rotation":0,"texture":"#0","tintindex":0},"west":{"uv":[1.25,3.25,1.5,4.0],"rotation":0,"texture":"#0","tintindex":0},"up":{"uv":[1.25,3.25,1.5,4.0],"rotation":0,"texture":"#0","tintindex":0},"down":{"uv":[1.25,3.25,1.5,4.0],"rotation":0,"texture":"#0","tintindex":0}}},{"from":[8.828571,3.2137337,4.6984797],"to":[9.085714,3.5565906,5.5556226],"rotation":{"angle":0.0,"axis":"y","origin":[8.614285,3.5137334,5.469908]},"faces":{"east":{"uv":[1.25,3.25,1.5,4.0],"rotation":0,"texture":"#0","tintindex":0},"south":{"uv":[1.25,3.25,1.5,4.0],"rotation":0,"texture":"#0","tintindex":0},"north":{"uv":[1.25,3.25,1.5,4.0],"rotation":0,"texture":"#0","tintindex":0},"west":{"uv":[1.25,3.25,1.5,4.0],"rotation":0,"texture":"#0","tintindex":0},"up":{"uv":[1.25,3.25,1.5,4.0],"rotation":0,"texture":"#0","tintindex":0},"down":{"uv":[1.25,3.25,1.5,4.0],"rotation":0,"texture":"#0","tintindex":0}}},{"from":[7.8,3.2137337,4.269908],"to":[8.057143,3.5565906,5.1270514],"rotation":{"angle":0.0,"axis":"y","origin":[7.5857143,3.5137334,5.041337]},"faces":{"east":{"uv":[1.25,3.25,1.5,4.0],"rotation":0,"texture":"#0","tintindex":0},"south":{"uv":[1.25,3.25,1.5,4.0],"rotation":0,"texture":"#0","tintindex":0},"north":{"uv":[1.25,3.25,1.5,4.0],"rotation":0,"texture":"#0","tintindex":0},"west":{"uv":[1.25,3.25,1.5,4.0],"rotation":0,"texture":"#0","tintindex":0},"up":{"uv":[1.25,3.25,1.5,4.0],"rotation":0,"texture":"#0","tintindex":0},"down":{"uv":[1.25,3.25,1.5,4.0],"rotation":0,"texture":"#0","tintindex":0}}},{"from":[7.285714,3.2137337,4.6127653],"to":[7.542857,3.5565906,5.469908],"rotation":{"angle":0.0,"axis":"y","origin":[7.0714283,3.5137334,5.384194]},"faces":{"east":{"uv":[1.25,3.25,1.5,4.0],"rotation":0,"texture":"#0","tintindex":0},"south":{"uv":[1.25,3.25,1.5,4.0],"rotation":0,"texture":"#0","tintindex":0},"north":{"uv":[1.25,3.25,1.5,4.0],"rotation":0,"texture":"#0","tintindex":0},"west":{"uv":[1.25,3.25,1.5,4.0],"rotation":0,"texture":"#0","tintindex":0},"up":{"uv":[1.25,3.25,1.5,4.0],"rotation":0,"texture":"#0","tintindex":0},"down":{"uv":[1.25,3.25,1.5,4.0],"rotation":0,"texture":"#0","tintindex":0}}},{"from":[8.228572,2.9565907,4.8699083],"to":[8.657143,3.813733,5.641337],"rotation":{"angle":22.5,"axis":"x","origin":[8.357142,3.5137334,5.984194]},"faces":{"east":{"uv":[6.25,5.25,7.25,6.25],"rotation":0,"texture":"#0","tintindex":0},"south":{"uv":[0.5,6.0,1.0,7.0],"rotation":0,"texture":"#0","tintindex":0},"north":{"uv":[0.5,6.0,1.0,7.0],"rotation":0,"texture":"#0","tintindex":0},"west":{"uv":[6.25,5.25,7.25,6.25],"rotation":0,"texture":"#0","tintindex":0},"up":{"uv":[0.5,6.0,1.0,7.0],"rotation":0,"texture":"#0","tintindex":0},"down":{"uv":[0.5,6.0,1.0,7.0],"rotation":0,"texture":"#0","tintindex":0}}},{"from":[8.742857,2.9565907,5.041337],"to":[9.171429,3.813733,5.812765],"rotation":{"angle":22.5,"axis":"x","origin":[8.8714285,3.5137334,6.1556225]},"faces":{"east":{"uv":[6.25,5.25,7.25,6.25],"rotation":0,"texture":"#0","tintindex":0},"south":{"uv":[0.5,6.0,1.0,7.0],"rotation":0,"texture":"#0","tintindex":0},"north":{"uv":[0.5,6.0,1.0,7.0],"rotation":0,"texture":"#0","tintindex":0},"west":{"uv":[6.25,5.25,7.25,6.25],"rotation":0,"texture":"#0","tintindex":0},"up":{"uv":[0.5,6.0,1.0,7.0],"rotation":0,"texture":"#0","tintindex":0},"down":{"uv":[0.5,6.0,1.0,7.0],"rotation":0,"texture":"#0","tintindex":0}}},{"from":[7.714286,2.9565907,4.6127653],"to":[8.142858,3.9851618,5.469908],"rotation":{"angle":22.5,"axis":"x","origin":[7.8428574,3.685162,5.727051]},"faces":{"east":{"uv":[6.25,5.25,7.25,6.25],"rotation":0,"texture":"#0","tintindex":0},"south":{"uv":[0.5,6.0,1.0,7.0],"rotation":0,"texture":"#0","tintindex":0},"north":{"uv":[0.5,6.0,1.0,7.0],"rotation":0,"texture":"#0","tintindex":0},"west":{"uv":[6.25,5.25,7.25,6.25],"rotation":0,"texture":"#0","tintindex":0},"up":{"uv":[0.5,6.0,1.0,7.0],"rotation":0,"texture":"#0","tintindex":0},"down":{"uv":[0.5,6.0,1.0,7.0],"rotation":0,"texture":"#0","tintindex":0}}},{"from":[7.2,2.9565907,5.041337],"to":[7.6285715,3.813733,5.812765],"rotation":{"angle":22.5,"axis":"x","origin":[7.3285713,3.5137334,6.1556225]},"faces":{"east":{"uv":[6.25,5.25,7.25,6.25],"rotation":0,"texture":"#0","tintindex":0},"south":{"uv":[0.5,6.0,1.0,7.0],"rotation":0,"texture":"#0","tintindex":0},"north":{"uv":[0.5,6.0,1.0,7.0],"rotation":0,"texture":"#0","tintindex":0},"west":{"uv":[6.25,5.25,7.25,6.25],"rotation":0,"texture":"#0","tintindex":0},"up":{"uv":[0.5,6.0,1.0,7.0],"rotation":0,"texture":"#0","tintindex":0},"down":{"uv":[0.5,6.0,1.0,7.0],"rotation":0,"texture":"#0","tintindex":0}}},{"from":[7.714286,3.228571,6.1714287],"to":[8.657143,5.457143,7.1142855],"rotation":{"angle":22.5,"axis":"x","origin":[7.9714284,4.6,6.942857]},"faces":{"east":{"uv":[0.0,5.75,0.5,7.0],"rotation":0,"texture":"#0","tintindex":0},"south":{"uv":[1.5,5.75,2.0,7.0],"rotation":0,"texture":"#0","tintindex":0},"north":{"uv":[0.5,5.75,1.0,7.0],"rotation":0,"texture":"#0","tintindex":0},"west":{"uv":[1.0,5.75,1.5,7.0],"rotation":0,"texture":"#0","tintindex":0},"up":{"uv":[0.5,4.5,1.0,5.0],"rotation":0,"texture":"#0","tintindex":0},"down":{"uv":[1.0,4.5,1.5,5.0],"rotation":0,"texture":"#0","tintindex":0}}}],"display":{"head":{"translation":[0.0,-6.4,0.0],"scale":[4.0,4.0,4.0]}}}