{"textures":{"0":"modelengine:entity/bluegraywolf"},"elements":[{"from":[6.1571426,5.542857,2.6],"to":[9.757143,9.228572,4.3999996],"rotation":{"angle":-22.5,"axis":"x","origin":[8.3,7.5142856,1.5714283]},"faces":{"east":{"uv":[5.5,1.5,6.25,3.25],"rotation":0,"texture":"#0","tintindex":0},"south":{"uv":[7.0,3.5,7.75,5.0],"rotation":0,"texture":"#0","tintindex":0},"north":{"uv":[7.5,3.5,9.0,5.0],"rotation":0,"texture":"#0","tintindex":0},"west":{"uv":[13.5,1.5,14.25,3.25],"rotation":0,"texture":"#0","tintindex":0},"up":{"uv":[7.0,3.5,7.75,5.0],"rotation":0,"texture":"#0","tintindex":0},"down":{"uv":[6.0,5.0,7.5,6.0],"rotation":0,"texture":"#0","tintindex":0}}},{"from":[5.6714287,6.257143,0.371428],"to":[10.242857,10.828571,1.5428567],"rotation":{"angle":-45.0,"axis":"z","origin":[8.1,8.571428,-0.4857149]},"faces":{"east":{"uv":[6.0,5.0,7.25,6.25],"rotation":0,"texture":"#0","tintindex":0},"south":{"uv":[6.0,5.0,7.25,6.25],"rotation":0,"texture":"#0","tintindex":0},"north":{"uv":[6.0,5.0,7.25,6.25],"rotation":0,"texture":"#0","tintindex":0},"west":{"uv":[6.0,5.0,7.25,6.25],"rotation":0,"texture":"#0","tintindex":0},"up":{"uv":[6.0,5.0,7.25,6.25],"rotation":0,"texture":"#0","tintindex":0},"down":{"uv":[6.0,5.0,7.25,6.25],"rotation":0,"texture":"#0","tintindex":0}}},{"from":[7.8714285,5.9714284,2.7714286],"to":[9.928572,8.028571,4.2285714],"rotation":{"angle":-45.0,"axis":"z","origin":[8.1285715,8.028571,1.9142857]},"faces":{"east":{"uv":[6.0,5.0,7.25,6.25],"rotation":0,"texture":"#0","tintindex":0},"south":{"uv":[6.0,5.0,7.25,6.25],"rotation":0,"texture":"#0","tintindex":0},"north":{"uv":[6.0,5.0,7.25,6.25],"rotation":0,"texture":"#0","tintindex":0},"west":{"uv":[6.0,5.0,7.25,6.25],"rotation":0,"texture":"#0","tintindex":0},"up":{"uv":[6.0,5.0,7.25,6.25],"rotation":0,"texture":"#0","tintindex":0},"down":{"uv":[6.0,5.0,7.25,6.25],"rotation":0,"texture":"#0","tintindex":0}}},{"from":[7.8714285,5.714286,1.3142858],"to":[10.185715,8.028571,3.2857141],"rotation":{"angle":-45.0,"axis":"z","origin":[8.1285715,8.028571,0.45714283]},"faces":{"east":{"uv":[6.0,5.0,7.25,6.25],"rotation":0,"texture":"#0","tintindex":0},"south":{"uv":[6.0,5.0,7.25,6.25],"rotation":0,"texture":"#0","tintindex":0},"north":{"uv":[6.0,5.0,7.25,6.25],"rotation":0,"texture":"#0","tintindex":0},"west":{"uv":[6.0,5.0,7.25,6.25],"rotation":0,"texture":"#0","tintindex":0},"up":{"uv":[6.0,5.0,7.25,6.25],"rotation":0,"texture":"#0","tintindex":0},"down":{"uv":[6.0,5.0,7.25,6.25],"rotation":0,"texture":"#0","tintindex":0}}},{"from":[6.2,8.771429,-1.0571432],"to":[9.714286,11.2,2.7714286],"rotation":{"angle":22.5,"axis":"x","origin":[8.214286,9.142858,-0.65714264]},"faces":{"east":{"uv":[6.75,7.5,4.5,9.0],"rotation":0,"texture":"#0","tintindex":0},"south":{"uv":[7.5,3.5,9.0,5.0],"rotation":0,"texture":"#0","tintindex":0},"north":{"uv":[7.5,3.5,9.0,5.0],"rotation":0,"texture":"#0","tintindex":0},"west":{"uv":[10.25,7.5,8.0,9.0],"rotation":0,"texture":"#0","tintindex":0},"up":{"uv":[9.0,7.25,10.5,5.0],"rotation":0,"texture":"#0","tintindex":0},"down":{"uv":[6.0,5.0,7.5,7.25],"rotation":0,"texture":"#0","tintindex":0}}},{"from":[6.1571426,6.9142857,-0.4857149],"to":[10.442858,11.228572,0.5999999],"rotation":{"angle":-45.0,"axis":"z","origin":[8.042857,9.485714,-1.3428574]},"faces":{"east":{"uv":[6.0,5.0,7.25,6.25],"rotation":0,"texture":"#0","tintindex":0},"south":{"uv":[6.0,5.0,7.25,6.25],"rotation":0,"texture":"#0","tintindex":0},"north":{"uv":[6.0,5.0,7.25,6.25],"rotation":0,"texture":"#0","tintindex":0},"west":{"uv":[6.0,5.0,7.25,6.25],"rotation":0,"texture":"#0","tintindex":0},"up":{"uv":[6.0,5.0,7.25,6.25],"rotation":0,"texture":"#0","tintindex":0},"down":{"uv":[6.0,5.0,7.25,6.25],"rotation":0,"texture":"#0","tintindex":0}}},{"from":[7.5947285,10.342487,-0.4857149],"to":[9.994728,11.742488,0.5428567],"rotation":{"angle":-22.5,"axis":"z","origin":[9.309014,10.899631,0.028571129]},"faces":{"east":{"uv":[6.0,5.0,7.25,6.25],"rotation":0,"texture":"#0","tintindex":0},"south":{"uv":[6.0,5.0,7.25,6.25],"rotation":0,"texture":"#0","tintindex":0},"north":{"uv":[6.0,5.0,7.25,6.25],"rotation":0,"texture":"#0","tintindex":0},"west":{"uv":[6.0,5.0,7.25,6.25],"rotation":0,"texture":"#0","tintindex":0},"up":{"uv":[6.0,5.0,7.25,6.25],"rotation":0,"texture":"#0","tintindex":0},"down":{"uv":[6.0,5.0,7.25,6.25],"rotation":0,"texture":"#0","tintindex":0}}},{"from":[5.8909855,10.342487,-0.4857149],"to":[8.290986,11.742488,0.5428567],"rotation":{"angle":22.5,"axis":"z","origin":[6.5767,10.899631,0.028571129]},"faces":{"east":{"uv":[7.25,5.0,6.0,6.25],"rotation":0,"texture":"#0","tintindex":0},"south":{"uv":[7.25,5.0,6.0,6.25],"rotation":0,"texture":"#0","tintindex":0},"north":{"uv":[7.25,5.0,6.0,6.25],"rotation":0,"texture":"#0","tintindex":0},"west":{"uv":[7.25,5.0,6.0,6.25],"rotation":0,"texture":"#0","tintindex":0},"up":{"uv":[7.25,5.0,6.0,6.25],"rotation":0,"texture":"#0","tintindex":0},"down":{"uv":[7.25,5.0,6.0,6.25],"rotation":0,"texture":"#0","tintindex":0}}},{"from":[7.5375853,10.342487,-1.4571428],"to":[9.994728,11.742488,-0.4285717],"rotation":{"angle":-22.5,"axis":"z","origin":[9.309014,10.899631,0.028571129]},"faces":{"east":{"uv":[6.0,5.0,7.25,6.25],"rotation":0,"texture":"#0","tintindex":0},"south":{"uv":[6.0,5.0,7.25,6.25],"rotation":0,"texture":"#0","tintindex":0},"north":{"uv":[6.0,5.0,7.25,6.25],"rotation":0,"texture":"#0","tintindex":0},"west":{"uv":[6.0,5.0,7.25,6.25],"rotation":0,"texture":"#0","tintindex":0},"up":{"uv":[6.0,5.0,7.25,6.25],"rotation":0,"texture":"#0","tintindex":0},"down":{"uv":[6.0,5.0,7.25,6.25],"rotation":0,"texture":"#0","tintindex":0}}},{"from":[5.8909855,10.342487,-1.4571428],"to":[8.348128,11.742488,-0.4285717],"rotation":{"angle":22.5,"axis":"z","origin":[6.5767,10.899631,0.028571129]},"faces":{"east":{"uv":[7.25,5.0,6.0,6.25],"rotation":0,"texture":"#0","tintindex":0},"south":{"uv":[7.25,5.0,6.0,6.25],"rotation":0,"texture":"#0","tintindex":0},"north":{"uv":[7.25,5.0,6.0,6.25],"rotation":0,"texture":"#0","tintindex":0},"west":{"uv":[7.25,5.0,6.0,6.25],"rotation":0,"texture":"#0","tintindex":0},"up":{"uv":[7.25,5.0,6.0,6.25],"rotation":0,"texture":"#0","tintindex":0},"down":{"uv":[7.25,5.0,6.0,6.25],"rotation":0,"texture":"#0","tintindex":0}}},{"from":[8.1090145,9.8853445,0.5428567],"to":[10.509014,11.285345,1.5714283],"rotation":{"angle":-45.0,"axis":"z","origin":[9.309014,10.899631,0.028571129]},"faces":{"east":{"uv":[6.0,5.0,7.25,6.25],"rotation":0,"texture":"#0","tintindex":0},"south":{"uv":[6.0,5.0,7.25,6.25],"rotation":0,"texture":"#0","tintindex":0},"north":{"uv":[6.0,5.0,7.25,6.25],"rotation":0,"texture":"#0","tintindex":0},"west":{"uv":[6.0,5.0,7.25,6.25],"rotation":0,"texture":"#0","tintindex":0},"up":{"uv":[6.0,5.0,7.25,6.25],"rotation":0,"texture":"#0","tintindex":0},"down":{"uv":[6.0,5.0,7.25,6.25],"rotation":0,"texture":"#0","tintindex":0}}},{"from":[5.3767004,9.8853445,0.5428567],"to":[7.7767,11.285345,1.5714283],"rotation":{"angle":45.0,"axis":"z","origin":[6.5767,10.899631,0.028571129]},"faces":{"east":{"uv":[7.25,5.0,6.0,6.25],"rotation":0,"texture":"#0","tintindex":0},"south":{"uv":[7.25,5.0,6.0,6.25],"rotation":0,"texture":"#0","tintindex":0},"north":{"uv":[7.25,5.0,6.0,6.25],"rotation":0,"texture":"#0","tintindex":0},"west":{"uv":[7.25,5.0,6.0,6.25],"rotation":0,"texture":"#0","tintindex":0},"up":{"uv":[7.25,5.0,6.0,6.25],"rotation":0,"texture":"#0","tintindex":0},"down":{"uv":[7.25,5.0,6.0,6.25],"rotation":0,"texture":"#0","tintindex":0}}},{"from":[6.3,7.428571,-1.514286],"to":[10.642858,11.8,-0.4857149],"rotation":{"angle":-45.0,"axis":"z","origin":[8.014286,10.171429,-2.3714285]},"faces":{"east":{"uv":[6.0,5.0,7.25,6.25],"rotation":0,"texture":"#0","tintindex":0},"south":{"uv":[6.0,5.0,7.25,6.25],"rotation":0,"texture":"#0","tintindex":0},"north":{"uv":[6.0,5.0,7.25,6.25],"rotation":0,"texture":"#0","tintindex":0},"west":{"uv":[6.0,5.0,7.25,6.25],"rotation":0,"texture":"#0","tintindex":0},"up":{"uv":[6.0,5.0,7.25,6.25],"rotation":0,"texture":"#0","tintindex":0},"down":{"uv":[6.0,5.0,7.25,6.25],"rotation":0,"texture":"#0","tintindex":0}}},{"from":[6.3,8.742857,-2.5428581],"to":[8.8714285,11.285714,-1.514286],"rotation":{"angle":-45.0,"axis":"z","origin":[8.071428,9.657143,-2.3714285]},"faces":{"east":{"uv":[6.0,5.0,7.25,6.25],"rotation":0,"texture":"#0","tintindex":0},"south":{"uv":[6.0,5.0,7.25,6.25],"rotation":0,"texture":"#0","tintindex":0},"north":{"uv":[6.0,5.0,7.25,6.25],"rotation":0,"texture":"#0","tintindex":0},"west":{"uv":[6.0,5.0,7.25,6.25],"rotation":0,"texture":"#0","tintindex":0},"up":{"uv":[6.0,5.0,7.25,6.25],"rotation":0,"texture":"#0","tintindex":0},"down":{"uv":[6.0,5.0,7.25,6.25],"rotation":0,"texture":"#0","tintindex":0}}},{"from":[5.957143,8.0,0.5428567],"to":[9.271429,11.457143,1.5714283],"rotation":{"angle":-45.0,"axis":"z","origin":[8.014286,9.428572,-0.31428623]},"faces":{"east":{"uv":[6.0,5.0,7.25,6.25],"rotation":0,"texture":"#0","tintindex":0},"south":{"uv":[6.0,5.0,7.25,6.25],"rotation":0,"texture":"#0","tintindex":0},"north":{"uv":[6.0,5.0,7.25,6.25],"rotation":0,"texture":"#0","tintindex":0},"west":{"uv":[6.0,5.0,7.25,6.25],"rotation":0,"texture":"#0","tintindex":0},"up":{"uv":[6.0,5.0,7.25,6.25],"rotation":0,"texture":"#0","tintindex":0},"down":{"uv":[6.0,5.0,7.25,6.25],"rotation":0,"texture":"#0","tintindex":0}}},{"from":[6.242857,7.9428573,1.1142855],"to":[9.271429,11.114285,2.142857],"rotation":{"angle":-45.0,"axis":"z","origin":[8.014286,9.3714285,0.25714254]},"faces":{"east":{"uv":[6.0,5.0,7.25,6.25],"rotation":0,"texture":"#0","tintindex":0},"south":{"uv":[6.0,5.0,7.25,6.25],"rotation":0,"texture":"#0","tintindex":0},"north":{"uv":[6.0,5.0,7.25,6.25],"rotation":0,"texture":"#0","tintindex":0},"west":{"uv":[6.0,5.0,7.25,6.25],"rotation":0,"texture":"#0","tintindex":0},"up":{"uv":[6.0,5.0,7.25,6.25],"rotation":0,"texture":"#0","tintindex":0},"down":{"uv":[6.0,5.0,7.25,6.25],"rotation":0,"texture":"#0","tintindex":0}}},{"from":[6.242857,7.3714285,1.7999997],"to":[9.271429,10.542857,2.8285713],"rotation":{"angle":-45.0,"axis":"z","origin":[8.014286,8.8,0.9428568]},"faces":{"east":{"uv":[6.0,5.0,7.25,6.25],"rotation":0,"texture":"#0","tintindex":0},"south":{"uv":[6.0,5.0,7.25,6.25],"rotation":0,"texture":"#0","tintindex":0},"north":{"uv":[6.0,5.0,7.25,6.25],"rotation":0,"texture":"#0","tintindex":0},"west":{"uv":[6.0,5.0,7.25,6.25],"rotation":0,"texture":"#0","tintindex":0},"up":{"uv":[6.0,5.0,7.25,6.25],"rotation":0,"texture":"#0","tintindex":0},"down":{"uv":[6.0,5.0,7.25,6.25],"rotation":0,"texture":"#0","tintindex":0}}},{"from":[6.6285715,6.6857142,4.685714],"to":[9.285714,10.4,9.314285],"rotation":{"angle":0.0,"axis":"y","origin":[7.9142857,7.3428574,5.6]},"faces":{"east":{"uv":[10.5,7.5,8.25,9.0],"rotation":0,"texture":"#0","tintindex":0},"south":{"uv":[7.5,3.5,9.0,5.0],"rotation":0,"texture":"#0","tintindex":0},"north":{"uv":[6.0,3.5,7.5,5.0],"rotation":0,"texture":"#0","tintindex":0},"west":{"uv":[6.5,7.5,4.25,9.0],"rotation":0,"texture":"#0","tintindex":0},"up":{"uv":[9.0,5.0,10.5,7.25],"rotation":0,"texture":"#0","tintindex":0},"down":{"uv":[6.0,7.25,7.5,5.0],"rotation":0,"texture":"#0","tintindex":0}}},{"from":[6.2,6.1714287,1.6571422],"to":[9.714286,10.6,5.685714],"rotation":{"angle":0.0,"axis":"y","origin":[8.342857,7.6857142,2.342857]},"faces":{"east":{"uv":[5.5,1.5,7.0,3.25],"rotation":0,"texture":"#0","tintindex":0},"south":{"uv":[9.0,0.0,11.0,1.75],"rotation":0,"texture":"#0","tintindex":0},"north":{"uv":[7.0,0.0,9.0,1.75],"rotation":0,"texture":"#0","tintindex":0},"west":{"uv":[12.75,1.5,14.25,3.25],"rotation":0,"texture":"#0","tintindex":0},"up":{"uv":[10.75,1.75,12.75,3.25],"rotation":0,"texture":"#0","tintindex":0},"down":{"uv":[7.0,3.25,9.0,1.75],"rotation":0,"texture":"#0","tintindex":0}}}],"display":{"head":{"translation":[0.0,-6.4,0.0],"scale":[4.0,4.0,4.0]}}}