{"textures":{"0":"modelengine:entity/deer"},"elements":[{"from":[6.363697,7.615834,6.6412573],"to":[9.5204,10.547057,9.57248],"rotation":{"angle":0.0,"axis":"y","origin":[7.9840684,3.9293027,11.593646]},"faces":{"east":{"uv":[11.25,4.0,10.25,5.0],"rotation":0,"texture":"#0","tintindex":0},"south":{"uv":[10.5,5.0,9.0,6.5],"rotation":0,"texture":"#0","tintindex":0},"north":{"uv":[7.0,3.5,6.0,5.0],"rotation":0,"texture":"#0","tintindex":0},"west":{"uv":[11.25,4.0,10.25,5.0],"rotation":0,"texture":"#0","tintindex":0},"up":{"uv":[10.5,5.0,9.0,6.5],"rotation":0,"texture":"#0","tintindex":0},"down":{"uv":[7.25,3.5,6.25,5.0],"rotation":0,"texture":"#0","tintindex":0}}},{"from":[8.417137,11.462691,9.035554],"to":[9.311789,12.357344,10.947686],"rotation":{"angle":-45.0,"axis":"x","origin":[8.864463,10.665445,11.066481]},"faces":{"east":{"uv":[14.75,5.8365574,15.14141,5.0],"rotation":90,"texture":"#0","tintindex":0},"south":{"uv":[14.75,5.39141,15.14141,5.0],"rotation":90,"texture":"#0","tintindex":0},"north":{"uv":[14.75,5.39141,15.14141,5.0],"rotation":90,"texture":"#0","tintindex":0},"west":{"uv":[14.75,5.8365574,15.14141,5.0],"rotation":90,"texture":"#0","tintindex":0},"up":{"uv":[15.14141,5.0,14.75,5.8365574],"rotation":180,"texture":"#0","tintindex":0},"down":{"uv":[15.14141,5.0,14.75,5.8365574],"rotation":180,"texture":"#0","tintindex":0}}},{"from":[6.6848288,11.462691,9.035554],"to":[7.57948,12.357344,10.947686],"rotation":{"angle":-45.0,"axis":"x","origin":[7.1321545,10.665445,11.066481]},"faces":{"east":{"uv":[14.75,5.8365574,15.14141,5.0],"rotation":90,"texture":"#0","tintindex":0},"south":{"uv":[14.75,5.39141,15.14141,5.0],"rotation":90,"texture":"#0","tintindex":0},"north":{"uv":[14.75,5.39141,15.14141,5.0],"rotation":90,"texture":"#0","tintindex":0},"west":{"uv":[14.75,5.8365574,15.14141,5.0],"rotation":90,"texture":"#0","tintindex":0},"up":{"uv":[15.14141,5.0,14.75,5.8365574],"rotation":180,"texture":"#0","tintindex":0},"down":{"uv":[15.14141,5.0,14.75,5.8365574],"rotation":180,"texture":"#0","tintindex":0}}},{"from":[8.643423,8.294691,8.130411],"to":[9.311789,8.849915,9.7031145],"rotation":{"angle":45.0,"axis":"x","origin":[8.864463,10.665445,11.066481]},"faces":{"east":{"uv":[14.99291,5.6880574,14.75,5.0],"rotation":90,"texture":"#0","tintindex":0},"south":{"uv":[14.75,5.0,15.04241,5.24291],"rotation":0,"texture":"#0","tintindex":0},"north":{"uv":[14.75,5.0,15.04241,5.24291],"rotation":0,"texture":"#0","tintindex":0},"west":{"uv":[14.99291,5.6880574,14.75,5.0],"rotation":90,"texture":"#0","tintindex":0},"up":{"uv":[14.75,5.0,15.04241,5.6880574],"rotation":0,"texture":"#0","tintindex":0},"down":{"uv":[14.75,5.0,15.04241,5.6880574],"rotation":0,"texture":"#0","tintindex":0}}},{"from":[6.6848288,8.294691,8.130411],"to":[7.353194,8.849915,9.7031145],"rotation":{"angle":45.0,"axis":"x","origin":[7.1321545,10.665445,11.066481]},"faces":{"east":{"uv":[14.99291,5.6880574,14.75,5.0],"rotation":90,"texture":"#0","tintindex":0},"south":{"uv":[14.75,5.0,15.04241,5.24291],"rotation":0,"texture":"#0","tintindex":0},"north":{"uv":[14.75,5.0,15.04241,5.24291],"rotation":0,"texture":"#0","tintindex":0},"west":{"uv":[14.99291,5.6880574,14.75,5.0],"rotation":90,"texture":"#0","tintindex":0},"up":{"uv":[14.75,5.0,15.04241,5.6880574],"rotation":0,"texture":"#0","tintindex":0},"down":{"uv":[14.75,5.0,15.04241,5.6880574],"rotation":0,"texture":"#0","tintindex":0}}},{"from":[10.9062805,10.444406,9.374983],"to":[11.574646,10.999629,10.947686],"rotation":{"angle":45.0,"axis":"x","origin":[11.12732,12.815161,12.311052]},"faces":{"east":{"uv":[15.0,5.0,14.75,6.0],"rotation":90,"texture":"#0","tintindex":0},"south":{"uv":[15.0,5.0,14.75,5.5],"rotation":90,"texture":"#0","tintindex":0},"north":{"uv":[15.0,5.0,14.75,5.5],"rotation":90,"texture":"#0","tintindex":0},"west":{"uv":[15.0,5.0,14.75,6.0],"rotation":90,"texture":"#0","tintindex":0},"up":{"uv":[15.0,5.0,14.75,6.0],"rotation":180,"texture":"#0","tintindex":0},"down":{"uv":[15.0,5.0,14.75,6.0],"rotation":180,"texture":"#0","tintindex":0}}},{"from":[4.4219713,10.444406,9.374983],"to":[5.090337,10.999629,10.947686],"rotation":{"angle":45.0,"axis":"x","origin":[4.869297,12.815161,12.311052]},"faces":{"east":{"uv":[15.0,5.0,14.75,6.0],"rotation":90,"texture":"#0","tintindex":0},"south":{"uv":[15.0,5.0,14.75,5.5],"rotation":90,"texture":"#0","tintindex":0},"north":{"uv":[15.0,5.0,14.75,5.5],"rotation":90,"texture":"#0","tintindex":0},"west":{"uv":[15.0,5.0,14.75,6.0],"rotation":90,"texture":"#0","tintindex":0},"up":{"uv":[15.0,5.0,14.75,6.0],"rotation":180,"texture":"#0","tintindex":0},"down":{"uv":[15.0,5.0,14.75,6.0],"rotation":180,"texture":"#0","tintindex":0}}},{"from":[8.756566,11.2520685,7.0155487],"to":[9.198646,12.711629,7.4576344],"rotation":{"angle":-22.5,"axis":"x","origin":[8.977606,11.981846,7.576017]},"faces":{"east":{"uv":[15.388557,5.19341,14.75,5.0],"rotation":90,"texture":"#0","tintindex":0},"south":{"uv":[14.75,5.0,14.94341,5.6385574],"rotation":0,"texture":"#0","tintindex":0},"north":{"uv":[14.75,5.0,14.94341,5.6385574],"rotation":0,"texture":"#0","tintindex":0},"west":{"uv":[15.388557,5.19341,14.75,5.0],"rotation":90,"texture":"#0","tintindex":0},"up":{"uv":[14.75,5.0,14.94341,5.19341],"rotation":0,"texture":"#0","tintindex":0},"down":{"uv":[14.75,5.0,14.94341,5.19341],"rotation":0,"texture":"#0","tintindex":0}}},{"from":[6.7979712,11.2520685,7.0155487],"to":[7.2400513,12.711629,7.4576344],"rotation":{"angle":-22.5,"axis":"x","origin":[7.0190115,11.981846,7.576017]},"faces":{"east":{"uv":[15.388557,5.19341,14.75,5.0],"rotation":90,"texture":"#0","tintindex":0},"south":{"uv":[14.75,5.0,14.94341,5.6385574],"rotation":0,"texture":"#0","tintindex":0},"north":{"uv":[14.75,5.0,14.94341,5.6385574],"rotation":0,"texture":"#0","tintindex":0},"west":{"uv":[15.388557,5.19341,14.75,5.0],"rotation":90,"texture":"#0","tintindex":0},"up":{"uv":[14.75,5.0,14.94341,5.19341],"rotation":0,"texture":"#0","tintindex":0},"down":{"uv":[14.75,5.0,14.94341,5.19341],"rotation":0,"texture":"#0","tintindex":0}}},{"from":[11.019423,13.401783,8.26012],"to":[11.461503,14.861343,8.702206],"rotation":{"angle":-22.5,"axis":"x","origin":[11.240463,14.13156,8.820589]},"faces":{"east":{"uv":[15.0,5.0,14.75,6.5],"rotation":0,"texture":"#0","tintindex":0},"south":{"uv":[15.0,5.0,14.75,6.5],"rotation":0,"texture":"#0","tintindex":0},"north":{"uv":[15.0,5.0,14.75,6.5],"rotation":0,"texture":"#0","tintindex":0},"west":{"uv":[15.0,5.0,14.75,6.5],"rotation":0,"texture":"#0","tintindex":0},"up":{"uv":[15.0,5.0,14.75,5.5],"rotation":0,"texture":"#0","tintindex":0},"down":{"uv":[15.0,5.0,14.75,6.5],"rotation":0,"texture":"#0","tintindex":0}}},{"from":[4.5351143,13.401783,8.26012],"to":[4.9771943,14.861343,8.702206],"rotation":{"angle":-22.5,"axis":"x","origin":[4.756154,14.13156,8.820589]},"faces":{"east":{"uv":[15.0,5.0,14.75,6.5],"rotation":0,"texture":"#0","tintindex":0},"south":{"uv":[15.0,5.0,14.75,6.5],"rotation":0,"texture":"#0","tintindex":0},"north":{"uv":[15.0,5.0,14.75,6.5],"rotation":0,"texture":"#0","tintindex":0},"west":{"uv":[15.0,5.0,14.75,6.5],"rotation":0,"texture":"#0","tintindex":0},"up":{"uv":[15.0,5.0,14.75,5.5],"rotation":0,"texture":"#0","tintindex":0},"down":{"uv":[15.0,5.0,14.75,6.5],"rotation":0,"texture":"#0","tintindex":0}}},{"from":[8.869709,12.157211,6.9024057],"to":[9.085503,13.503629,7.3444915],"rotation":{"angle":0.0,"axis":"y","origin":[8.977606,11.981846,7.576017]},"faces":{"east":{"uv":[15.388557,5.19341,14.75,5.0],"rotation":90,"texture":"#0","tintindex":0},"south":{"uv":[14.75,5.0,14.94341,5.6385574],"rotation":0,"texture":"#0","tintindex":0},"north":{"uv":[14.75,5.0,14.94341,5.6385574],"rotation":0,"texture":"#0","tintindex":0},"west":{"uv":[15.388557,5.19341,14.75,5.0],"rotation":90,"texture":"#0","tintindex":0},"up":{"uv":[14.75,5.0,14.94341,5.19341],"rotation":0,"texture":"#0","tintindex":0},"down":{"uv":[14.75,5.0,14.94341,5.19341],"rotation":0,"texture":"#0","tintindex":0}}},{"from":[6.911114,12.157211,6.9024057],"to":[7.1269083,13.503629,7.3444915],"rotation":{"angle":0.0,"axis":"y","origin":[7.0190115,11.981846,7.576017]},"faces":{"east":{"uv":[15.388557,5.19341,14.75,5.0],"rotation":90,"texture":"#0","tintindex":0},"south":{"uv":[14.75,5.0,14.94341,5.6385574],"rotation":0,"texture":"#0","tintindex":0},"north":{"uv":[14.75,5.0,14.94341,5.6385574],"rotation":0,"texture":"#0","tintindex":0},"west":{"uv":[15.388557,5.19341,14.75,5.0],"rotation":90,"texture":"#0","tintindex":0},"up":{"uv":[14.75,5.0,14.94341,5.19341],"rotation":0,"texture":"#0","tintindex":0},"down":{"uv":[14.75,5.0,14.94341,5.19341],"rotation":0,"texture":"#0","tintindex":0}}},{"from":[11.1325655,14.306926,8.146977],"to":[11.34836,15.653343,8.589063],"rotation":{"angle":0.0,"axis":"y","origin":[11.240463,14.13156,8.820589]},"faces":{"east":{"uv":[15.0,5.0,14.75,6.5],"rotation":0,"texture":"#0","tintindex":0},"south":{"uv":[15.0,5.0,14.75,6.5],"rotation":0,"texture":"#0","tintindex":0},"north":{"uv":[15.0,5.0,14.75,6.5],"rotation":0,"texture":"#0","tintindex":0},"west":{"uv":[15.0,5.0,14.75,6.5],"rotation":0,"texture":"#0","tintindex":0},"up":{"uv":[15.0,5.0,14.75,6.5],"rotation":0,"texture":"#0","tintindex":0},"down":{"uv":[15.0,5.0,14.75,6.5],"rotation":0,"texture":"#0","tintindex":0}}},{"from":[4.6754227,14.306926,8.146977],"to":[4.891217,15.653343,8.589063],"rotation":{"angle":0.0,"axis":"y","origin":[11.240463,14.13156,8.820589]},"faces":{"east":{"uv":[15.0,5.0,14.75,6.5],"rotation":0,"texture":"#0","tintindex":0},"south":{"uv":[15.0,5.0,14.75,6.5],"rotation":0,"texture":"#0","tintindex":0},"north":{"uv":[15.0,5.0,14.75,6.5],"rotation":0,"texture":"#0","tintindex":0},"west":{"uv":[15.0,5.0,14.75,6.5],"rotation":0,"texture":"#0","tintindex":0},"up":{"uv":[15.0,5.0,14.75,6.5],"rotation":0,"texture":"#0","tintindex":0},"down":{"uv":[15.0,5.0,14.75,6.5],"rotation":0,"texture":"#0","tintindex":0}}},{"from":[12.93759,14.610235,11.646223],"to":[13.379669,15.052315,13.671497],"rotation":{"angle":-45.0,"axis":"x","origin":[8.406629,12.059275,11.527434]},"faces":{"east":{"uv":[14.94341,5.0,14.75,5.8860574],"rotation":270,"texture":"#0","tintindex":0},"south":{"uv":[14.94341,5.0,14.75,5.19341],"rotation":0,"texture":"#0","tintindex":0},"north":{"uv":[14.94341,5.0,14.75,5.19341],"rotation":180,"texture":"#0","tintindex":0},"west":{"uv":[14.94341,5.0,14.75,5.8860574],"rotation":90,"texture":"#0","tintindex":0},"up":{"uv":[14.94341,5.0,14.75,5.8860574],"rotation":0,"texture":"#0","tintindex":0},"down":{"uv":[14.94341,5.0,14.75,5.8860574],"rotation":0,"texture":"#0","tintindex":0}}},{"from":[2.6169486,14.610235,11.646223],"to":[3.0590286,15.052315,13.671497],"rotation":{"angle":-45.0,"axis":"x","origin":[7.5899887,12.059275,11.527434]},"faces":{"east":{"uv":[14.94341,5.0,14.75,5.8860574],"rotation":270,"texture":"#0","tintindex":0},"south":{"uv":[14.94341,5.0,14.75,5.19341],"rotation":0,"texture":"#0","tintindex":0},"north":{"uv":[14.94341,5.0,14.75,5.19341],"rotation":180,"texture":"#0","tintindex":0},"west":{"uv":[14.94341,5.0,14.75,5.8860574],"rotation":90,"texture":"#0","tintindex":0},"up":{"uv":[14.94341,5.0,14.75,5.8860574],"rotation":0,"texture":"#0","tintindex":0},"down":{"uv":[14.94341,5.0,14.75,5.8860574],"rotation":0,"texture":"#0","tintindex":0}}},{"from":[10.901017,12.478954,8.50332],"to":[11.45624,13.0341835,10.528594],"rotation":{"angle":-22.5,"axis":"x","origin":[13.102057,15.019429,10.647388]},"faces":{"east":{"uv":[15.0,5.0,14.75,6.0],"rotation":90,"texture":"#0","tintindex":0},"south":{"uv":[15.0,5.0,14.75,5.5],"rotation":90,"texture":"#0","tintindex":0},"north":{"uv":[15.0,5.0,14.75,5.5],"rotation":90,"texture":"#0","tintindex":0},"west":{"uv":[15.0,5.0,14.75,6.0],"rotation":90,"texture":"#0","tintindex":0},"up":{"uv":[15.0,5.0,14.75,6.0],"rotation":180,"texture":"#0","tintindex":0},"down":{"uv":[15.0,5.0,14.75,6.0],"rotation":180,"texture":"#0","tintindex":0}}},{"from":[4.540377,12.478954,8.50332],"to":[5.0956,13.0341835,10.528594],"rotation":{"angle":-22.5,"axis":"x","origin":[2.8945599,15.019429,10.647388]},"faces":{"east":{"uv":[15.0,5.0,14.75,6.0],"rotation":90,"texture":"#0","tintindex":0},"south":{"uv":[15.0,5.0,14.75,5.5],"rotation":90,"texture":"#0","tintindex":0},"north":{"uv":[15.0,5.0,14.75,5.5],"rotation":90,"texture":"#0","tintindex":0},"west":{"uv":[15.0,5.0,14.75,6.0],"rotation":90,"texture":"#0","tintindex":0},"up":{"uv":[15.0,5.0,14.75,6.0],"rotation":180,"texture":"#0","tintindex":0},"down":{"uv":[15.0,5.0,14.75,6.0],"rotation":180,"texture":"#0","tintindex":0}}},{"from":[11.01416,13.406863,11.232423],"to":[11.343098,13.848944,12.57884],"rotation":{"angle":-45.0,"axis":"x","origin":[11.178629,13.231903,12.245058]},"faces":{"east":{"uv":[15.0,5.0,14.75,6.0],"rotation":90,"texture":"#0","tintindex":0},"south":{"uv":[15.0,5.0,14.75,5.5],"rotation":90,"texture":"#0","tintindex":0},"north":{"uv":[15.0,5.0,14.75,5.5],"rotation":90,"texture":"#0","tintindex":0},"west":{"uv":[15.0,5.0,14.75,6.0],"rotation":90,"texture":"#0","tintindex":0},"up":{"uv":[15.0,5.0,14.75,6.0],"rotation":180,"texture":"#0","tintindex":0},"down":{"uv":[15.0,5.0,14.75,6.0],"rotation":180,"texture":"#0","tintindex":0}}},{"from":[4.6535196,13.406863,11.232423],"to":[4.982457,13.848944,12.57884],"rotation":{"angle":-45.0,"axis":"x","origin":[4.8179884,13.231903,12.245058]},"faces":{"east":{"uv":[15.0,5.0,14.75,6.0],"rotation":90,"texture":"#0","tintindex":0},"south":{"uv":[15.0,5.0,14.75,5.5],"rotation":90,"texture":"#0","tintindex":0},"north":{"uv":[15.0,5.0,14.75,5.5],"rotation":90,"texture":"#0","tintindex":0},"west":{"uv":[15.0,5.0,14.75,6.0],"rotation":90,"texture":"#0","tintindex":0},"up":{"uv":[15.0,5.0,14.75,6.0],"rotation":180,"texture":"#0","tintindex":0},"down":{"uv":[15.0,5.0,14.75,6.0],"rotation":180,"texture":"#0","tintindex":0}}},{"from":[10.549983,9.991835,9.469829],"to":[14.046114,10.547057,10.025051],"rotation":{"angle":45.0,"axis":"z","origin":[8.734052,11.796874,8.446297]},"faces":{"east":{"uv":[14.99291,5.24291,14.75,5.0],"rotation":90,"texture":"#0","tintindex":0},"south":{"uv":[14.99291,6.5295577,14.75,5.0],"rotation":90,"texture":"#0","tintindex":0},"north":{"uv":[14.99291,6.5295577,14.75,5.0],"rotation":90,"texture":"#0","tintindex":0},"west":{"uv":[14.99291,5.24291,14.75,5.0],"rotation":90,"texture":"#0","tintindex":0},"up":{"uv":[14.99291,6.5295577,14.75,5.0],"rotation":90,"texture":"#0","tintindex":0},"down":{"uv":[14.99291,6.5295577,14.75,5.0],"rotation":90,"texture":"#0","tintindex":0}}},{"from":[1.9505024,9.991835,9.469829],"to":[5.4466343,10.547057,10.025051],"rotation":{"angle":-45.0,"axis":"z","origin":[7.2625656,11.796874,8.446297]},"faces":{"east":{"uv":[14.99291,5.24291,14.75,5.0],"rotation":90,"texture":"#0","tintindex":0},"south":{"uv":[14.99291,6.5295577,14.75,5.0],"rotation":90,"texture":"#0","tintindex":0},"north":{"uv":[14.99291,6.5295577,14.75,5.0],"rotation":90,"texture":"#0","tintindex":0},"west":{"uv":[14.99291,5.24291,14.75,5.0],"rotation":90,"texture":"#0","tintindex":0},"up":{"uv":[14.99291,6.5295577,14.75,5.0],"rotation":90,"texture":"#0","tintindex":0},"down":{"uv":[14.99291,6.5295577,14.75,5.0],"rotation":90,"texture":"#0","tintindex":0}}},{"from":[13.714167,13.621623,9.582972],"to":[15.173726,14.063709,9.911909],"rotation":{"angle":22.5,"axis":"z","origin":[12.294235,13.163812,9.74744]},"faces":{"east":{"uv":[14.94341,5.14391,14.75,5.0],"rotation":90,"texture":"#0","tintindex":0},"south":{"uv":[14.94341,5.6385574,14.75,5.0],"rotation":90,"texture":"#0","tintindex":0},"north":{"uv":[14.94341,5.6385574,14.75,5.0],"rotation":90,"texture":"#0","tintindex":0},"west":{"uv":[14.94341,5.14391,14.75,5.0],"rotation":90,"texture":"#0","tintindex":0},"up":{"uv":[14.89391,5.6385574,14.75,5.0],"rotation":90,"texture":"#0","tintindex":0},"down":{"uv":[14.89391,5.6385574,14.75,5.0],"rotation":90,"texture":"#0","tintindex":0}}},{"from":[0.82289076,13.621623,9.582972],"to":[2.2824512,14.063709,9.911909],"rotation":{"angle":-22.5,"axis":"z","origin":[3.7023826,13.163812,9.74744]},"faces":{"east":{"uv":[14.94341,5.14391,14.75,5.0],"rotation":90,"texture":"#0","tintindex":0},"south":{"uv":[14.94341,5.6385574,14.75,5.0],"rotation":90,"texture":"#0","tintindex":0},"north":{"uv":[14.94341,5.6385574,14.75,5.0],"rotation":90,"texture":"#0","tintindex":0},"west":{"uv":[14.94341,5.14391,14.75,5.0],"rotation":90,"texture":"#0","tintindex":0},"up":{"uv":[14.89391,5.6385574,14.75,5.0],"rotation":90,"texture":"#0","tintindex":0},"down":{"uv":[14.89391,5.6385574,14.75,5.0],"rotation":90,"texture":"#0","tintindex":0}}},{"from":[14.614126,14.791498,9.65188],"to":[16.073687,15.120435,9.867674],"rotation":{"angle":45.0,"axis":"z","origin":[14.721617,14.842823,9.74744]},"faces":{"east":{"uv":[14.89391,5.09441,14.75,5.0],"rotation":90,"texture":"#0","tintindex":0},"south":{"uv":[14.89391,5.6385574,14.75,5.0],"rotation":90,"texture":"#0","tintindex":0},"north":{"uv":[14.89391,5.6385574,14.75,5.0],"rotation":90,"texture":"#0","tintindex":0},"west":{"uv":[14.89391,5.09441,14.75,5.0],"rotation":90,"texture":"#0","tintindex":0},"up":{"uv":[14.84441,5.6385574,14.75,5.0],"rotation":90,"texture":"#0","tintindex":0},"down":{"uv":[14.84441,5.6385574,14.75,5.0],"rotation":90,"texture":"#0","tintindex":0}}},{"from":[-0.07706833,14.791498,9.65188],"to":[1.3824911,15.120435,9.867674],"rotation":{"angle":-45.0,"axis":"z","origin":[1.2749996,14.842823,9.74744]},"faces":{"east":{"uv":[14.89391,5.09441,14.75,5.0],"rotation":90,"texture":"#0","tintindex":0},"south":{"uv":[14.89391,5.6385574,14.75,5.0],"rotation":90,"texture":"#0","tintindex":0},"north":{"uv":[14.89391,5.6385574,14.75,5.0],"rotation":90,"texture":"#0","tintindex":0},"west":{"uv":[14.89391,5.09441,14.75,5.0],"rotation":90,"texture":"#0","tintindex":0},"up":{"uv":[14.84441,5.6385574,14.75,5.0],"rotation":90,"texture":"#0","tintindex":0},"down":{"uv":[14.84441,5.6385574,14.75,5.0],"rotation":90,"texture":"#0","tintindex":0}}},{"from":[8.198594,11.157583,9.356686],"to":[11.242154,11.825949,10.025051],"rotation":{"angle":22.5,"axis":"z","origin":[9.494091,12.396909,9.860583]},"faces":{"east":{"uv":[14.99291,5.24291,14.75,5.0],"rotation":90,"texture":"#0","tintindex":0},"south":{"uv":[14.99291,6.5295577,14.75,5.0],"rotation":90,"texture":"#0","tintindex":0},"north":{"uv":[14.99291,6.5295577,14.75,5.0],"rotation":90,"texture":"#0","tintindex":0},"west":{"uv":[14.99291,5.24291,14.75,5.0],"rotation":90,"texture":"#0","tintindex":0},"up":{"uv":[14.99291,6.5295577,14.75,5.0],"rotation":90,"texture":"#0","tintindex":0},"down":{"uv":[14.99291,6.5295577,14.75,5.0],"rotation":90,"texture":"#0","tintindex":0}}},{"from":[4.7544627,11.157583,9.356686],"to":[7.7980227,11.825949,10.025051],"rotation":{"angle":-22.5,"axis":"z","origin":[6.502526,12.396909,9.860583]},"faces":{"east":{"uv":[14.99291,5.24291,14.75,5.0],"rotation":90,"texture":"#0","tintindex":0},"south":{"uv":[14.99291,6.5295577,14.75,5.0],"rotation":90,"texture":"#0","tintindex":0},"north":{"uv":[14.99291,6.5295577,14.75,5.0],"rotation":90,"texture":"#0","tintindex":0},"west":{"uv":[14.99291,5.24291,14.75,5.0],"rotation":90,"texture":"#0","tintindex":0},"up":{"uv":[14.99291,6.5295577,14.75,5.0],"rotation":90,"texture":"#0","tintindex":0},"down":{"uv":[14.99291,6.5295577,14.75,5.0],"rotation":90,"texture":"#0","tintindex":0}}},{"from":[12.408514,13.533583,8.696063],"to":[15.112646,13.975663,9.251286],"rotation":{"angle":45.0,"axis":"y","origin":[13.534298,13.867765,8.860532]},"faces":{"east":{"uv":[15.0,5.25,14.75,5.75],"rotation":90,"texture":"#0","tintindex":0},"south":{"uv":[15.0,5.0,14.75,6.75],"rotation":90,"texture":"#0","tintindex":0},"north":{"uv":[15.0,5.0,14.75,6.75],"rotation":90,"texture":"#0","tintindex":0},"west":{"uv":[15.0,5.25,14.75,5.75],"rotation":90,"texture":"#0","tintindex":0},"up":{"uv":[15.0,5.0,14.75,6.75],"rotation":90,"texture":"#0","tintindex":0},"down":{"uv":[15.0,5.0,14.75,6.75],"rotation":90,"texture":"#0","tintindex":0}}},{"from":[0.8839712,13.533583,8.696063],"to":[3.5881028,13.975663,9.251286],"rotation":{"angle":-45.0,"axis":"y","origin":[2.4623199,13.867765,8.860532]},"faces":{"east":{"uv":[15.0,5.0,14.75,6.75],"rotation":90,"texture":"#0","tintindex":0},"south":{"uv":[15.0,5.0,14.75,6.75],"rotation":90,"texture":"#0","tintindex":0},"north":{"uv":[15.0,5.0,14.75,6.75],"rotation":90,"texture":"#0","tintindex":0},"west":{"uv":[15.0,5.0,14.75,6.75],"rotation":90,"texture":"#0","tintindex":0},"up":{"uv":[15.0,5.0,14.75,6.75],"rotation":90,"texture":"#0","tintindex":0},"down":{"uv":[15.0,5.0,14.75,6.75],"rotation":90,"texture":"#0","tintindex":0}}},{"from":[14.345766,13.986155,6.907811],"to":[14.787846,14.315092,7.9148],"rotation":{"angle":22.5,"axis":"x","origin":[14.566806,13.754623,6.8455887]},"faces":{"east":{"uv":[15.5,5.0,14.75,7.0],"rotation":90,"texture":"#0","tintindex":0},"south":{"uv":[15.5,5.0,14.75,5.75],"rotation":90,"texture":"#0","tintindex":0},"north":{"uv":[15.5,5.0,14.75,5.75],"rotation":90,"texture":"#0","tintindex":0},"west":{"uv":[15.5,5.0,14.75,7.0],"rotation":90,"texture":"#0","tintindex":0},"up":{"uv":[15.5,5.0,14.75,7.0],"rotation":180,"texture":"#0","tintindex":0},"down":{"uv":[15.5,5.0,14.75,7.0],"rotation":180,"texture":"#0","tintindex":0}}},{"from":[1.2087712,13.986155,6.907811],"to":[1.6508512,14.315092,7.9148],"rotation":{"angle":22.5,"axis":"x","origin":[1.429811,13.754623,6.8455887]},"faces":{"east":{"uv":[15.5,7.0,14.75,5.0],"rotation":90,"texture":"#0","tintindex":0},"south":{"uv":[15.5,5.75,14.75,5.0],"rotation":90,"texture":"#0","tintindex":0},"north":{"uv":[15.5,5.75,14.75,5.0],"rotation":90,"texture":"#0","tintindex":0},"west":{"uv":[15.5,7.0,14.75,5.0],"rotation":90,"texture":"#0","tintindex":0},"up":{"uv":[14.75,5.0,15.5,7.0],"rotation":180,"texture":"#0","tintindex":0},"down":{"uv":[14.75,5.0,15.5,7.0],"rotation":180,"texture":"#0","tintindex":0}}},{"from":[14.458909,13.626377,6.2242913],"to":[14.674704,13.842172,7.23128],"rotation":{"angle":45.0,"axis":"x","origin":[14.566806,13.903989,7.519783]},"faces":{"east":{"uv":[15.5,5.0,14.75,7.5],"rotation":90,"texture":"#0","tintindex":0},"south":{"uv":[15.5,5.0,14.75,5.75],"rotation":0,"texture":"#0","tintindex":0},"north":{"uv":[15.5,5.0,14.75,5.75],"rotation":0,"texture":"#0","tintindex":0},"west":{"uv":[15.5,5.0,14.75,7.5],"rotation":90,"texture":"#0","tintindex":0},"up":{"uv":[15.25,5.0,14.75,6.0],"rotation":0,"texture":"#0","tintindex":0},"down":{"uv":[15.25,5.0,14.75,6.0],"rotation":0,"texture":"#0","tintindex":0}}},{"from":[1.3219137,13.626377,6.2242913],"to":[1.5377088,13.842172,7.23128],"rotation":{"angle":45.0,"axis":"x","origin":[1.429811,13.903989,7.519783]},"faces":{"east":{"uv":[15.5,7.5,14.75,5.0],"rotation":90,"texture":"#0","tintindex":0},"south":{"uv":[14.75,5.0,15.5,5.75],"rotation":0,"texture":"#0","tintindex":0},"north":{"uv":[14.75,5.0,15.5,5.75],"rotation":0,"texture":"#0","tintindex":0},"west":{"uv":[15.5,7.5,14.75,5.0],"rotation":90,"texture":"#0","tintindex":0},"up":{"uv":[14.75,5.0,15.25,6.0],"rotation":0,"texture":"#0","tintindex":0},"down":{"uv":[14.75,5.0,15.25,6.0],"rotation":0,"texture":"#0","tintindex":0}}},{"from":[6.1382227,9.306926,7.3176913],"to":[9.74588,10.096103,8.896046],"rotation":{"angle":0.0,"axis":"y","origin":[7.9840684,3.9293027,11.593646]},"faces":{"east":{"uv":[10.5,4.25,9.75,4.75],"rotation":0,"texture":"#0","tintindex":0},"south":{"uv":[7.0,3.5,6.0,5.0],"rotation":0,"texture":"#0","tintindex":0},"north":{"uv":[7.0,3.5,6.0,5.0],"rotation":0,"texture":"#0","tintindex":0},"west":{"uv":[10.5,4.25,9.75,4.75],"rotation":0,"texture":"#0","tintindex":0},"up":{"uv":[10.75,3.5,9.75,4.5],"rotation":0,"texture":"#0","tintindex":0},"down":{"uv":[7.25,3.5,6.25,5.0],"rotation":0,"texture":"#0","tintindex":0}}},{"from":[6.1382227,10.096103,6.415777],"to":[7.152874,10.659801,8.896046],"rotation":{"angle":0.0,"axis":"y","origin":[7.9840684,3.9293027,11.593646]},"faces":{"east":{"uv":[10.75,3.5,9.75,4.5],"rotation":0,"texture":"#0","tintindex":0},"south":{"uv":[7.0,3.5,6.0,5.0],"rotation":0,"texture":"#0","tintindex":0},"north":{"uv":[11.25,4.5,10.75,4.75],"rotation":0,"texture":"#0","tintindex":0},"west":{"uv":[11.5,4.25,10.75,4.5],"rotation":0,"texture":"#0","tintindex":0},"up":{"uv":[11.25,4.0,10.75,4.75],"rotation":0,"texture":"#0","tintindex":0},"down":{"uv":[10.25,3.5,9.75,4.25],"rotation":0,"texture":"#0","tintindex":0}}},{"from":[6.0818515,10.096103,6.30304],"to":[7.096503,10.096103,7.3176913],"rotation":{"angle":0.0,"axis":"y","origin":[7.9840684,3.9293027,11.593646]},"faces":{"east":{"uv":[9.75,5.5,9.5,5.75],"rotation":0,"texture":"#0","tintindex":0},"south":{"uv":[9.75,5.5,9.5,5.75],"rotation":0,"texture":"#0","tintindex":0},"north":{"uv":[9.75,5.5,9.5,5.75],"rotation":0,"texture":"#0","tintindex":0},"west":{"uv":[9.75,5.5,9.5,5.75],"rotation":0,"texture":"#0","tintindex":0},"up":{"uv":[9.75,5.5,9.5,5.75],"rotation":0,"texture":"#0","tintindex":0},"down":{"uv":[9.75,5.5,9.5,5.75],"rotation":0,"texture":"#0","tintindex":0}}},{"from":[8.787595,10.096103,6.30304],"to":[9.802252,10.096103,7.3176913],"rotation":{"angle":0.0,"axis":"y","origin":[7.9840684,3.9293027,11.593646]},"faces":{"east":{"uv":[9.75,5.5,9.5,5.75],"rotation":0,"texture":"#0","tintindex":0},"south":{"uv":[9.75,5.5,9.5,5.75],"rotation":0,"texture":"#0","tintindex":0},"north":{"uv":[9.75,5.5,9.5,5.75],"rotation":0,"texture":"#0","tintindex":0},"west":{"uv":[9.75,5.5,9.5,5.75],"rotation":0,"texture":"#0","tintindex":0},"up":{"uv":[9.75,5.5,9.5,5.75],"rotation":0,"texture":"#0","tintindex":0},"down":{"uv":[9.75,5.5,9.5,5.75],"rotation":0,"texture":"#0","tintindex":0}}},{"from":[6.1382227,7.0521374,6.415777],"to":[7.152874,9.306926,8.896046],"rotation":{"angle":0.0,"axis":"y","origin":[7.9840684,3.9293027,11.593646]},"faces":{"east":{"uv":[10.75,3.5,9.75,4.5],"rotation":0,"texture":"#0","tintindex":0},"south":{"uv":[10.25,3.5,9.75,4.5],"rotation":0,"texture":"#0","tintindex":0},"north":{"uv":[10.25,4.0,10.75,5.0],"rotation":0,"texture":"#0","tintindex":0},"west":{"uv":[11.25,4.0,10.25,5.0],"rotation":0,"texture":"#0","tintindex":0},"up":{"uv":[10.75,3.5,9.75,4.5],"rotation":0,"texture":"#0","tintindex":0},"down":{"uv":[7.25,3.5,6.25,5.0],"rotation":0,"texture":"#0","tintindex":0}}},{"from":[8.731229,10.096103,6.415777],"to":[9.74588,10.659801,8.896046],"rotation":{"angle":0.0,"axis":"y","origin":[7.9840684,3.9293027,11.593646]},"faces":{"east":{"uv":[11.5,4.25,10.75,4.5],"rotation":0,"texture":"#0","tintindex":0},"south":{"uv":[7.0,3.5,6.0,5.0],"rotation":0,"texture":"#0","tintindex":0},"north":{"uv":[11.25,4.5,10.75,4.75],"rotation":0,"texture":"#0","tintindex":0},"west":{"uv":[10.75,3.5,9.75,4.5],"rotation":0,"texture":"#0","tintindex":0},"up":{"uv":[11.25,4.0,10.75,4.75],"rotation":0,"texture":"#0","tintindex":0},"down":{"uv":[10.25,3.5,9.75,4.25],"rotation":0,"texture":"#0","tintindex":0}}},{"from":[8.843966,7.0521374,6.415777],"to":[9.74588,9.306926,8.896046],"rotation":{"angle":0.0,"axis":"y","origin":[7.9840684,3.9293027,11.593646]},"faces":{"east":{"uv":[10.25,4.0,11.25,5.0],"rotation":0,"texture":"#0","tintindex":0},"south":{"uv":[10.25,3.5,9.75,4.5],"rotation":0,"texture":"#0","tintindex":0},"north":{"uv":[10.25,4.0,10.75,5.0],"rotation":0,"texture":"#0","tintindex":0},"west":{"uv":[10.75,3.5,9.75,4.5],"rotation":0,"texture":"#0","tintindex":0},"up":{"uv":[10.75,3.5,9.75,4.5],"rotation":0,"texture":"#0","tintindex":0},"down":{"uv":[7.25,3.5,6.25,5.0],"rotation":0,"texture":"#0","tintindex":0}}},{"from":[6.25096,9.306926,6.52852],"to":[6.814657,10.096103,7.3176913],"rotation":{"angle":0.0,"axis":"y","origin":[7.9840684,3.9293027,11.593646]},"faces":{"east":{"uv":[4.5,2.75,3.5,3.5],"rotation":0,"texture":"#0","tintindex":0},"south":{"uv":[4.5,2.75,3.5,3.5],"rotation":0,"texture":"#0","tintindex":0},"north":{"uv":[4.25,3.5,3.25,2.75],"rotation":0,"texture":"#0","tintindex":0},"west":{"uv":[3.5,3.5,4.25,2.75],"rotation":0,"texture":"#0","tintindex":0},"up":{"uv":[4.5,2.75,3.5,3.5],"rotation":0,"texture":"#0","tintindex":0},"down":{"uv":[4.5,2.75,3.5,3.5],"rotation":0,"texture":"#0","tintindex":0}}},{"from":[9.069446,9.306926,6.52852],"to":[9.633142,10.096103,7.3176913],"rotation":{"angle":0.0,"axis":"y","origin":[7.9840684,3.9293027,11.593646]},"faces":{"east":{"uv":[4.25,3.5,3.5,2.75],"rotation":0,"texture":"#0","tintindex":0},"south":{"uv":[4.5,2.75,3.5,3.5],"rotation":0,"texture":"#0","tintindex":0},"north":{"uv":[3.25,3.5,4.25,2.75],"rotation":0,"texture":"#0","tintindex":0},"west":{"uv":[4.5,2.75,3.5,3.5],"rotation":0,"texture":"#0","tintindex":0},"up":{"uv":[4.5,2.75,3.5,3.5],"rotation":0,"texture":"#0","tintindex":0},"down":{"uv":[4.5,2.75,3.5,3.5],"rotation":0,"texture":"#0","tintindex":0}}},{"from":[5.271097,10.168806,8.105257],"to":[6.73832,12.314892,8.556211],"rotation":{"angle":45.0,"axis":"z","origin":[6.7578855,10.828103,8.330737]},"faces":{"east":{"uv":[8.5,3.5,8.25,4.0],"rotation":0,"texture":"#0","tintindex":0},"south":{"uv":[8.75,3.5,8.25,4.0],"rotation":0,"texture":"#0","tintindex":0},"north":{"uv":[13.75,1.5,12.75,2.75],"rotation":0,"texture":"#0","tintindex":0},"west":{"uv":[8.5,3.5,8.25,4.0],"rotation":0,"texture":"#0","tintindex":0},"up":{"uv":[8.5,3.5,8.25,4.0],"rotation":90,"texture":"#0","tintindex":0},"down":{"uv":[7.25,3.5,6.25,5.0],"rotation":0,"texture":"#0","tintindex":0}}},{"from":[9.145777,10.168806,8.105257],"to":[10.613006,12.314892,8.556211],"rotation":{"angle":-45.0,"axis":"z","origin":[9.126217,10.828103,8.330737]},"faces":{"east":{"uv":[8.5,3.5,8.25,4.0],"rotation":0,"texture":"#0","tintindex":0},"south":{"uv":[8.75,3.5,8.25,4.0],"rotation":0,"texture":"#0","tintindex":0},"north":{"uv":[13.75,1.5,12.75,2.75],"rotation":0,"texture":"#0","tintindex":0},"west":{"uv":[8.5,3.5,8.25,4.0],"rotation":0,"texture":"#0","tintindex":0},"up":{"uv":[8.5,3.5,8.25,4.0],"rotation":90,"texture":"#0","tintindex":0},"down":{"uv":[7.25,3.5,6.25,5.0],"rotation":0,"texture":"#0","tintindex":0}}},{"from":[7.152874,7.362017,4.8200283],"to":[8.731229,9.955023,7.525771],"rotation":{"angle":-22.5,"axis":"x","origin":[7.9420514,8.65852,6.1728973]},"faces":{"east":{"uv":[11.25,4.0,10.25,5.0],"rotation":0,"texture":"#0","tintindex":0},"south":{"uv":[7.0,3.5,6.0,5.0],"rotation":0,"texture":"#0","tintindex":0},"north":{"uv":[7.0,3.5,6.0,5.0],"rotation":0,"texture":"#0","tintindex":0},"west":{"uv":[10.25,4.0,11.25,5.0],"rotation":0,"texture":"#0","tintindex":0},"up":{"uv":[10.25,6.0,9.0,7.0],"rotation":0,"texture":"#0","tintindex":0},"down":{"uv":[7.25,3.5,6.25,5.0],"rotation":0,"texture":"#0","tintindex":0}}},{"from":[7.0397315,10.207886,6.1373086],"to":[8.844372,11.782606,7.9379086],"rotation":{"angle":-22.5,"axis":"x","origin":[7.9840684,3.9293027,11.480503]},"faces":{"east":{"uv":[11.25,4.0,10.25,5.0],"rotation":0,"texture":"#0","tintindex":0},"south":{"uv":[7.0,3.5,6.0,5.0],"rotation":0,"texture":"#0","tintindex":0},"north":{"uv":[7.0,3.5,6.0,5.0],"rotation":0,"texture":"#0","tintindex":0},"west":{"uv":[10.25,4.0,11.25,5.0],"rotation":0,"texture":"#0","tintindex":0},"up":{"uv":[10.25,5.0,9.0,6.0],"rotation":0,"texture":"#0","tintindex":0},"down":{"uv":[7.25,3.5,6.25,5.0],"rotation":0,"texture":"#0","tintindex":0}}},{"from":[7.0401373,6.9548454,4.2645826],"to":[8.843966,8.30772,5.5610857],"rotation":{"angle":0.0,"axis":"y","origin":[7.9840684,3.9293027,11.480503]},"faces":{"east":{"uv":[9.0,3.5,8.0,4.25],"rotation":0,"texture":"#0","tintindex":0},"south":{"uv":[9.0,3.5,8.0,4.25],"rotation":0,"texture":"#0","tintindex":0},"north":{"uv":[9.0,3.5,8.0,4.25],"rotation":0,"texture":"#0","tintindex":0},"west":{"uv":[9.0,3.5,8.0,4.25],"rotation":0,"texture":"#0","tintindex":0},"up":{"uv":[9.0,3.5,8.0,4.25],"rotation":0,"texture":"#0","tintindex":0},"down":{"uv":[9.0,3.5,8.0,4.25],"rotation":0,"texture":"#0","tintindex":0}}},{"from":[7.266823,10.495691,6.036034],"to":[8.617274,11.8477545,7.161817],"rotation":{"angle":-22.5,"axis":"x","origin":[7.9840684,3.9293027,11.593646]},"faces":{"east":{"uv":[15.5,0.25,14.75,1.25],"rotation":0,"texture":"#0","tintindex":0},"south":{"uv":[15.75,0.5,15.0,1.0],"rotation":0,"texture":"#0","tintindex":0},"north":{"uv":[15.75,1.25,14.75,2.25],"rotation":0,"texture":"#0","tintindex":0},"west":{"uv":[15.75,0.25,15.0,1.25],"rotation":0,"texture":"#0","tintindex":0},"up":{"uv":[15.75,1.5,14.75,2.5],"rotation":0,"texture":"#0","tintindex":0},"down":{"uv":[15.75,0.5,15.0,1.0],"rotation":0,"texture":"#0","tintindex":0}}}],"display":{"head":{"translation":[0.0,-6.4,0.0],"scale":[4.0,4.0,4.0]}}}