{"textures":{"0":"modelengine:entity/deer"},"elements":[{"from":[7.453234,6.514571,7.755497],"to":[8.949977,10.198863,9.482509],"rotation":{"angle":0.0,"axis":"y","origin":[10.374497,13.607417,8.74812]},"faces":{"east":{"uv":[1.0,5.25,0.0,7.0],"rotation":0,"texture":"#0","tintindex":0},"south":{"uv":[1.25,5.25,0.25,7.0],"rotation":0,"texture":"#0","tintindex":0},"north":{"uv":[1.0,5.25,0.0,7.0],"rotation":0,"texture":"#0","tintindex":0},"west":{"uv":[1.0,5.25,0.0,7.0],"rotation":0,"texture":"#0","tintindex":0},"up":{"uv":[1.0,5.25,0.0,7.0],"rotation":0,"texture":"#0","tintindex":0},"down":{"uv":[1.0,5.25,0.0,7.0],"rotation":0,"texture":"#0","tintindex":0}}},{"from":[7.338097,2.92548,7.241874],"to":[9.065108,4.0768228,8.853754],"rotation":{"angle":0.0,"axis":"y","origin":[10.374497,13.607417,8.74812]},"faces":{"east":{"uv":[15.75,1.5,14.75,2.5],"rotation":0,"texture":"#0","tintindex":0},"south":{"uv":[15.75,1.5,14.75,2.5],"rotation":0,"texture":"#0","tintindex":0},"north":{"uv":[15.75,1.5,14.75,2.5],"rotation":0,"texture":"#0","tintindex":0},"west":{"uv":[15.75,1.5,14.75,2.5],"rotation":0,"texture":"#0","tintindex":0},"up":{"uv":[15.75,1.5,14.75,2.5],"rotation":0,"texture":"#0","tintindex":0},"down":{"uv":[15.75,1.5,14.75,2.5],"rotation":0,"texture":"#0","tintindex":0}}},{"from":[7.5683656,3.636217,7.985766],"to":[8.83484,6.6297026,9.25224],"rotation":{"angle":0.0,"axis":"y","origin":[10.374497,13.607417,8.74812]},"faces":{"east":{"uv":[7.25,5.5,6.25,7.25],"rotation":0,"texture":"#0","tintindex":0},"south":{"uv":[7.25,5.5,6.25,7.25],"rotation":0,"texture":"#0","tintindex":0},"north":{"uv":[7.25,5.5,6.25,7.25],"rotation":0,"texture":"#0","tintindex":0},"west":{"uv":[7.25,5.5,6.25,7.25],"rotation":0,"texture":"#0","tintindex":0},"up":{"uv":[7.25,5.5,6.25,7.25],"rotation":0,"texture":"#0","tintindex":0},"down":{"uv":[7.25,5.5,6.25,7.25],"rotation":0,"texture":"#0","tintindex":0}}}],"display":{"head":{"translation":[0.0,-6.4,0.0],"scale":[4.0,4.0,4.0]}}}