{"textures":{"0":"modelengine:entity/deer"},"elements":[{"from":[6.46916,4.6966457,5.91096],"to":[8.196172,8.611206,8.328783],"rotation":{"angle":-22.5,"axis":"x","origin":[9.50556,9.224897,8.885686]},"faces":{"east":{"uv":[10.5,3.5,9.75,5.0],"rotation":0,"texture":"#0","tintindex":0},"south":{"uv":[10.5,3.5,9.75,5.0],"rotation":0,"texture":"#0","tintindex":0},"north":{"uv":[10.5,3.5,9.75,5.0],"rotation":0,"texture":"#0","tintindex":0},"west":{"uv":[10.5,3.5,9.75,5.0],"rotation":0,"texture":"#0","tintindex":0},"up":{"uv":[10.5,3.5,9.75,5.0],"rotation":0,"texture":"#0","tintindex":0},"down":{"uv":[10.5,3.5,9.75,5.0],"rotation":0,"texture":"#0","tintindex":0}}},{"from":[6.3540287,6.637434,7.1207485],"to":[8.08104,9.285521,10.229372],"rotation":{"angle":22.5,"axis":"x","origin":[9.50556,9.224897,8.885686]},"faces":{"east":{"uv":[10.75,3.5,9.75,4.5],"rotation":0,"texture":"#0","tintindex":0},"south":{"uv":[10.75,3.5,9.75,4.5],"rotation":0,"texture":"#0","tintindex":0},"north":{"uv":[10.75,3.5,9.75,4.5],"rotation":0,"texture":"#0","tintindex":0},"west":{"uv":[10.75,3.5,9.75,4.5],"rotation":0,"texture":"#0","tintindex":0},"up":{"uv":[10.75,3.5,9.75,4.5],"rotation":0,"texture":"#0","tintindex":0},"down":{"uv":[10.75,3.5,9.75,4.5],"rotation":0,"texture":"#0","tintindex":0}}}],"display":{"head":{"translation":[0.0,-6.4,0.0],"scale":[4.0,4.0,4.0]}}}