{"textures":{"0":"modelengine:entity/deer"},"elements":[{"from":[5.309131,1.0790567,5.395217],"to":[7.3815427,5.6844225,8.15844],"rotation":{"angle":-22.5,"axis":"x","origin":[8.690931,9.205103,1.9206109]},"faces":{"east":{"uv":[10.5,3.5,9.75,5.0],"rotation":0,"texture":"#0","tintindex":0},"south":{"uv":[10.5,3.5,9.75,5.0],"rotation":0,"texture":"#0","tintindex":0},"north":{"uv":[10.5,3.5,9.75,5.0],"rotation":0,"texture":"#0","tintindex":0},"west":{"uv":[10.5,3.5,9.75,5.0],"rotation":0,"texture":"#0","tintindex":0},"up":{"uv":[10.5,3.5,9.75,5.0],"rotation":0,"texture":"#0","tintindex":0},"down":{"uv":[10.5,3.5,9.75,5.0],"rotation":0,"texture":"#0","tintindex":0}}},{"from":[5.193994,6.6101885,6.4736514],"to":[8.187486,9.718811,9.697406],"rotation":{"angle":0.0,"axis":"y","origin":[8.690931,9.205103,1.9206109]},"faces":{"east":{"uv":[10.75,3.5,9.75,4.5],"rotation":0,"texture":"#0","tintindex":0},"south":{"uv":[10.75,3.5,9.75,4.5],"rotation":0,"texture":"#0","tintindex":0},"north":{"uv":[10.75,3.5,9.75,4.5],"rotation":0,"texture":"#0","tintindex":0},"west":{"uv":[10.75,3.5,9.75,4.5],"rotation":0,"texture":"#0","tintindex":0},"up":{"uv":[10.75,3.5,9.75,4.5],"rotation":0,"texture":"#0","tintindex":0},"down":{"uv":[10.75,3.5,9.75,4.5],"rotation":0,"texture":"#0","tintindex":0}}}],"display":{"head":{"translation":[0.0,-6.4,0.0],"scale":[4.0,4.0,4.0]}}}