{"textures":{"0":"modelengine:entity/deer"},"elements":[{"from":[7.627017,5.0417886,5.8973827],"to":[9.354034,8.956348,8.315206],"rotation":{"angle":-22.5,"axis":"x","origin":[6.5185885,9.57004,8.872108]},"faces":{"east":{"uv":[10.5,3.5,9.75,5.0],"rotation":0,"texture":"#0","tintindex":0},"south":{"uv":[10.5,3.5,9.75,5.0],"rotation":0,"texture":"#0","tintindex":0},"north":{"uv":[10.5,3.5,9.75,5.0],"rotation":0,"texture":"#0","tintindex":0},"west":{"uv":[10.5,3.5,9.75,5.0],"rotation":0,"texture":"#0","tintindex":0},"up":{"uv":[10.5,3.5,9.75,5.0],"rotation":0,"texture":"#0","tintindex":0},"down":{"uv":[10.5,3.5,9.75,5.0],"rotation":0,"texture":"#0","tintindex":0}}},{"from":[7.742154,6.9825773,7.1071715],"to":[9.469166,9.630663,10.215795],"rotation":{"angle":22.5,"axis":"x","origin":[6.5185885,9.57004,8.872108]},"faces":{"east":{"uv":[14.0,2.0,12.75,3.25],"rotation":0,"texture":"#0","tintindex":0},"south":{"uv":[13.75,1.5,12.75,3.25],"rotation":0,"texture":"#0","tintindex":0},"north":{"uv":[14.0,2.0,13.25,3.25],"rotation":0,"texture":"#0","tintindex":0},"west":{"uv":[13.75,1.5,12.75,3.25],"rotation":0,"texture":"#0","tintindex":0},"up":{"uv":[14.0,2.0,13.25,3.25],"rotation":0,"texture":"#0","tintindex":0},"down":{"uv":[13.75,1.5,12.75,3.25],"rotation":0,"texture":"#0","tintindex":0}}}],"display":{"head":{"translation":[0.0,-6.4,0.0],"scale":[4.0,4.0,4.0]}}}