{"textures":{"0":"modelengine:entity/deer"},"elements":[{"from":[8.6241255,1.021914,5.621503],"to":[10.696537,5.62728,8.384726],"rotation":{"angle":-22.5,"axis":"x","origin":[7.1702914,9.14796,2.1468968]},"faces":{"east":{"uv":[10.5,3.5,9.75,5.0],"rotation":0,"texture":"#0","tintindex":0},"south":{"uv":[10.5,3.5,9.75,5.0],"rotation":0,"texture":"#0","tintindex":0},"north":{"uv":[10.5,3.5,9.75,5.0],"rotation":0,"texture":"#0","tintindex":0},"west":{"uv":[10.5,3.5,9.75,5.0],"rotation":0,"texture":"#0","tintindex":0},"up":{"uv":[10.5,3.5,9.75,5.0],"rotation":0,"texture":"#0","tintindex":0},"down":{"uv":[10.5,3.5,9.75,5.0],"rotation":0,"texture":"#0","tintindex":0}}},{"from":[7.818183,6.5530457,6.699937],"to":[10.811674,9.661669,9.923692],"rotation":{"angle":0.0,"axis":"y","origin":[7.1702914,9.14796,2.1468968]},"faces":{"east":{"uv":[10.75,3.5,9.75,4.5],"rotation":0,"texture":"#0","tintindex":0},"south":{"uv":[10.75,3.5,9.75,4.5],"rotation":0,"texture":"#0","tintindex":0},"north":{"uv":[10.75,3.5,9.75,4.5],"rotation":0,"texture":"#0","tintindex":0},"west":{"uv":[10.75,3.5,9.75,4.5],"rotation":0,"texture":"#0","tintindex":0},"up":{"uv":[10.75,3.5,9.75,4.5],"rotation":0,"texture":"#0","tintindex":0},"down":{"uv":[10.75,3.5,9.75,4.5],"rotation":0,"texture":"#0","tintindex":0}}}],"display":{"head":{"translation":[0.0,-6.4,0.0],"scale":[4.0,4.0,4.0]}}}