{"textures":{"0":"modelengine:entity/deer"},"elements":[{"from":[5.7581425,6.3117256,7.12672],"to":[10.248377,10.460543,11.962355],"rotation":{"angle":0.0,"axis":"y","origin":[7.8734684,10.18636,4.373]},"faces":{"east":{"uv":[16.0,3.5,13.75,5.0],"rotation":0,"texture":"#0","tintindex":0},"south":{"uv":[7.5,3.5,9.0,5.0],"rotation":0,"texture":"#0","tintindex":0},"north":{"uv":[6.0,3.5,7.5,5.0],"rotation":0,"texture":"#0","tintindex":0},"west":{"uv":[12.0,3.5,9.75,5.0],"rotation":0,"texture":"#0","tintindex":0},"up":{"uv":[9.0,5.0,10.5,7.25],"rotation":0,"texture":"#0","tintindex":0},"down":{"uv":[6.0,7.25,7.5,5.0],"rotation":0,"texture":"#0","tintindex":0}}},{"from":[5.6430054,5.968314,2.9818854],"to":[10.363508,10.805943,7.587257],"rotation":{"angle":0.0,"axis":"y","origin":[7.8734684,10.18636,4.373]},"faces":{"east":{"uv":[5.5,1.5,7.0,3.25],"rotation":0,"texture":"#0","tintindex":0},"south":{"uv":[9.0,0.0,11.0,1.75],"rotation":0,"texture":"#0","tintindex":0},"north":{"uv":[7.0,0.0,9.0,1.75],"rotation":0,"texture":"#0","tintindex":0},"west":{"uv":[12.75,1.5,14.25,3.25],"rotation":0,"texture":"#0","tintindex":0},"up":{"uv":[10.75,1.75,12.75,3.25],"rotation":0,"texture":"#0","tintindex":0},"down":{"uv":[7.25,5.75,6.25,7.25],"rotation":0,"texture":"#0","tintindex":0}}},{"from":[6.4489484,6.6452227,1.4090972],"to":[8.981897,11.250588,3.3663769],"rotation":{"angle":-22.5,"axis":"x","origin":[7.8734684,10.18636,4.373]},"faces":{"east":{"uv":[7.0,3.5,6.0,4.75],"rotation":0,"texture":"#0","tintindex":0},"south":{"uv":[7.0,3.5,6.0,5.0],"rotation":0,"texture":"#0","tintindex":0},"north":{"uv":[7.25,5.0,6.25,7.25],"rotation":0,"texture":"#0","tintindex":0},"west":{"uv":[7.0,3.5,6.0,4.75],"rotation":0,"texture":"#0","tintindex":0},"up":{"uv":[10.5,7.5,9.5,8.5],"rotation":0,"texture":"#0","tintindex":0},"down":{"uv":[1.5,5.0,0.0,7.0],"rotation":0,"texture":"#0","tintindex":0}}},{"from":[7.024617,4.8492174,10.6022625],"to":[8.866766,8.904023,12.908926],"rotation":{"angle":0.0,"axis":"y","origin":[7.8734684,11.426137,7.7205143]},"faces":{"east":{"uv":[6.25,5.25,7.25,7.25],"rotation":0,"texture":"#0","tintindex":0},"south":{"uv":[6.25,5.25,7.25,7.25],"rotation":0,"texture":"#0","tintindex":0},"north":{"uv":[6.25,5.25,7.25,7.25],"rotation":0,"texture":"#0","tintindex":0},"west":{"uv":[6.25,5.25,7.25,7.25],"rotation":0,"texture":"#0","tintindex":0},"up":{"uv":[6.25,5.25,7.25,7.25],"rotation":0,"texture":"#0","tintindex":0},"down":{"uv":[6.25,5.25,7.25,7.25],"rotation":0,"texture":"#0","tintindex":0}}}],"display":{"head":{"translation":[0.0,-6.4,0.0],"scale":[4.0,4.0,4.0]}}}