{"textures":{"0":"modelengine:entity/deer"},"elements":[{"from":[6.61912,6.956623,6.58712],"to":[9.289692,9.436435,9.066937],"rotation":{"angle":0.0,"axis":"y","origin":[7.9899545,3.8378167,10.77684]},"faces":{"east":{"uv":[11.25,4.0,10.25,5.0],"rotation":0,"texture":"#0","tintindex":0},"south":{"uv":[10.5,5.0,9.0,6.5],"rotation":0,"texture":"#0","tintindex":0},"north":{"uv":[7.0,3.5,6.0,5.0],"rotation":0,"texture":"#0","tintindex":0},"west":{"uv":[11.25,4.0,10.25,5.0],"rotation":0,"texture":"#0","tintindex":0},"up":{"uv":[2.5,0.0,1.0,1.5],"rotation":0,"texture":"#0","tintindex":0},"down":{"uv":[7.25,3.5,6.25,5.0],"rotation":0,"texture":"#0","tintindex":0}}},{"from":[6.4283657,8.387286,7.1593885],"to":[9.480446,9.054926,8.494675],"rotation":{"angle":0.0,"axis":"y","origin":[7.9899545,3.8378167,10.77684]},"faces":{"east":{"uv":[10.5,4.25,9.75,4.75],"rotation":0,"texture":"#0","tintindex":0},"south":{"uv":[7.0,3.5,6.0,5.0],"rotation":0,"texture":"#0","tintindex":0},"north":{"uv":[7.0,3.5,6.0,5.0],"rotation":0,"texture":"#0","tintindex":0},"west":{"uv":[10.5,4.25,9.75,4.75],"rotation":0,"texture":"#0","tintindex":0},"up":{"uv":[10.75,3.5,9.75,4.5],"rotation":0,"texture":"#0","tintindex":0},"down":{"uv":[7.25,3.5,6.25,5.0],"rotation":0,"texture":"#0","tintindex":0}}},{"from":[6.4283657,9.054926,6.3963656],"to":[7.28676,9.531812,8.494675],"rotation":{"angle":0.0,"axis":"y","origin":[7.9899545,3.8378167,10.77684]},"faces":{"east":{"uv":[10.75,3.5,9.75,4.5],"rotation":0,"texture":"#0","tintindex":0},"south":{"uv":[7.0,3.5,6.0,5.0],"rotation":0,"texture":"#0","tintindex":0},"north":{"uv":[11.25,4.5,10.75,4.75],"rotation":0,"texture":"#0","tintindex":0},"west":{"uv":[11.5,4.25,10.75,4.5],"rotation":0,"texture":"#0","tintindex":0},"up":{"uv":[11.25,4.0,10.75,4.75],"rotation":0,"texture":"#0","tintindex":0},"down":{"uv":[10.25,3.5,9.75,4.25],"rotation":0,"texture":"#0","tintindex":0}}},{"from":[6.3806744,9.054926,6.3009887],"to":[7.239074,9.054926,7.1593885],"rotation":{"angle":0.0,"axis":"y","origin":[7.9899545,3.8378167,10.77684]},"faces":{"east":{"uv":[9.75,5.5,9.5,5.75],"rotation":0,"texture":"#0","tintindex":0},"south":{"uv":[9.75,5.5,9.5,5.75],"rotation":0,"texture":"#0","tintindex":0},"north":{"uv":[9.75,5.5,9.5,5.75],"rotation":0,"texture":"#0","tintindex":0},"west":{"uv":[9.75,5.5,9.5,5.75],"rotation":0,"texture":"#0","tintindex":0},"up":{"uv":[9.75,5.5,9.5,5.75],"rotation":0,"texture":"#0","tintindex":0},"down":{"uv":[9.75,5.5,9.5,5.75],"rotation":0,"texture":"#0","tintindex":0}}},{"from":[8.669737,9.054926,6.3009887],"to":[9.5281315,9.054926,7.1593885],"rotation":{"angle":0.0,"axis":"y","origin":[7.9899545,3.8378167,10.77684]},"faces":{"east":{"uv":[9.75,5.5,9.5,5.75],"rotation":0,"texture":"#0","tintindex":0},"south":{"uv":[9.75,5.5,9.5,5.75],"rotation":0,"texture":"#0","tintindex":0},"north":{"uv":[9.75,5.5,9.5,5.75],"rotation":0,"texture":"#0","tintindex":0},"west":{"uv":[9.75,5.5,9.5,5.75],"rotation":0,"texture":"#0","tintindex":0},"up":{"uv":[9.75,5.5,9.5,5.75],"rotation":0,"texture":"#0","tintindex":0},"down":{"uv":[9.75,5.5,9.5,5.75],"rotation":0,"texture":"#0","tintindex":0}}},{"from":[6.4283657,6.9368744,6.3963656],"to":[7.28676,8.387286,8.494675],"rotation":{"angle":0.0,"axis":"y","origin":[7.9899545,3.8378167,10.77684]},"faces":{"east":{"uv":[10.75,3.5,9.75,4.5],"rotation":0,"texture":"#0","tintindex":0},"south":{"uv":[10.25,3.5,9.75,4.5],"rotation":0,"texture":"#0","tintindex":0},"north":{"uv":[12.0,4.0,11.25,5.0],"rotation":0,"texture":"#0","tintindex":0},"west":{"uv":[12.0,4.0,11.0,5.0],"rotation":0,"texture":"#0","tintindex":0},"up":{"uv":[10.75,3.5,9.75,4.5],"rotation":0,"texture":"#0","tintindex":0},"down":{"uv":[12.0,4.5,11.0,5.0],"rotation":0,"texture":"#0","tintindex":0}}},{"from":[8.6220455,9.054926,6.3963656],"to":[9.480446,9.531812,8.494675],"rotation":{"angle":0.0,"axis":"y","origin":[7.9899545,3.8378167,10.77684]},"faces":{"east":{"uv":[11.5,4.25,10.75,4.5],"rotation":0,"texture":"#0","tintindex":0},"south":{"uv":[7.0,3.5,6.0,5.0],"rotation":0,"texture":"#0","tintindex":0},"north":{"uv":[11.25,4.5,10.75,4.75],"rotation":0,"texture":"#0","tintindex":0},"west":{"uv":[10.75,3.5,9.75,4.5],"rotation":0,"texture":"#0","tintindex":0},"up":{"uv":[11.25,4.0,10.75,4.75],"rotation":0,"texture":"#0","tintindex":0},"down":{"uv":[10.25,3.5,9.75,4.25],"rotation":0,"texture":"#0","tintindex":0}}},{"from":[8.7174225,6.9368744,6.3963656],"to":[9.480446,8.387286,8.494675],"rotation":{"angle":0.0,"axis":"y","origin":[7.9899545,3.8378167,10.77684]},"faces":{"east":{"uv":[11.0,4.0,12.0,5.0],"rotation":0,"texture":"#0","tintindex":0},"south":{"uv":[10.25,3.5,9.75,4.5],"rotation":0,"texture":"#0","tintindex":0},"north":{"uv":[11.25,4.0,12.0,5.0],"rotation":0,"texture":"#0","tintindex":0},"west":{"uv":[10.75,3.5,9.75,4.5],"rotation":0,"texture":"#0","tintindex":0},"up":{"uv":[10.75,3.5,9.75,4.5],"rotation":0,"texture":"#0","tintindex":0},"down":{"uv":[12.0,4.5,11.0,5.0],"rotation":0,"texture":"#0","tintindex":0}}},{"from":[6.5237427,8.387286,6.4917426],"to":[7.0006285,9.054926,7.1593885],"rotation":{"angle":0.0,"axis":"y","origin":[7.9899545,3.8378167,10.77684]},"faces":{"east":{"uv":[4.5,2.75,3.5,3.5],"rotation":0,"texture":"#0","tintindex":0},"south":{"uv":[4.5,2.75,3.5,3.5],"rotation":0,"texture":"#0","tintindex":0},"north":{"uv":[4.25,3.5,3.25,2.75],"rotation":0,"texture":"#0","tintindex":0},"west":{"uv":[3.5,3.5,4.25,2.75],"rotation":0,"texture":"#0","tintindex":0},"up":{"uv":[4.5,2.75,3.5,3.5],"rotation":0,"texture":"#0","tintindex":0},"down":{"uv":[4.5,2.75,3.5,3.5],"rotation":0,"texture":"#0","tintindex":0}}},{"from":[8.908177,8.387286,6.4917426],"to":[9.385069,9.054926,7.1593885],"rotation":{"angle":0.0,"axis":"y","origin":[7.9899545,3.8378167,10.77684]},"faces":{"east":{"uv":[4.25,3.5,3.5,2.75],"rotation":0,"texture":"#0","tintindex":0},"south":{"uv":[4.5,2.75,3.5,3.5],"rotation":0,"texture":"#0","tintindex":0},"north":{"uv":[3.25,3.5,4.25,2.75],"rotation":0,"texture":"#0","tintindex":0},"west":{"uv":[4.5,2.75,3.5,3.5],"rotation":0,"texture":"#0","tintindex":0},"up":{"uv":[4.5,2.75,3.5,3.5],"rotation":0,"texture":"#0","tintindex":0},"down":{"uv":[4.5,2.75,3.5,3.5],"rotation":0,"texture":"#0","tintindex":0}}},{"from":[5.3724914,9.116434,7.8256626],"to":[7.097194,11.415451,8.207177],"rotation":{"angle":45.0,"axis":"z","origin":[6.9526,9.6742,8.016423]},"faces":{"east":{"uv":[8.5,3.5,8.25,4.0],"rotation":0,"texture":"#0","tintindex":0},"south":{"uv":[8.75,3.5,8.25,4.0],"rotation":0,"texture":"#0","tintindex":0},"north":{"uv":[13.75,1.5,12.75,2.75],"rotation":0,"texture":"#0","tintindex":0},"west":{"uv":[8.5,3.5,8.25,4.0],"rotation":0,"texture":"#0","tintindex":0},"up":{"uv":[8.5,3.5,8.25,4.0],"rotation":90,"texture":"#0","tintindex":0},"down":{"uv":[7.25,3.5,6.25,5.0],"rotation":0,"texture":"#0","tintindex":0}}},{"from":[8.811617,9.116434,7.8256626],"to":[10.53632,11.415451,8.207177],"rotation":{"angle":-45.0,"axis":"z","origin":[8.956211,9.6742,8.016423]},"faces":{"east":{"uv":[8.5,3.5,8.25,4.0],"rotation":0,"texture":"#0","tintindex":0},"south":{"uv":[8.75,3.5,8.25,4.0],"rotation":0,"texture":"#0","tintindex":0},"north":{"uv":[13.75,1.5,12.75,2.75],"rotation":0,"texture":"#0","tintindex":0},"west":{"uv":[8.5,3.5,8.25,4.0],"rotation":0,"texture":"#0","tintindex":0},"up":{"uv":[8.5,3.5,8.25,4.0],"rotation":90,"texture":"#0","tintindex":0},"down":{"uv":[7.25,3.5,6.25,5.0],"rotation":0,"texture":"#0","tintindex":0}}},{"from":[7.3941884,6.91332,5.04636],"to":[8.514617,8.935572,7.335423],"rotation":{"angle":-22.5,"axis":"x","origin":[7.954406,7.8387313,6.1908913]},"faces":{"east":{"uv":[7.75,4.0,8.75,5.0],"rotation":0,"texture":"#0","tintindex":0},"south":{"uv":[7.0,3.5,6.0,5.0],"rotation":0,"texture":"#0","tintindex":0},"north":{"uv":[7.0,3.5,6.0,5.0],"rotation":0,"texture":"#0","tintindex":0},"west":{"uv":[7.75,4.0,8.75,5.0],"rotation":0,"texture":"#0","tintindex":0},"up":{"uv":[2.25,0.0,1.0,1.0],"rotation":0,"texture":"#0","tintindex":0},"down":{"uv":[12.0,4.5,11.0,5.0],"rotation":0,"texture":"#0","tintindex":0}}},{"from":[7.2984743,8.863783,6.160777],"to":[8.610337,10.195994,7.6840916],"rotation":{"angle":-22.5,"axis":"x","origin":[7.9899545,3.8378167,10.681126]},"faces":{"east":{"uv":[7.75,3.75,8.75,4.75],"rotation":0,"texture":"#0","tintindex":0},"south":{"uv":[7.0,3.5,6.0,5.0],"rotation":0,"texture":"#0","tintindex":0},"north":{"uv":[7.75,3.75,8.75,4.75],"rotation":0,"texture":"#0","tintindex":0},"west":{"uv":[7.75,3.75,8.75,4.75],"rotation":0,"texture":"#0","tintindex":0},"up":{"uv":[2.25,0.0,1.0,1.0],"rotation":0,"texture":"#0","tintindex":0},"down":{"uv":[7.25,3.5,6.25,5.0],"rotation":0,"texture":"#0","tintindex":0}}},{"from":[7.2988114,6.5688515,4.576457],"to":[8.609994,7.541954,5.673297],"rotation":{"angle":0.0,"axis":"y","origin":[7.9899545,3.8378167,10.681126]},"faces":{"east":{"uv":[12.0,4.5,11.0,5.0],"rotation":0,"texture":"#0","tintindex":0},"south":{"uv":[9.0,3.5,8.0,4.25],"rotation":0,"texture":"#0","tintindex":0},"north":{"uv":[12.0,4.5,11.0,5.0],"rotation":0,"texture":"#0","tintindex":0},"west":{"uv":[12.0,4.5,11.0,5.0],"rotation":0,"texture":"#0","tintindex":0},"up":{"uv":[9.0,3.5,8.0,4.25],"rotation":0,"texture":"#0","tintindex":0},"down":{"uv":[12.0,4.5,11.0,5.0],"rotation":0,"texture":"#0","tintindex":0}}},{"from":[7.383166,9.621549,6.075103],"to":[8.525646,10.365395,7.0275145],"rotation":{"angle":-22.5,"axis":"x","origin":[7.9899545,3.8378167,10.77684]},"faces":{"east":{"uv":[15.5,0.25,14.75,1.25],"rotation":0,"texture":"#0","tintindex":0},"south":{"uv":[15.75,0.5,15.0,1.0],"rotation":0,"texture":"#0","tintindex":0},"north":{"uv":[15.75,1.25,14.75,2.25],"rotation":0,"texture":"#0","tintindex":0},"west":{"uv":[15.75,0.25,15.0,1.25],"rotation":0,"texture":"#0","tintindex":0},"up":{"uv":[15.75,1.5,14.75,2.5],"rotation":0,"texture":"#0","tintindex":0},"down":{"uv":[15.75,0.5,15.0,1.0],"rotation":0,"texture":"#0","tintindex":0}}}],"display":{"head":{"translation":[0.0,-6.4,0.0],"scale":[4.0,4.0,4.0]}}}