{"textures":{"0":"modelengine:entity/deer"},"elements":[{"from":[7.489463,5.9785542,7.7358856],"to":[8.896406,9.441789,9.35928],"rotation":{"angle":0.0,"axis":"y","origin":[10.235457,12.645829,8.668948]},"faces":{"east":{"uv":[1.0,5.25,0.0,7.0],"rotation":0,"texture":"#0","tintindex":0},"south":{"uv":[1.25,5.25,0.25,7.0],"rotation":0,"texture":"#0","tintindex":0},"north":{"uv":[1.0,5.25,0.0,7.0],"rotation":0,"texture":"#0","tintindex":0},"west":{"uv":[1.0,5.25,0.0,7.0],"rotation":0,"texture":"#0","tintindex":0},"up":{"uv":[1.0,5.25,0.0,7.0],"rotation":0,"texture":"#0","tintindex":0},"down":{"uv":[1.0,5.25,0.0,7.0],"rotation":0,"texture":"#0","tintindex":0}}},{"from":[7.38124,2.6048112,7.25308],"to":[9.004629,3.6870685,8.768246],"rotation":{"angle":0.0,"axis":"y","origin":[10.235457,12.645829,8.668948]},"faces":{"east":{"uv":[15.75,1.5,14.75,2.5],"rotation":0,"texture":"#0","tintindex":0},"south":{"uv":[15.75,1.5,14.75,2.5],"rotation":0,"texture":"#0","tintindex":0},"north":{"uv":[15.75,1.5,14.75,2.5],"rotation":0,"texture":"#0","tintindex":0},"west":{"uv":[15.75,1.5,14.75,2.5],"rotation":0,"texture":"#0","tintindex":0},"up":{"uv":[15.75,1.5,14.75,2.5],"rotation":0,"texture":"#0","tintindex":0},"down":{"uv":[15.75,1.5,14.75,2.5],"rotation":0,"texture":"#0","tintindex":0}}},{"from":[7.5976915,3.2729025,7.9523373],"to":[8.7881775,6.086783,9.142829],"rotation":{"angle":0.0,"axis":"y","origin":[10.235457,12.645829,8.668948]},"faces":{"east":{"uv":[7.25,5.5,6.25,7.25],"rotation":0,"texture":"#0","tintindex":0},"south":{"uv":[7.25,5.5,6.25,7.25],"rotation":0,"texture":"#0","tintindex":0},"north":{"uv":[7.25,5.5,6.25,7.25],"rotation":0,"texture":"#0","tintindex":0},"west":{"uv":[7.25,5.5,6.25,7.25],"rotation":0,"texture":"#0","tintindex":0},"up":{"uv":[7.25,5.5,6.25,7.25],"rotation":0,"texture":"#0","tintindex":0},"down":{"uv":[7.25,5.5,6.25,7.25],"rotation":0,"texture":"#0","tintindex":0}}}],"display":{"head":{"translation":[0.0,-6.4,0.0],"scale":[4.0,4.0,4.0]}}}