{"textures":{"0":"modelengine:entity/deer"},"elements":[{"from":[6.56444,5.41256,6.0020227],"to":[8.187829,9.092246,8.274772],"rotation":{"angle":-22.5,"axis":"x","origin":[9.418657,9.669114,8.798257]},"faces":{"east":{"uv":[16.0,3.5,15.25,5.0],"rotation":0,"texture":"#0","tintindex":0},"south":{"uv":[16.0,3.5,15.25,5.0],"rotation":0,"texture":"#0","tintindex":0},"north":{"uv":[16.0,3.5,15.25,5.0],"rotation":0,"texture":"#0","tintindex":0},"west":{"uv":[16.0,3.5,15.25,5.0],"rotation":0,"texture":"#0","tintindex":0},"up":{"uv":[16.0,3.5,15.25,5.0],"rotation":0,"texture":"#0","tintindex":0},"down":{"uv":[16.0,3.5,15.25,5.0],"rotation":0,"texture":"#0","tintindex":0}}},{"from":[6.456211,7.2369027,7.1392174],"to":[8.079606,9.726103,10.061326],"rotation":{"angle":22.5,"axis":"x","origin":[9.418657,9.669114,8.798257]},"faces":{"east":{"uv":[8.75,3.5,7.75,4.5],"rotation":0,"texture":"#0","tintindex":0},"south":{"uv":[8.75,3.5,7.75,4.5],"rotation":0,"texture":"#0","tintindex":0},"north":{"uv":[8.75,3.5,7.75,4.5],"rotation":0,"texture":"#0","tintindex":0},"west":{"uv":[8.75,3.5,7.75,4.5],"rotation":0,"texture":"#0","tintindex":0},"up":{"uv":[8.75,3.5,7.75,4.5],"rotation":0,"texture":"#0","tintindex":0},"down":{"uv":[8.75,3.5,7.75,4.5],"rotation":0,"texture":"#0","tintindex":0}}}],"display":{"head":{"translation":[0.0,-6.4,0.0],"scale":[4.0,4.0,4.0]}}}