{"textures":{"0":"modelengine:entity/deer"},"elements":[{"from":[7.1484513,5.6247196,7.8182],"to":[8.555388,9.304412,9.441588],"rotation":{"angle":0.0,"axis":"y","origin":[5.9983025,12.321394,8.779554]},"faces":{"east":{"uv":[1.0,5.25,0.0,7.0],"rotation":0,"texture":"#0","tintindex":0},"south":{"uv":[1.25,5.25,0.25,7.0],"rotation":0,"texture":"#0","tintindex":0},"north":{"uv":[1.0,5.25,0.0,7.0],"rotation":0,"texture":"#0","tintindex":0},"west":{"uv":[1.0,5.25,0.0,7.0],"rotation":0,"texture":"#0","tintindex":0},"up":{"uv":[1.0,5.25,0.0,7.0],"rotation":0,"texture":"#0","tintindex":0},"down":{"uv":[1.0,5.25,0.0,7.0],"rotation":0,"texture":"#0","tintindex":0}}},{"from":[7.0402226,2.250977,7.3653374],"to":[8.663617,3.3332396,8.880503],"rotation":{"angle":0.0,"axis":"y","origin":[5.9983025,12.321394,8.779554]},"faces":{"east":{"uv":[15.75,1.5,14.75,2.5],"rotation":0,"texture":"#0","tintindex":0},"south":{"uv":[15.75,1.5,14.75,2.5],"rotation":0,"texture":"#0","tintindex":0},"north":{"uv":[15.75,1.5,14.75,2.5],"rotation":0,"texture":"#0","tintindex":0},"west":{"uv":[15.75,1.5,14.75,2.5],"rotation":0,"texture":"#0","tintindex":0},"up":{"uv":[15.75,1.5,14.75,2.5],"rotation":0,"texture":"#0","tintindex":0},"down":{"uv":[15.75,1.5,14.75,2.5],"rotation":0,"texture":"#0","tintindex":0}}},{"from":[7.25668,2.9190683,8.034652],"to":[8.4471655,5.7329483,9.225138],"rotation":{"angle":0.0,"axis":"y","origin":[5.9983025,12.321394,8.779554]},"faces":{"east":{"uv":[7.25,5.5,6.25,7.25],"rotation":0,"texture":"#0","tintindex":0},"south":{"uv":[7.25,5.5,6.25,7.25],"rotation":0,"texture":"#0","tintindex":0},"north":{"uv":[7.25,5.5,6.25,7.25],"rotation":0,"texture":"#0","tintindex":0},"west":{"uv":[7.25,5.5,6.25,7.25],"rotation":0,"texture":"#0","tintindex":0},"up":{"uv":[7.25,5.5,6.25,7.25],"rotation":0,"texture":"#0","tintindex":0},"down":{"uv":[7.25,5.5,6.25,7.25],"rotation":0,"texture":"#0","tintindex":0}}}],"display":{"head":{"translation":[0.0,-6.4,0.0],"scale":[4.0,4.0,4.0]}}}