{"textures":{"0":"modelengine:entity/deer"},"elements":[{"from":[7.652823,5.7369943,5.989257],"to":[9.276217,9.41668,8.262006],"rotation":{"angle":-22.5,"axis":"x","origin":[6.610903,9.993548,8.785491]},"faces":{"east":{"uv":[16.0,3.5,15.25,5.0],"rotation":0,"texture":"#0","tintindex":0},"south":{"uv":[16.0,3.5,15.25,5.0],"rotation":0,"texture":"#0","tintindex":0},"north":{"uv":[16.0,3.5,15.25,5.0],"rotation":0,"texture":"#0","tintindex":0},"west":{"uv":[16.0,3.5,15.25,5.0],"rotation":0,"texture":"#0","tintindex":0},"up":{"uv":[16.0,3.5,15.25,5.0],"rotation":0,"texture":"#0","tintindex":0},"down":{"uv":[16.0,3.5,15.25,5.0],"rotation":0,"texture":"#0","tintindex":0}}},{"from":[7.761051,7.561337,7.1264515],"to":[9.384446,10.050537,10.04856],"rotation":{"angle":22.5,"axis":"x","origin":[6.610903,9.993548,8.785491]},"faces":{"east":{"uv":[8.75,3.5,7.75,4.5],"rotation":0,"texture":"#0","tintindex":0},"south":{"uv":[8.75,3.5,7.75,4.5],"rotation":0,"texture":"#0","tintindex":0},"north":{"uv":[8.75,3.5,7.75,4.5],"rotation":0,"texture":"#0","tintindex":0},"west":{"uv":[8.75,3.5,7.75,4.5],"rotation":0,"texture":"#0","tintindex":0},"up":{"uv":[8.75,3.5,7.75,4.5],"rotation":0,"texture":"#0","tintindex":0},"down":{"uv":[8.75,3.5,7.75,4.5],"rotation":0,"texture":"#0","tintindex":0}}}],"display":{"head":{"translation":[0.0,-6.4,0.0],"scale":[4.0,4.0,4.0]}}}