{"textures":{"0":"modelengine:entity/deer"},"elements":[{"from":[5.8926516,6.9844513,7.1791143],"to":[10.113474,10.312908,11.724611],"rotation":{"angle":0.0,"axis":"y","origin":[7.881063,10.055178,4.590617]},"faces":{"east":{"uv":[16.0,3.5,13.75,5.0],"rotation":0,"texture":"#0","tintindex":0},"south":{"uv":[7.5,3.5,9.0,5.0],"rotation":0,"texture":"#0","tintindex":0},"north":{"uv":[6.0,3.5,7.5,5.0],"rotation":0,"texture":"#0","tintindex":0},"west":{"uv":[12.0,3.5,9.75,5.0],"rotation":0,"texture":"#0","tintindex":0},"up":{"uv":[9.0,5.0,10.5,7.25],"rotation":0,"texture":"#0","tintindex":0},"down":{"uv":[6.0,7.25,7.5,5.0],"rotation":0,"texture":"#0","tintindex":0}}},{"from":[5.7844286,6.661646,3.2829766],"to":[10.221697,10.6375885,7.612017],"rotation":{"angle":0.0,"axis":"y","origin":[7.881063,10.055178,4.590617]},"faces":{"east":{"uv":[5.5,1.5,7.0,3.25],"rotation":0,"texture":"#0","tintindex":0},"south":{"uv":[9.0,0.0,11.0,1.75],"rotation":0,"texture":"#0","tintindex":0},"north":{"uv":[7.0,0.0,9.0,1.75],"rotation":0,"texture":"#0","tintindex":0},"west":{"uv":[12.75,1.5,14.25,3.25],"rotation":0,"texture":"#0","tintindex":0},"up":{"uv":[10.75,1.75,12.75,3.25],"rotation":0,"texture":"#0","tintindex":0},"down":{"uv":[7.25,5.75,6.25,7.25],"rotation":0,"texture":"#0","tintindex":0}}},{"from":[6.5420113,6.7265086,1.8045545],"to":[8.922983,11.055554,3.644394],"rotation":{"angle":-22.5,"axis":"x","origin":[7.881063,10.055178,4.590617]},"faces":{"east":{"uv":[7.0,3.5,6.0,4.75],"rotation":0,"texture":"#0","tintindex":0},"south":{"uv":[7.0,3.5,6.0,5.0],"rotation":0,"texture":"#0","tintindex":0},"north":{"uv":[7.25,5.0,6.25,7.25],"rotation":0,"texture":"#0","tintindex":0},"west":{"uv":[7.0,3.5,6.0,4.75],"rotation":0,"texture":"#0","tintindex":0},"up":{"uv":[10.5,7.5,9.5,8.5],"rotation":0,"texture":"#0","tintindex":0},"down":{"uv":[1.5,5.0,0.0,7.0],"rotation":0,"texture":"#0","tintindex":0}}},{"from":[7.0831428,6.5959826,10.446126],"to":[8.81476,8.849783,12.7755375],"rotation":{"angle":-22.5,"axis":"x","origin":[7.881063,11.2205715,7.7372856]},"faces":{"east":{"uv":[6.25,5.25,7.25,7.25],"rotation":0,"texture":"#0","tintindex":0},"south":{"uv":[6.25,5.25,7.25,7.25],"rotation":0,"texture":"#0","tintindex":0},"north":{"uv":[6.25,5.25,7.25,7.25],"rotation":0,"texture":"#0","tintindex":0},"west":{"uv":[6.25,5.25,7.25,7.25],"rotation":0,"texture":"#0","tintindex":0},"up":{"uv":[6.25,5.25,7.25,7.25],"rotation":0,"texture":"#0","tintindex":0},"down":{"uv":[6.25,5.25,7.25,7.25],"rotation":0,"texture":"#0","tintindex":0}}}],"display":{"head":{"translation":[0.0,-6.4,0.0],"scale":[4.0,4.0,4.0]}}}