{"textures":{"0":"modelengine:entity/dragon_head_eff"},"elements":[{"from":[-2.285715,19.428572,1.1428566],"to":[18.285715,26.285715,14.857143],"rotation":{"angle":0.0,"axis":"y","origin":[8.0,8.0,8.0]},"faces":{"east":{"uv":[6.0,1.0,7.5,1.75],"rotation":0,"texture":"#0","tintindex":0},"south":{"uv":[5.5,2.5,7.75,3.25],"rotation":0,"texture":"#0","tintindex":0},"north":{"uv":[1.75,5.5,4.0,6.25],"rotation":0,"texture":"#0","tintindex":0},"west":{"uv":[6.0,1.75,7.5,2.5],"rotation":0,"texture":"#0","tintindex":0},"up":{"uv":[4.5,1.5,2.25,0.0],"rotation":0,"texture":"#0","tintindex":0},"down":{"uv":[4.5,1.5,2.25,3.0],"rotation":0,"texture":"#0","tintindex":0}}},{"from":[0.0,14.857143,14.857143],"to":[16.0,24.0,28.57143],"rotation":{"angle":0.0,"axis":"y","origin":[8.0,8.0,8.0]},"faces":{"east":{"uv":[5.5,4.0,7.0,5.0],"rotation":0,"texture":"#0","tintindex":0},"south":{"uv":[0.0,5.5,1.75,6.5],"rotation":0,"texture":"#0","tintindex":0},"north":{"uv":[1.75,4.5,3.5,5.5],"rotation":0,"texture":"#0","tintindex":0},"west":{"uv":[6.0,0.0,7.5,1.0],"rotation":0,"texture":"#0","tintindex":0},"up":{"uv":[4.0,4.5,2.25,3.0],"rotation":0,"texture":"#0","tintindex":0},"down":{"uv":[1.75,4.0,0.0,5.5],"rotation":0,"texture":"#0","tintindex":0}}},{"from":[-2.285715,8.0,-3.4285717],"to":[18.285715,26.285715,1.1428566],"rotation":{"angle":0.0,"axis":"y","origin":[8.0,17.142857,3.4285712]},"faces":{"east":{"uv":[6.0,7.0,6.5,9.0],"rotation":0,"texture":"#0","tintindex":0},"south":{"uv":[0.0,2.0,2.25,4.0],"rotation":0,"texture":"#0","tintindex":0},"north":{"uv":[0.0,0.0,2.25,2.0],"rotation":0,"texture":"#0","tintindex":0},"west":{"uv":[7.0,6.25,7.5,8.25],"rotation":0,"texture":"#0","tintindex":0},"up":{"uv":[7.75,5.5,5.5,5.0],"rotation":0,"texture":"#0","tintindex":0},"down":{"uv":[4.0,6.25,1.75,6.75],"rotation":0,"texture":"#0","tintindex":0}}},{"from":[-2.285715,12.571428,1.1428566],"to":[2.2857141,19.428572,14.857143],"rotation":{"angle":0.0,"axis":"y","origin":[8.0,8.0,8.0]},"faces":{"east":{"uv":[4.0,6.25,5.5,7.0],"rotation":0,"texture":"#0","tintindex":0},"south":{"uv":[7.0,8.25,7.5,9.0],"rotation":0,"texture":"#0","tintindex":0},"north":{"uv":[3.5,4.5,4.0,5.25],"rotation":0,"texture":"#0","tintindex":0},"west":{"uv":[5.5,6.25,7.0,7.0],"rotation":0,"texture":"#0","tintindex":0},"up":{"uv":[7.0,8.5,6.5,7.0],"rotation":0,"texture":"#0","tintindex":0},"down":{"uv":[5.5,7.5,5.0,9.0],"rotation":0,"texture":"#0","tintindex":0}}},{"from":[13.714286,12.571428,1.1428566],"to":[18.285715,19.428572,14.857143],"rotation":{"angle":0.0,"axis":"y","origin":[8.0,8.0,8.0]},"faces":{"east":{"uv":[6.25,5.5,7.75,6.25],"rotation":0,"texture":"#0","tintindex":0},"south":{"uv":[8.75,1.0,9.25,1.75],"rotation":0,"texture":"#0","tintindex":0},"north":{"uv":[6.5,8.5,7.0,9.25],"rotation":0,"texture":"#0","tintindex":0},"west":{"uv":[0.0,6.5,1.5,7.25],"rotation":0,"texture":"#0","tintindex":0},"up":{"uv":[6.0,9.0,5.5,7.5],"rotation":0,"texture":"#0","tintindex":0},"down":{"uv":[8.0,7.75,7.5,9.25],"rotation":0,"texture":"#0","tintindex":0}}},{"from":[0.0,8.0,1.1428566],"to":[16.0,10.285714,5.714286],"rotation":{"angle":0.0,"axis":"y","origin":[8.0,8.0,8.0]},"faces":{"east":{"uv":[9.75,4.75,10.25,5.0],"rotation":0,"texture":"#0","tintindex":0},"south":{"uv":[8.75,0.75,10.5,1.0],"rotation":0,"texture":"#0","tintindex":0},"north":{"uv":[8.75,0.5,10.5,0.75],"rotation":0,"texture":"#0","tintindex":0},"west":{"uv":[9.75,5.0,10.25,5.25],"rotation":0,"texture":"#0","tintindex":0},"up":{"uv":[9.5,5.25,7.75,4.75],"rotation":0,"texture":"#0","tintindex":0},"down":{"uv":[9.5,5.25,7.75,5.75],"rotation":0,"texture":"#0","tintindex":0}}},{"from":[-2.285715,8.0,1.1428566],"to":[18.285715,12.571428,8.0],"rotation":{"angle":0.0,"axis":"y","origin":[8.0,8.0,8.0]},"faces":{"east":{"uv":[9.25,1.0,10.0,1.5],"rotation":0,"texture":"#0","tintindex":0},"south":{"uv":[3.75,7.0,6.0,7.5],"rotation":0,"texture":"#0","tintindex":0},"north":{"uv":[1.5,6.75,3.75,7.25],"rotation":0,"texture":"#0","tintindex":0},"west":{"uv":[1.5,9.25,2.25,9.75],"rotation":0,"texture":"#0","tintindex":0},"up":{"uv":[7.75,4.0,5.5,3.25],"rotation":0,"texture":"#0","tintindex":0},"down":{"uv":[6.25,5.5,4.0,6.25],"rotation":0,"texture":"#0","tintindex":0}}}],"display":{"head":{"translation":[0.0,-6.4,0.0],"scale":[4.0,4.0,4.0]}}}