{"textures":{"0":"modelengine:entity/dragon_head_eff"},"elements":[{"from":[-2.514286,6.285714,6.0714283],"to":[2.0571427,13.142858,17.5],"rotation":{"angle":0.0,"axis":"y","origin":[8.0,6.285714,10.642858]},"faces":{"east":{"uv":[7.0,4.0,8.25,4.75],"rotation":0,"texture":"#0","tintindex":0},"south":{"uv":[8.75,7.0,9.25,7.75],"rotation":0,"texture":"#0","tintindex":0},"north":{"uv":[8.75,6.25,9.25,7.0],"rotation":0,"texture":"#0","tintindex":0},"west":{"uv":[0.0,7.25,1.25,8.0],"rotation":0,"texture":"#0","tintindex":0},"up":{"uv":[2.0,9.25,1.5,8.0],"rotation":0,"texture":"#0","tintindex":0},"down":{"uv":[2.5,8.0,2.0,9.25],"rotation":0,"texture":"#0","tintindex":0}}},{"from":[-0.57142925,7.428571,17.5],"to":[1.7142854,12.0,28.928572],"rotation":{"angle":0.0,"axis":"y","origin":[8.0,6.285714,10.642858]},"faces":{"east":{"uv":[2.5,8.0,3.75,8.5],"rotation":0,"texture":"#0","tintindex":0},"south":{"uv":[2.0,4.0,2.25,4.5],"rotation":0,"texture":"#0","tintindex":0},"north":{"uv":[1.75,4.0,2.0,4.5],"rotation":0,"texture":"#0","tintindex":0},"west":{"uv":[8.0,7.75,9.25,8.25],"rotation":0,"texture":"#0","tintindex":0},"up":{"uv":[3.5,10.25,3.25,9.0],"rotation":0,"texture":"#0","tintindex":0},"down":{"uv":[3.75,9.0,3.5,10.25],"rotation":0,"texture":"#0","tintindex":0}}},{"from":[13.942858,6.285714,6.0714283],"to":[18.514286,13.142858,17.5],"rotation":{"angle":0.0,"axis":"y","origin":[8.0,6.285714,10.642858]},"faces":{"east":{"uv":[1.25,7.25,2.5,8.0],"rotation":0,"texture":"#0","tintindex":0},"south":{"uv":[8.5,8.75,9.0,9.5],"rotation":0,"texture":"#0","tintindex":0},"north":{"uv":[8.0,8.75,8.5,9.5],"rotation":0,"texture":"#0","tintindex":0},"west":{"uv":[2.5,7.25,3.75,8.0],"rotation":0,"texture":"#0","tintindex":0},"up":{"uv":[4.25,9.5,3.75,8.25],"rotation":0,"texture":"#0","tintindex":0},"down":{"uv":[4.75,8.25,4.25,9.5],"rotation":0,"texture":"#0","tintindex":0}}},{"from":[14.285715,7.428571,17.5],"to":[16.57143,12.0,28.928572],"rotation":{"angle":0.0,"axis":"y","origin":[8.0,6.285714,10.642858]},"faces":{"east":{"uv":[8.25,3.75,9.5,4.25],"rotation":0,"texture":"#0","tintindex":0},"south":{"uv":[1.25,8.5,1.5,9.0],"rotation":0,"texture":"#0","tintindex":0},"north":{"uv":[5.25,2.5,5.5,3.0],"rotation":0,"texture":"#0","tintindex":0},"west":{"uv":[8.25,4.25,9.5,4.75],"rotation":0,"texture":"#0","tintindex":0},"up":{"uv":[6.5,10.25,6.25,9.0],"rotation":0,"texture":"#0","tintindex":0},"down":{"uv":[7.25,9.0,7.0,10.25],"rotation":0,"texture":"#0","tintindex":0}}},{"from":[1.7142854,7.428571,27.785715],"to":[14.285715,12.0,28.928572],"rotation":{"angle":0.0,"axis":"y","origin":[8.0,6.285714,10.642858]},"faces":{"east":{"uv":[9.5,5.25,9.75,5.75],"rotation":0,"texture":"#0","tintindex":0},"south":{"uv":[0.0,8.0,1.5,8.5],"rotation":0,"texture":"#0","tintindex":0},"north":{"uv":[7.75,5.75,9.25,6.25],"rotation":0,"texture":"#0","tintindex":0},"west":{"uv":[9.5,7.75,9.75,8.25],"rotation":0,"texture":"#0","tintindex":0},"up":{"uv":[10.25,2.0,8.75,1.75],"rotation":0,"texture":"#0","tintindex":0},"down":{"uv":[10.25,2.0,8.75,2.25],"rotation":0,"texture":"#0","tintindex":0}}},{"from":[1.7142854,8.0,16.357143],"to":[14.285715,9.714286,27.785715],"rotation":{"angle":0.0,"axis":"y","origin":[8.0,6.285714,10.642858]},"faces":{"east":{"uv":[9.0,3.5,10.25,3.75],"rotation":0,"texture":"#0","tintindex":0},"south":{"uv":[9.0,2.25,10.5,2.5],"rotation":0,"texture":"#0","tintindex":0},"north":{"uv":[0.0,9.0,1.5,9.25],"rotation":0,"texture":"#0","tintindex":0},"west":{"uv":[9.25,1.5,10.5,1.75],"rotation":0,"texture":"#0","tintindex":0},"up":{"uv":[5.5,4.25,4.0,3.0],"rotation":0,"texture":"#0","tintindex":0},"down":{"uv":[5.5,4.25,4.0,5.5],"rotation":0,"texture":"#0","tintindex":0}}},{"from":[1.7142854,6.857143,6.0714283],"to":[14.285715,9.714286,17.5],"rotation":{"angle":0.0,"axis":"y","origin":[8.0,6.285714,10.642858]},"faces":{"east":{"uv":[9.25,5.75,10.5,6.0],"rotation":0,"texture":"#0","tintindex":0},"south":{"uv":[9.0,2.75,10.5,3.0],"rotation":0,"texture":"#0","tintindex":0},"north":{"uv":[9.0,2.5,10.5,2.75],"rotation":0,"texture":"#0","tintindex":0},"west":{"uv":[9.25,6.0,10.5,6.25],"rotation":0,"texture":"#0","tintindex":0},"up":{"uv":[6.0,1.25,4.5,0.0],"rotation":0,"texture":"#0","tintindex":0},"down":{"uv":[6.0,1.25,4.5,2.5],"rotation":0,"texture":"#0","tintindex":0}}}],"display":{"head":{"translation":[0.0,-6.4,0.0],"scale":[4.0,4.0,4.0]}}}