{"textures":{"0":"modelengine:entity/dragon_head_eff"},"elements":[{"from":[7.428571,6.5714283,-9.1428585],"to":[8.571428,10.0,-2.285715],"rotation":{"angle":0.0,"axis":"y","origin":[6.857143,8.0,8.0]},"faces":{"east":{"uv":[4.5,2.5,5.25,3.0],"rotation":0,"texture":"#0","tintindex":0},"south":{"uv":[9.5,9.25,9.75,9.75],"rotation":0,"texture":"#0","tintindex":0},"north":{"uv":[8.75,9.5,9.0,10.0],"rotation":0,"texture":"#0","tintindex":0},"west":{"uv":[2.5,9.0,3.25,9.5],"rotation":0,"texture":"#0","tintindex":0},"up":{"uv":[5.0,9.0,4.75,8.25],"rotation":0,"texture":"#0","tintindex":0},"down":{"uv":[3.25,9.5,3.0,10.25],"rotation":0,"texture":"#0","tintindex":0}}},{"from":[6.857143,4.285714,-2.285715],"to":[9.142858,11.142858,9.142858],"rotation":{"angle":0.0,"axis":"y","origin":[6.857143,8.0,8.0]},"faces":{"east":{"uv":[7.5,0.0,8.75,0.75],"rotation":0,"texture":"#0","tintindex":0},"south":{"uv":[9.5,3.75,9.75,4.5],"rotation":0,"texture":"#0","tintindex":0},"north":{"uv":[3.75,9.5,4.0,10.25],"rotation":0,"texture":"#0","tintindex":0},"west":{"uv":[7.5,0.75,8.75,1.5],"rotation":0,"texture":"#0","tintindex":0},"up":{"uv":[9.5,7.5,9.25,6.25],"rotation":0,"texture":"#0","tintindex":0},"down":{"uv":[6.75,9.25,6.5,10.5],"rotation":0,"texture":"#0","tintindex":0}}}],"display":{"head":{"translation":[0.0,-6.4,0.0],"scale":[4.0,4.0,4.0]}}}