{"textures":{"0":"modelengine:entity/dragon_head_eff"},"elements":[{"from":[7.428571,6.5714283,-9.1428585],"to":[8.571428,10.0,-2.285715],"rotation":{"angle":0.0,"axis":"y","origin":[9.142858,8.0,8.0]},"faces":{"east":{"uv":[0.0,9.25,0.75,9.75],"rotation":0,"texture":"#0","tintindex":0},"south":{"uv":[9.75,4.25,10.0,4.75],"rotation":0,"texture":"#0","tintindex":0},"north":{"uv":[9.75,3.75,10.0,4.25],"rotation":0,"texture":"#0","tintindex":0},"west":{"uv":[0.75,9.25,1.5,9.75],"rotation":0,"texture":"#0","tintindex":0},"up":{"uv":[6.0,10.25,5.75,9.5],"rotation":0,"texture":"#0","tintindex":0},"down":{"uv":[6.25,9.5,6.0,10.25],"rotation":0,"texture":"#0","tintindex":0}}},{"from":[6.857143,4.285714,-2.285715],"to":[9.142858,11.142858,9.142858],"rotation":{"angle":0.0,"axis":"y","origin":[9.142858,8.0,8.0]},"faces":{"east":{"uv":[7.75,2.25,9.0,3.0],"rotation":0,"texture":"#0","tintindex":0},"south":{"uv":[9.5,7.0,9.75,7.75],"rotation":0,"texture":"#0","tintindex":0},"north":{"uv":[9.5,6.25,9.75,7.0],"rotation":0,"texture":"#0","tintindex":0},"west":{"uv":[7.75,3.0,9.0,3.75],"rotation":0,"texture":"#0","tintindex":0},"up":{"uv":[2.75,10.75,2.5,9.5],"rotation":0,"texture":"#0","tintindex":0},"down":{"uv":[3.0,9.5,2.75,10.75],"rotation":0,"texture":"#0","tintindex":0}}}],"display":{"head":{"translation":[0.0,-6.4,0.0],"scale":[4.0,4.0,4.0]}}}