{"textures":{"0":"modelengine:entity/dragon_head_eff"},"elements":[{"from":[7.428571,6.5714283,-9.1428585],"to":[8.571428,10.0,-2.285715],"rotation":{"angle":0.0,"axis":"y","origin":[6.857143,8.0,8.0]},"faces":{"east":{"uv":[9.0,3.0,9.75,3.5],"rotation":0,"texture":"#0","tintindex":0},"south":{"uv":[0.25,9.75,0.5,10.25],"rotation":0,"texture":"#0","tintindex":0},"north":{"uv":[0.0,9.75,0.25,10.25],"rotation":0,"texture":"#0","tintindex":0},"west":{"uv":[4.75,9.0,5.5,9.5],"rotation":0,"texture":"#0","tintindex":0},"up":{"uv":[4.25,10.25,4.0,9.5],"rotation":0,"texture":"#0","tintindex":0},"down":{"uv":[4.5,9.5,4.25,10.25],"rotation":0,"texture":"#0","tintindex":0}}},{"from":[6.857143,4.285714,-2.285715],"to":[9.142858,11.142858,9.142858],"rotation":{"angle":0.0,"axis":"y","origin":[6.857143,8.0,8.0]},"faces":{"east":{"uv":[7.5,1.5,8.75,2.25],"rotation":0,"texture":"#0","tintindex":0},"south":{"uv":[9.5,4.5,9.75,5.25],"rotation":0,"texture":"#0","tintindex":0},"north":{"uv":[4.5,9.5,4.75,10.25],"rotation":0,"texture":"#0","tintindex":0},"west":{"uv":[3.75,7.5,5.0,8.25],"rotation":0,"texture":"#0","tintindex":0},"up":{"uv":[7.0,10.5,6.75,9.25],"rotation":0,"texture":"#0","tintindex":0},"down":{"uv":[7.75,9.25,7.5,10.5],"rotation":0,"texture":"#0","tintindex":0}}}],"display":{"head":{"translation":[0.0,-6.4,0.0],"scale":[4.0,4.0,4.0]}}}