{"textures":{"0":"modelengine:entity/dragon_head_eff"},"elements":[{"from":[6.300066,5.428571,-2.2797527],"to":[8.58578,10.0,9.148819],"rotation":{"angle":0.0,"axis":"y","origin":[7.442923,7.714286,8.005962]},"faces":{"east":{"uv":[1.25,8.5,0.0,9.0],"rotation":0,"texture":"#0","tintindex":0},"south":{"uv":[8.5,9.5,8.25,10.0],"rotation":0,"texture":"#0","tintindex":0},"north":{"uv":[8.25,9.5,8.0,10.0],"rotation":0,"texture":"#0","tintindex":0},"west":{"uv":[9.25,8.25,8.0,8.75],"rotation":0,"texture":"#0","tintindex":0},"up":{"uv":[7.25,10.25,7.5,9.0],"rotation":0,"texture":"#0","tintindex":0},"down":{"uv":[2.25,9.25,2.5,10.5],"rotation":0,"texture":"#0","tintindex":0}}},{"from":[6.8714943,7.142857,-4.565467],"to":[8.014352,9.428572,0.005961895],"rotation":{"angle":0.0,"axis":"y","origin":[7.442923,7.714286,8.005962]},"faces":{"east":{"uv":[7.5,4.75,7.0,5.0],"rotation":0,"texture":"#0","tintindex":0},"south":{"uv":[9.0,10.0,8.75,10.25],"rotation":0,"texture":"#0","tintindex":0},"north":{"uv":[10.25,8.5,10.0,8.75],"rotation":0,"texture":"#0","tintindex":0},"west":{"uv":[4.0,5.25,3.5,5.5],"rotation":0,"texture":"#0","tintindex":0},"up":{"uv":[9.5,8.75,9.75,8.25],"rotation":0,"texture":"#0","tintindex":0},"down":{"uv":[8.5,9.5,8.75,10.0],"rotation":0,"texture":"#0","tintindex":0}}}],"display":{"head":{"translation":[0.0,-6.4,0.0],"scale":[4.0,4.0,4.0]}}}