{"textures":{"0":"modelengine:entity/dragon_head_eff"},"elements":[{"from":[14.285715,13.142858,16.0],"to":[16.0,14.857143,17.714287],"rotation":{"angle":0.0,"axis":"y","origin":[8.0,12.571428,8.0]},"faces":{"east":{"uv":[3.5,10.25,3.75,10.5],"rotation":0,"texture":"#0","tintindex":0},"south":{"uv":[10.25,3.5,10.5,3.75],"rotation":0,"texture":"#0","tintindex":0},"north":{"uv":[10.25,3.25,10.5,3.5],"rotation":0,"texture":"#0","tintindex":0},"west":{"uv":[3.75,10.25,4.0,10.5],"rotation":0,"texture":"#0","tintindex":0},"up":{"uv":[10.5,4.0,10.25,3.75],"rotation":0,"texture":"#0","tintindex":0},"down":{"uv":[4.25,10.25,4.0,10.5],"rotation":0,"texture":"#0","tintindex":0}}},{"from":[14.285715,13.142858,19.428572],"to":[16.0,14.857143,21.142857],"rotation":{"angle":0.0,"axis":"y","origin":[8.0,12.571428,8.0]},"faces":{"east":{"uv":[4.25,10.25,4.5,10.5],"rotation":0,"texture":"#0","tintindex":0},"south":{"uv":[10.25,4.25,10.5,4.5],"rotation":0,"texture":"#0","tintindex":0},"north":{"uv":[10.25,4.0,10.5,4.25],"rotation":0,"texture":"#0","tintindex":0},"west":{"uv":[4.5,10.25,4.75,10.5],"rotation":0,"texture":"#0","tintindex":0},"up":{"uv":[10.5,4.75,10.25,4.5],"rotation":0,"texture":"#0","tintindex":0},"down":{"uv":[5.0,10.25,4.75,10.5],"rotation":0,"texture":"#0","tintindex":0}}},{"from":[14.285715,13.142858,22.857143],"to":[16.0,14.857143,24.57143],"rotation":{"angle":0.0,"axis":"y","origin":[8.0,12.571428,8.0]},"faces":{"east":{"uv":[5.0,10.25,5.25,10.5],"rotation":0,"texture":"#0","tintindex":0},"south":{"uv":[10.25,5.0,10.5,5.25],"rotation":0,"texture":"#0","tintindex":0},"north":{"uv":[10.25,4.75,10.5,5.0],"rotation":0,"texture":"#0","tintindex":0},"west":{"uv":[5.25,10.25,5.5,10.5],"rotation":0,"texture":"#0","tintindex":0},"up":{"uv":[10.5,5.5,10.25,5.25],"rotation":0,"texture":"#0","tintindex":0},"down":{"uv":[5.75,10.25,5.5,10.5],"rotation":0,"texture":"#0","tintindex":0}}},{"from":[10.857143,13.142858,26.285715],"to":[12.571428,14.857143,28.0],"rotation":{"angle":0.0,"axis":"y","origin":[8.0,12.571428,8.0]},"faces":{"east":{"uv":[5.75,10.25,6.0,10.5],"rotation":0,"texture":"#0","tintindex":0},"south":{"uv":[6.0,10.25,6.25,10.5],"rotation":0,"texture":"#0","tintindex":0},"north":{"uv":[10.25,5.5,10.5,5.75],"rotation":0,"texture":"#0","tintindex":0},"west":{"uv":[6.25,10.25,6.5,10.5],"rotation":0,"texture":"#0","tintindex":0},"up":{"uv":[10.5,6.5,10.25,6.25],"rotation":0,"texture":"#0","tintindex":0},"down":{"uv":[10.5,6.5,10.25,6.75],"rotation":0,"texture":"#0","tintindex":0}}}],"display":{"head":{"translation":[0.0,-6.4,0.0],"scale":[4.0,4.0,4.0]}}}