{"textures":{"0":"modelengine:entity/dragon_head_eff"},"elements":[{"from":[0.0,13.142858,16.0],"to":[1.7142854,14.857143,17.714287],"rotation":{"angle":0.0,"axis":"y","origin":[8.0,12.571428,8.0]},"faces":{"east":{"uv":[9.5,10.0,9.75,10.25],"rotation":0,"texture":"#0","tintindex":0},"south":{"uv":[10.0,9.5,10.25,9.75],"rotation":0,"texture":"#0","tintindex":0},"north":{"uv":[10.0,9.25,10.25,9.5],"rotation":0,"texture":"#0","tintindex":0},"west":{"uv":[9.75,10.0,10.0,10.25],"rotation":0,"texture":"#0","tintindex":0},"up":{"uv":[10.25,10.0,10.0,9.75],"rotation":0,"texture":"#0","tintindex":0},"down":{"uv":[10.25,10.0,10.0,10.25],"rotation":0,"texture":"#0","tintindex":0}}},{"from":[0.0,13.142858,19.428572],"to":[1.7142854,14.857143,21.142857],"rotation":{"angle":0.0,"axis":"y","origin":[8.0,12.571428,8.0]},"faces":{"east":{"uv":[10.25,0.0,10.5,0.25],"rotation":0,"texture":"#0","tintindex":0},"south":{"uv":[0.25,10.25,0.5,10.5],"rotation":0,"texture":"#0","tintindex":0},"north":{"uv":[0.0,10.25,0.25,10.5],"rotation":0,"texture":"#0","tintindex":0},"west":{"uv":[10.25,0.25,10.5,0.5],"rotation":0,"texture":"#0","tintindex":0},"up":{"uv":[0.75,10.5,0.5,10.25],"rotation":0,"texture":"#0","tintindex":0},"down":{"uv":[1.0,10.25,0.75,10.5],"rotation":0,"texture":"#0","tintindex":0}}},{"from":[0.0,13.142858,22.857143],"to":[1.7142854,14.857143,24.57143],"rotation":{"angle":0.0,"axis":"y","origin":[8.0,12.571428,8.0]},"faces":{"east":{"uv":[10.25,1.0,10.5,1.25],"rotation":0,"texture":"#0","tintindex":0},"south":{"uv":[1.25,10.25,1.5,10.5],"rotation":0,"texture":"#0","tintindex":0},"north":{"uv":[1.0,10.25,1.25,10.5],"rotation":0,"texture":"#0","tintindex":0},"west":{"uv":[10.25,1.25,10.5,1.5],"rotation":0,"texture":"#0","tintindex":0},"up":{"uv":[1.75,10.5,1.5,10.25],"rotation":0,"texture":"#0","tintindex":0},"down":{"uv":[2.0,10.25,1.75,10.5],"rotation":0,"texture":"#0","tintindex":0}}},{"from":[3.4285712,13.142858,26.285715],"to":[5.142857,14.857143,28.0],"rotation":{"angle":0.0,"axis":"y","origin":[8.0,12.571428,8.0]},"faces":{"east":{"uv":[2.0,10.25,2.25,10.5],"rotation":0,"texture":"#0","tintindex":0},"south":{"uv":[10.25,2.0,10.5,2.25],"rotation":0,"texture":"#0","tintindex":0},"north":{"uv":[10.25,1.75,10.5,2.0],"rotation":0,"texture":"#0","tintindex":0},"west":{"uv":[3.0,10.25,3.25,10.5],"rotation":0,"texture":"#0","tintindex":0},"up":{"uv":[10.5,3.25,10.25,3.0],"rotation":0,"texture":"#0","tintindex":0},"down":{"uv":[3.5,10.25,3.25,10.5],"rotation":0,"texture":"#0","tintindex":0}}}],"display":{"head":{"translation":[0.0,-6.4,0.0],"scale":[4.0,4.0,4.0]}}}