{"textures":{"0":"modelengine:entity/dragon_head_eff"},"elements":[{"from":[14.285715,7.428571,18.642857],"to":[16.0,9.142858,20.357143],"rotation":{"angle":0.0,"axis":"y","origin":[8.0,6.285714,10.642858]},"faces":{"east":{"uv":[10.0,1.0,10.25,1.25],"rotation":0,"texture":"#0","tintindex":0},"south":{"uv":[1.25,10.0,1.5,10.25],"rotation":0,"texture":"#0","tintindex":0},"north":{"uv":[1.0,10.0,1.25,10.25],"rotation":0,"texture":"#0","tintindex":0},"west":{"uv":[10.0,1.25,10.25,1.5],"rotation":0,"texture":"#0","tintindex":0},"up":{"uv":[10.25,3.25,10.0,3.0],"rotation":0,"texture":"#0","tintindex":0},"down":{"uv":[10.25,3.25,10.0,3.5],"rotation":0,"texture":"#0","tintindex":0}}},{"from":[14.285715,7.428571,22.07143],"to":[16.0,9.142858,23.785715],"rotation":{"angle":0.0,"axis":"y","origin":[8.0,6.285714,10.642858]},"faces":{"east":{"uv":[10.0,4.0,10.25,4.25],"rotation":0,"texture":"#0","tintindex":0},"south":{"uv":[10.0,4.25,10.25,4.5],"rotation":0,"texture":"#0","tintindex":0},"north":{"uv":[10.0,3.75,10.25,4.0],"rotation":0,"texture":"#0","tintindex":0},"west":{"uv":[10.0,4.5,10.25,4.75],"rotation":0,"texture":"#0","tintindex":0},"up":{"uv":[10.25,5.5,10.0,5.25],"rotation":0,"texture":"#0","tintindex":0},"down":{"uv":[10.25,5.5,10.0,5.75],"rotation":0,"texture":"#0","tintindex":0}}},{"from":[14.285715,7.428571,26.642859],"to":[16.0,9.142858,28.357143],"rotation":{"angle":0.0,"axis":"y","origin":[8.0,6.285714,10.642858]},"faces":{"east":{"uv":[10.0,6.5,10.25,6.75],"rotation":0,"texture":"#0","tintindex":0},"south":{"uv":[10.0,6.75,10.25,7.0],"rotation":0,"texture":"#0","tintindex":0},"north":{"uv":[10.0,6.25,10.25,6.5],"rotation":0,"texture":"#0","tintindex":0},"west":{"uv":[10.0,7.0,10.25,7.25],"rotation":0,"texture":"#0","tintindex":0},"up":{"uv":[10.25,7.5,10.0,7.25],"rotation":0,"texture":"#0","tintindex":0},"down":{"uv":[10.25,7.5,10.0,7.75],"rotation":0,"texture":"#0","tintindex":0}}}],"display":{"head":{"translation":[0.0,-6.4,0.0],"scale":[4.0,4.0,4.0]}}}