{"textures":{"0":"modelengine:entity/dragon_head_eff"},"elements":[{"from":[0.0,7.428571,18.642857],"to":[1.7142854,9.142858,20.357143],"rotation":{"angle":0.0,"axis":"y","origin":[8.0,6.285714,10.642858]},"faces":{"east":{"uv":[3.75,6.75,4.0,7.0],"rotation":0,"texture":"#0","tintindex":0},"south":{"uv":[7.5,2.25,7.75,2.5],"rotation":0,"texture":"#0","tintindex":0},"north":{"uv":[1.5,6.5,1.75,6.75],"rotation":0,"texture":"#0","tintindex":0},"west":{"uv":[7.5,4.75,7.75,5.0],"rotation":0,"texture":"#0","tintindex":0},"up":{"uv":[10.0,5.5,9.75,5.25],"rotation":0,"texture":"#0","tintindex":0},"down":{"uv":[10.0,5.5,9.75,5.75],"rotation":0,"texture":"#0","tintindex":0}}},{"from":[0.0,7.428571,22.07143],"to":[1.7142854,9.142858,23.785715],"rotation":{"angle":0.0,"axis":"y","origin":[8.0,6.285714,10.642858]},"faces":{"east":{"uv":[9.75,6.5,10.0,6.75],"rotation":0,"texture":"#0","tintindex":0},"south":{"uv":[9.75,6.75,10.0,7.0],"rotation":0,"texture":"#0","tintindex":0},"north":{"uv":[9.75,6.25,10.0,6.5],"rotation":0,"texture":"#0","tintindex":0},"west":{"uv":[9.75,7.0,10.0,7.25],"rotation":0,"texture":"#0","tintindex":0},"up":{"uv":[10.0,7.5,9.75,7.25],"rotation":0,"texture":"#0","tintindex":0},"down":{"uv":[10.0,7.5,9.75,7.75],"rotation":0,"texture":"#0","tintindex":0}}},{"from":[0.0,7.428571,26.642859],"to":[1.7142854,9.142858,28.357143],"rotation":{"angle":0.0,"axis":"y","origin":[8.0,6.285714,10.642858]},"faces":{"east":{"uv":[9.75,8.0,10.0,8.25],"rotation":0,"texture":"#0","tintindex":0},"south":{"uv":[9.75,8.25,10.0,8.5],"rotation":0,"texture":"#0","tintindex":0},"north":{"uv":[9.75,7.75,10.0,8.0],"rotation":0,"texture":"#0","tintindex":0},"west":{"uv":[9.75,8.5,10.0,8.75],"rotation":0,"texture":"#0","tintindex":0},"up":{"uv":[10.0,9.0,9.75,8.75],"rotation":0,"texture":"#0","tintindex":0},"down":{"uv":[10.0,9.0,9.75,9.25],"rotation":0,"texture":"#0","tintindex":0}}}],"display":{"head":{"translation":[0.0,-6.4,0.0],"scale":[4.0,4.0,4.0]}}}