{"textures":{"0":"modelengine:entity/dragon_head_eff"},"elements":[{"from":[7.142857,7.142857,7.142857],"to":[8.857143,8.857143,8.857143],"rotation":{"angle":0.0,"axis":"y","origin":[8.0,8.0,8.0]},"faces":{"east":{"uv":[10.0,9.75,9.75,10.0],"rotation":0,"texture":"#0","tintindex":0},"south":{"uv":[10.0,9.5,9.75,9.75],"rotation":0,"texture":"#0","tintindex":0},"north":{"uv":[10.0,9.25,9.75,9.5],"rotation":0,"texture":"#0","tintindex":0},"west":{"uv":[9.75,9.75,9.5,10.0],"rotation":0,"texture":"#0","tintindex":0},"up":{"uv":[10.0,0.25,10.25,0.0],"rotation":0,"texture":"#0","tintindex":0},"down":{"uv":[10.0,0.25,10.25,0.5],"rotation":0,"texture":"#0","tintindex":0}}}],"display":{"head":{"translation":[0.0,-6.4,0.0],"scale":[4.0,4.0,4.0]}}}