{"textures":{},"elements":[{"from":[7.428571,7.285714,3.7142854],"to":[8.571428,8.428572,5.8571424],"rotation":{"angle":0.0,"axis":"y","origin":[8.0,1.9999995,24.0]},"faces":{"east":{"uv":[0.0,0.0,3.75,2.0],"rotation":0,"texture":"#missing","tintindex":0},"south":{"uv":[0.0,0.0,2.0,2.0],"rotation":0,"texture":"#missing","tintindex":0},"north":{"uv":[0.0,0.0,2.0,2.0],"rotation":0,"texture":"#missing","tintindex":0},"west":{"uv":[0.0,0.0,3.75,2.0],"rotation":0,"texture":"#missing","tintindex":0},"up":{"uv":[0.0,0.0,2.0,3.75],"rotation":0,"texture":"#missing","tintindex":0},"down":{"uv":[0.0,0.0,2.0,3.75],"rotation":0,"texture":"#missing","tintindex":0}}},{"from":[7.142857,7.285714,5.8571424],"to":[8.857143,9.0,8.571428],"rotation":{"angle":0.0,"axis":"y","origin":[8.0,1.9999995,24.0]},"faces":{"east":{"uv":[0.0,0.0,4.75,3.0],"rotation":0,"texture":"#missing","tintindex":0},"south":{"uv":[0.0,0.0,3.0,3.0],"rotation":0,"texture":"#missing","tintindex":0},"north":{"uv":[0.0,0.0,3.0,3.0],"rotation":0,"texture":"#missing","tintindex":0},"west":{"uv":[0.0,0.0,4.75,3.0],"rotation":0,"texture":"#missing","tintindex":0},"up":{"uv":[0.0,0.0,3.0,4.75],"rotation":0,"texture":"#missing","tintindex":0},"down":{"uv":[0.0,0.0,3.0,4.75],"rotation":0,"texture":"#missing","tintindex":0}}}],"display":{"head":{"translation":[0.0,-6.4,0.0],"scale":[4.0,4.0,4.0]}}}