{"textures":{},"elements":[{"from":[7.428571,7.714286,5.285714],"to":[8.571428,8.285714,8.571428],"rotation":{"angle":0.0,"axis":"y","origin":[8.0,3.0,24.0]},"faces":{"east":{"uv":[0.0,0.0,5.75,1.0],"rotation":0,"texture":"#missing","tintindex":0},"south":{"uv":[0.0,0.0,2.0,1.0],"rotation":0,"texture":"#missing","tintindex":0},"north":{"uv":[0.0,0.0,2.0,1.0],"rotation":0,"texture":"#missing","tintindex":0},"west":{"uv":[0.0,0.0,5.75,1.0],"rotation":0,"texture":"#missing","tintindex":0},"up":{"uv":[0.0,0.0,2.0,5.75],"rotation":0,"texture":"#missing","tintindex":0},"down":{"uv":[0.0,0.0,2.0,5.75],"rotation":0,"texture":"#missing","tintindex":0}}}],"display":{"head":{"translation":[0.0,-6.4,0.0],"scale":[4.0,4.0,4.0]}}}