{"textures":{},"elements":[{"from":[5.714286,6.285714,3.7142854],"to":[10.285714,9.714286,9.428572],"rotation":{"angle":0.0,"axis":"y","origin":[8.0,1.5714283,19.714287]},"faces":{"east":{"uv":[0.0,0.0,10.0,6.0],"rotation":0,"texture":"#missing","tintindex":0},"south":{"uv":[0.0,0.0,8.0,6.0],"rotation":0,"texture":"#missing","tintindex":0},"north":{"uv":[0.0,0.0,8.0,6.0],"rotation":0,"texture":"#missing","tintindex":0},"west":{"uv":[0.0,0.0,10.0,6.0],"rotation":0,"texture":"#missing","tintindex":0},"up":{"uv":[0.0,0.0,8.0,10.0],"rotation":0,"texture":"#missing","tintindex":0},"down":{"uv":[0.0,0.0,8.0,10.0],"rotation":0,"texture":"#missing","tintindex":0}}}],"display":{"head":{"translation":[0.0,-6.4,0.0],"scale":[4.0,4.0,4.0]}}}