{"textures":{},"elements":[{"from":[7.0,7.428571,7.0],"to":[9.0,8.0,9.0],"rotation":{"angle":0.0,"axis":"y","origin":[10.285714,7.428571,6.428571]},"faces":{"east":{"uv":[3.5,0.0,7.0,1.0],"rotation":0,"texture":"#missing","tintindex":0},"south":{"uv":[3.5,0.0,7.0,1.0],"rotation":0,"texture":"#missing","tintindex":0},"north":{"uv":[3.5,0.0,7.0,1.0],"rotation":0,"texture":"#missing","tintindex":0},"west":{"uv":[3.5,0.0,7.0,1.0],"rotation":0,"texture":"#missing","tintindex":0},"up":{"uv":[3.5,0.0,7.0,3.5],"rotation":0,"texture":"#missing","tintindex":0},"down":{"uv":[3.5,0.0,7.0,3.5],"rotation":0,"texture":"#missing","tintindex":0}}}],"display":{"head":{"translation":[0.0,-6.4,0.0],"scale":[4.0,4.0,4.0]}}}