{"textures":{},"elements":[{"from":[7.642857,7.714286,7.928571],"to":[8.357142,8.285714,9.214286],"rotation":{"angle":0.0,"axis":"y","origin":[10.357143,7.714286,5.3571424]},"faces":{"east":{"uv":[2.25,0.0,4.5,1.0],"rotation":0,"texture":"#missing","tintindex":0},"south":{"uv":[1.25,0.0,2.5,1.0],"rotation":0,"texture":"#missing","tintindex":0},"north":{"uv":[1.25,0.0,2.5,1.0],"rotation":0,"texture":"#missing","tintindex":0},"west":{"uv":[2.25,0.0,4.5,1.0],"rotation":0,"texture":"#missing","tintindex":0},"up":{"uv":[1.25,0.0,2.5,2.25],"rotation":0,"texture":"#missing","tintindex":0},"down":{"uv":[1.25,0.0,2.5,2.25],"rotation":0,"texture":"#missing","tintindex":0}}}],"display":{"head":{"translation":[0.0,-6.4,0.0],"scale":[4.0,4.0,4.0]}}}