{"textures":{},"elements":[{"from":[6.857143,3.7142854,6.857143],"to":[9.142858,8.857143,9.142858],"rotation":{"angle":0.0,"axis":"y","origin":[10.285714,1.4285712,6.285714]},"faces":{"east":{"uv":[4.0,0.0,8.0,9.0],"rotation":0,"texture":"#missing","tintindex":0},"south":{"uv":[4.0,0.0,8.0,9.0],"rotation":0,"texture":"#missing","tintindex":0},"north":{"uv":[4.0,0.0,8.0,9.0],"rotation":0,"texture":"#missing","tintindex":0},"west":{"uv":[4.0,0.0,8.0,9.0],"rotation":0,"texture":"#missing","tintindex":0},"up":{"uv":[4.0,0.0,8.0,4.0],"rotation":0,"texture":"#missing","tintindex":0},"down":{"uv":[4.0,0.0,8.0,4.0],"rotation":0,"texture":"#missing","tintindex":0}}}],"display":{"head":{"translation":[0.0,-6.4,0.0],"scale":[4.0,4.0,4.0]}}}