{"textures":{},"elements":[{"from":[7.428571,2.2857141,7.428571],"to":[8.571428,8.571428,8.571428],"rotation":{"angle":0.0,"axis":"y","origin":[10.285714,1.7142854,6.285714]},"faces":{"east":{"uv":[2.0,0.0,4.0,11.0],"rotation":0,"texture":"#missing","tintindex":0},"south":{"uv":[2.0,0.0,4.0,11.0],"rotation":0,"texture":"#missing","tintindex":0},"north":{"uv":[2.0,0.0,4.0,11.0],"rotation":0,"texture":"#missing","tintindex":0},"west":{"uv":[2.0,0.0,4.0,11.0],"rotation":0,"texture":"#missing","tintindex":0},"up":{"uv":[2.0,0.0,4.0,2.0],"rotation":0,"texture":"#missing","tintindex":0},"down":{"uv":[2.0,0.0,4.0,2.0],"rotation":0,"texture":"#missing","tintindex":0}}}],"display":{"head":{"translation":[0.0,-6.4,0.0],"scale":[4.0,4.0,4.0]}}}