{"textures":{},"elements":[{"from":[7.714286,7.714286,6.785714],"to":[8.285714,8.285714,8.071428],"rotation":{"angle":0.0,"axis":"y","origin":[9.571428,7.714286,7.5]},"faces":{"east":{"uv":[2.25,0.0,4.5,1.0],"rotation":0,"texture":"#missing","tintindex":0},"south":{"uv":[1.0,0.0,2.0,1.0],"rotation":0,"texture":"#missing","tintindex":0},"north":{"uv":[1.0,0.0,2.0,1.0],"rotation":0,"texture":"#missing","tintindex":0},"west":{"uv":[2.25,0.0,4.5,1.0],"rotation":0,"texture":"#missing","tintindex":0},"up":{"uv":[1.0,0.0,2.0,2.25],"rotation":0,"texture":"#missing","tintindex":0},"down":{"uv":[1.0,0.0,2.0,2.25],"rotation":0,"texture":"#missing","tintindex":0}}}],"display":{"head":{"translation":[0.0,-6.4,0.0],"scale":[4.0,4.0,4.0]}}}