{"textures":{},"elements":[{"from":[4.3214283,6.603333,8.42797],"to":[11.75,11.889048,16.285114],"rotation":{"angle":0.0,"axis":"y","origin":[8.035714,3.3176184,3.8565412]},"faces":{"east":{"uv":[0.0,0.0,13.75,9.25],"rotation":0,"texture":"#missing","tintindex":0},"south":{"uv":[0.0,0.0,13.0,9.25],"rotation":0,"texture":"#missing","tintindex":0},"north":{"uv":[0.0,0.0,13.0,9.25],"rotation":0,"texture":"#missing","tintindex":0},"west":{"uv":[0.0,0.0,13.75,9.25],"rotation":0,"texture":"#missing","tintindex":0},"up":{"uv":[0.0,0.0,13.0,13.75],"rotation":0,"texture":"#missing","tintindex":0},"down":{"uv":[0.0,0.0,13.0,13.75],"rotation":0,"texture":"#missing","tintindex":0}}},{"from":[4.6071424,1.5737791,8.856981],"to":[11.321428,4.573779,19.714125],"rotation":{"angle":-22.5,"axis":"x","origin":[8.035714,1.1452079,4.285553]},"faces":{"east":{"uv":[0.0,0.0,16.0,5.25],"rotation":0,"texture":"#missing","tintindex":0},"south":{"uv":[0.0,0.0,11.75,5.25],"rotation":0,"texture":"#missing","tintindex":0},"north":{"uv":[0.0,0.0,11.75,5.25],"rotation":0,"texture":"#missing","tintindex":0},"west":{"uv":[0.0,0.0,16.0,5.25],"rotation":0,"texture":"#missing","tintindex":0},"up":{"uv":[0.0,0.0,11.75,16.0],"rotation":0,"texture":"#missing","tintindex":0},"down":{"uv":[0.0,0.0,11.75,16.0],"rotation":0,"texture":"#missing","tintindex":0}}}],"display":{"head":{"translation":[0.0,-6.4,0.0],"scale":[4.0,4.0,4.0]}}}