{"textures":{},"elements":[{"from":[5.142857,6.0,6.0],"to":[10.857143,10.0,11.142858],"rotation":{"angle":0.0,"axis":"y","origin":[8.0,1.5714283,18.0]},"faces":{"east":{"uv":[0.0,0.0,9.0,7.0],"rotation":0,"texture":"#missing","tintindex":0},"south":{"uv":[0.0,0.0,10.0,7.0],"rotation":0,"texture":"#missing","tintindex":0},"north":{"uv":[0.0,0.0,10.0,7.0],"rotation":0,"texture":"#missing","tintindex":0},"west":{"uv":[0.0,0.0,9.0,7.0],"rotation":0,"texture":"#missing","tintindex":0},"up":{"uv":[0.0,0.0,10.0,9.0],"rotation":0,"texture":"#missing","tintindex":0},"down":{"uv":[0.0,0.0,10.0,9.0],"rotation":0,"texture":"#missing","tintindex":0}}}],"display":{"head":{"translation":[0.0,-6.4,0.0],"scale":[4.0,4.0,4.0]}}}