{"textures":{},"elements":[{"from":[7.714286,7.714286,6.785714],"to":[8.285714,8.285714,8.071428],"rotation":{"angle":0.0,"axis":"y","origin":[6.428571,7.714286,8.785714]},"faces":{"east":{"uv":[0.0,0.0,2.25,1.0],"rotation":0,"texture":"#missing","tintindex":0},"south":{"uv":[0.0,0.0,1.0,1.0],"rotation":0,"texture":"#missing","tintindex":0},"north":{"uv":[0.0,0.0,1.0,1.0],"rotation":0,"texture":"#missing","tintindex":0},"west":{"uv":[0.0,0.0,2.25,1.0],"rotation":0,"texture":"#missing","tintindex":0},"up":{"uv":[0.0,0.0,1.0,2.25],"rotation":0,"texture":"#missing","tintindex":0},"down":{"uv":[0.0,0.0,1.0,2.25],"rotation":0,"texture":"#missing","tintindex":0}}}],"display":{"head":{"translation":[0.0,-6.4,0.0],"scale":[4.0,4.0,4.0]}}}