{"textures":{},"elements":[{"from":[8.0,6.857143,7.428571],"to":[10.285714,9.142858,15.428572],"rotation":{"angle":0.0,"axis":"y","origin":[3.4285712,-6.285715,12.0]},"faces":{"east":{"uv":[0.0,0.0,14.0,4.0],"rotation":0,"texture":"#missing","tintindex":0},"south":{"uv":[0.0,0.0,4.0,4.0],"rotation":0,"texture":"#missing","tintindex":0},"north":{"uv":[0.0,0.0,4.0,4.0],"rotation":0,"texture":"#missing","tintindex":0},"west":{"uv":[0.0,0.0,14.0,4.0],"rotation":0,"texture":"#missing","tintindex":0},"up":{"uv":[0.0,0.0,4.0,14.0],"rotation":0,"texture":"#missing","tintindex":0},"down":{"uv":[0.0,0.0,4.0,14.0],"rotation":0,"texture":"#missing","tintindex":0}}}],"display":{"head":{"translation":[0.0,-6.4,0.0],"scale":[4.0,4.0,4.0]}}}