{"textures":{},"elements":[{"from":[5.714286,7.0,7.428571],"to":[8.0,9.0,16.0],"rotation":{"angle":0.0,"axis":"y","origin":[12.571428,-6.4285717,12.0]},"faces":{"east":{"uv":[1.0,0.0,16.0,3.5],"rotation":0,"texture":"#missing","tintindex":0},"south":{"uv":[4.0,0.0,8.0,3.5],"rotation":0,"texture":"#missing","tintindex":0},"north":{"uv":[4.0,0.0,8.0,3.5],"rotation":0,"texture":"#missing","tintindex":0},"west":{"uv":[1.0,0.0,16.0,3.5],"rotation":0,"texture":"#missing","tintindex":0},"up":{"uv":[4.0,0.0,8.0,15.0],"rotation":0,"texture":"#missing","tintindex":0},"down":{"uv":[4.0,0.0,8.0,15.0],"rotation":0,"texture":"#missing","tintindex":0}}}],"display":{"head":{"translation":[0.0,-6.4,0.0],"scale":[4.0,4.0,4.0]}}}