{"textures":{},"elements":[{"from":[7.142857,7.642857,7.714286],"to":[8.857143,8.357142,18.57143],"rotation":{"angle":0.0,"axis":"y","origin":[7.142857,0.49999952,-9.428572]},"faces":{"east":{"uv":[0.0,0.0,16.0,1.25],"rotation":0,"texture":"#missing","tintindex":0},"south":{"uv":[0.0,0.0,3.0,1.25],"rotation":0,"texture":"#missing","tintindex":0},"north":{"uv":[0.0,0.0,3.0,1.25],"rotation":0,"texture":"#missing","tintindex":0},"west":{"uv":[0.0,0.0,16.0,1.25],"rotation":0,"texture":"#missing","tintindex":0},"up":{"uv":[0.0,0.0,3.0,16.0],"rotation":0,"texture":"#missing","tintindex":0},"down":{"uv":[0.0,0.0,3.0,16.0],"rotation":0,"texture":"#missing","tintindex":0}}}],"display":{"head":{"translation":[0.0,-6.4,0.0],"scale":[4.0,4.0,4.0]}}}