{"textures":{},"elements":[{"from":[4.5,6.0857143,7.9857144],"to":[11.5,9.8,12.700001],"rotation":{"angle":0.0,"axis":"y","origin":[8.071428,1.9428568,-4.4428577]},"faces":{"east":{"uv":[0.0,0.0,8.25,6.5],"rotation":0,"texture":"#missing","tintindex":0},"south":{"uv":[0.0,0.0,12.25,6.5],"rotation":0,"texture":"#missing","tintindex":0},"north":{"uv":[0.0,0.0,12.25,6.5],"rotation":0,"texture":"#missing","tintindex":0},"west":{"uv":[0.0,0.0,8.25,6.5],"rotation":0,"texture":"#missing","tintindex":0},"up":{"uv":[0.0,0.0,12.25,8.25],"rotation":0,"texture":"#missing","tintindex":0},"down":{"uv":[0.0,0.0,12.25,8.25],"rotation":0,"texture":"#missing","tintindex":0}}}],"display":{"head":{"translation":[0.0,-6.4,0.0],"scale":[4.0,4.0,4.0]}}}