{"textures":{},"elements":[{"from":[3.4285712,3.2857141,6.5714283],"to":[12.571428,12.428572,15.714286],"rotation":{"angle":0.0,"axis":"y","origin":[8.0,3.2857141,11.142858]},"faces":{"east":{"uv":[0.0,0.0,16.0,16.0],"rotation":0,"texture":"#missing","tintindex":0},"south":{"uv":[0.0,0.0,16.0,16.0],"rotation":0,"texture":"#missing","tintindex":0},"north":{"uv":[0.0,0.0,16.0,16.0],"rotation":0,"texture":"#missing","tintindex":0},"west":{"uv":[0.0,0.0,16.0,16.0],"rotation":0,"texture":"#missing","tintindex":0},"up":{"uv":[0.0,0.0,16.0,16.0],"rotation":0,"texture":"#missing","tintindex":0},"down":{"uv":[0.0,0.0,16.0,16.0],"rotation":0,"texture":"#missing","tintindex":0}}}],"display":{"head":{"translation":[0.0,-6.4,0.0],"scale":[4.0,4.0,4.0]}}}