{
	"credit": "Made with Blockbench",
	"textures": {
		"0": "block/vines",
		"1": "block/leaves",
		"2": "block/leaves_2",
		"3": "block/lichen flower",
		"particle": "block/vines"
	},
	"elements": [
		{
			"from": [0, 0, 0.5],
			"to": [16, 16, 0.5],
			"rotation": {"angle": 0, "axis": "y", "origin": [8, 0, 0.5]},
			"faces": {
				"north": {"uv": [16, 0, 0, 16], "texture": "#0"},
				"east": {"uv": [0, 0, 0, 16], "texture": "#missing"},
				"south": {"uv": [0, 0, 16, 16], "texture": "#0"},
				"west": {"uv": [0, 0, 0, 16], "texture": "#missing"},
				"up": {"uv": [0, 0, 16, 0], "rotation": 180, "texture": "#missing"},
				"down": {"uv": [0, 0, 16, 0], "rotation": 180, "texture": "#missing"}
			}
		},
		{
			"from": [5.5, 5.86061, 5.39862],
			"to": [10.5, 11.86061, 5.39862],
			"rotation": {"angle": -22.5, "axis": "x", "origin": [8, 0, 0.5]},
			"faces": {
				"north": {"uv": [8, 9, 1, 15], "texture": "#2"},
				"east": {"uv": [0, 0, 0, 6], "texture": "#missing"},
				"south": {"uv": [0.96053, 9.01316, 8.05263, 15], "texture": "#2"},
				"west": {"uv": [0, 0, 0, 6], "texture": "#missing"},
				"up": {"uv": [0, 0, 5, 0], "rotation": 180, "texture": "#missing"},
				"down": {"uv": [0, 0, 5, 0], "rotation": 180, "texture": "#missing"}
			}
		},
		{
			"from": [0, 5.86061, 5.39862],
			"to": [5, 11.86061, 5.39862],
			"rotation": {"angle": -22.5, "axis": "x", "origin": [8, 0, 0.5]},
			"faces": {
				"north": {"uv": [9, 9, 15, 15], "texture": "#1"},
				"east": {"uv": [0, 0, 0, 6], "texture": "#missing"},
				"south": {"uv": [14.94474, 8.97368, 9.09474, 14.99211], "texture": "#1"},
				"west": {"uv": [0, 0, 0, 6], "texture": "#missing"},
				"up": {"uv": [0, 0, 5, 0], "rotation": 180, "texture": "#missing"},
				"down": {"uv": [0, 0, 5, 0], "rotation": 180, "texture": "#missing"}
			}
		},
		{
			"from": [11, 5.86061, 5.39862],
			"to": [16, 11.86061, 5.39862],
			"rotation": {"angle": -22.5, "axis": "x", "origin": [8, 0, 0.5]},
			"faces": {
				"north": {"uv": [7, 9, 1, 15], "texture": "#1"},
				"east": {"uv": [0, 0, 0, 6], "texture": "#missing"},
				"south": {"uv": [1, 8.93421, 7, 15.01316], "texture": "#1"},
				"west": {"uv": [0, 0, 0, 6], "texture": "#missing"},
				"up": {"uv": [0, 0, 5, 0], "rotation": 180, "texture": "#missing"},
				"down": {"uv": [0, 0, 5, 0], "rotation": 180, "texture": "#missing"}
			}
		},
		{
			"from": [11, 1.93412, 3.77221],
			"to": [16, 7.93412, 3.77221],
			"rotation": {"angle": -22.5, "axis": "x", "origin": [8, 0, 0.5]},
			"faces": {
				"north": {"uv": [15, 9, 9, 15], "texture": "#1"},
				"east": {"uv": [0, 0, 0, 6], "texture": "#missing"},
				"south": {"uv": [8.99474, 8.97368, 15.04474, 14.99211], "texture": "#1"},
				"west": {"uv": [0, 0, 0, 6], "texture": "#missing"},
				"up": {"uv": [0, 0, 5, 0], "rotation": 180, "texture": "#missing"},
				"down": {"uv": [0, 0, 5, 0], "rotation": 180, "texture": "#missing"}
			}
		},
		{
			"from": [5.5, 1.93412, 3.77221],
			"to": [10.5, 7.93412, 3.77221],
			"rotation": {"angle": -22.5, "axis": "x", "origin": [8, 0, 0.5]},
			"faces": {
				"north": {"uv": [6, 1, 1, 7], "texture": "#1"},
				"east": {"uv": [0, 0, 0, 6], "texture": "#missing"},
				"south": {"uv": [1, 1, 6, 6.90789], "texture": "#1"},
				"west": {"uv": [0, 0, 0, 6], "texture": "#missing"},
				"up": {"uv": [0, 0, 5, 0], "rotation": 180, "texture": "#missing"},
				"down": {"uv": [0, 0, 5, 0], "rotation": 180, "texture": "#missing"}
			}
		},
		{
			"from": [0, 1.93412, 3.77221],
			"to": [5, 7.93412, 3.77221],
			"rotation": {"angle": -22.5, "axis": "x", "origin": [8, 0, 0.5]},
			"faces": {
				"north": {"uv": [9, 1, 15, 7], "texture": "#2"},
				"east": {"uv": [0, 0, 0, 6], "texture": "#missing"},
				"south": {"uv": [15, 1, 9, 6.90789], "texture": "#2"},
				"west": {"uv": [0, 0, 0, 6], "texture": "#missing"},
				"up": {"uv": [0, 0, 5, 0], "rotation": 180, "texture": "#missing"},
				"down": {"uv": [0, 0, 5, 0], "rotation": 180, "texture": "#missing"}
			}
		},
		{
			"from": [11, -1.29946, 2.43282],
			"to": [16, 4.70054, 2.43282],
			"rotation": {"angle": -22.5, "axis": "x", "origin": [13.5, 0, 0.5]},
			"faces": {
				"north": {"uv": [10, 9, 15, 15], "texture": "#2"},
				"east": {"uv": [0, 0, 0, 6], "texture": "#missing"},
				"south": {"uv": [15, 8.93421, 10.09211, 14.99211], "texture": "#2"},
				"west": {"uv": [0, 0, 0, 6], "texture": "#missing"},
				"up": {"uv": [0, 0, 5, 0], "rotation": 180, "texture": "#missing"},
				"down": {"uv": [0, 0, 5, 0], "rotation": 180, "texture": "#missing"}
			}
		},
		{
			"from": [5.5, -1.29946, 2.43282],
			"to": [10.5, 4.70054, 2.43282],
			"rotation": {"angle": -22.5, "axis": "x", "origin": [8, 0, 0.5]},
			"faces": {
				"north": {"uv": [15, 1, 9, 7], "texture": "#1"},
				"east": {"uv": [0, 0, 0, 6], "texture": "#missing"},
				"south": {"uv": [9.05263, 1, 15.05263, 6.90789], "texture": "#1"},
				"west": {"uv": [0, 0, 0, 6], "texture": "#missing"},
				"up": {"uv": [0, 0, 5, 0], "rotation": 180, "texture": "#missing"},
				"down": {"uv": [0, 0, 5, 0], "rotation": 180, "texture": "#missing"}
			}
		},
		{
			"from": [0, -1.29946, 2.43282],
			"to": [5, 4.70054, 2.43282],
			"rotation": {"angle": -22.5, "axis": "x", "origin": [2.5, 0, 0.5]},
			"faces": {
				"north": {"uv": [1, 1, 6, 7], "texture": "#1"},
				"east": {"uv": [0, 0, 0, 6], "texture": "#missing"},
				"south": {"uv": [6, 1, 1, 6.90789], "texture": "#1"},
				"west": {"uv": [0, 0, 0, 6], "texture": "#missing"},
				"up": {"uv": [0, 0, 5, 0], "rotation": 180, "texture": "#missing"},
				"down": {"uv": [0, 0, 5, 0], "rotation": 180, "texture": "#missing"}
			}
		},
		{
			"from": [5.5, 9.7871, 7.02502],
			"to": [10.5, 15.7871, 7.02502],
			"rotation": {"angle": -22.5, "axis": "x", "origin": [8, 0, 0.5]},
			"faces": {
				"north": {"uv": [10, 9, 15, 15], "texture": "#2"},
				"east": {"uv": [0, 0, 0, 6], "texture": "#missing"},
				"south": {"uv": [10, 8.93421, 15, 15.09211], "texture": "#2"},
				"west": {"uv": [0, 0, 0, 6], "texture": "#missing"},
				"up": {"uv": [0, 0, 5, 0], "rotation": 180, "texture": "#missing"},
				"down": {"uv": [0, 0, 5, 0], "rotation": 180, "texture": "#missing"}
			}
		},
		{
			"from": [0, 9.7871, 7.02502],
			"to": [5, 15.7871, 7.02502],
			"rotation": {"angle": -22.5, "axis": "x", "origin": [8, 0, 0.5]},
			"faces": {
				"north": {"uv": [6, 1, 1, 7], "texture": "#1"},
				"east": {"uv": [0, 0, 0, 6], "texture": "#missing"},
				"south": {"uv": [1, 1, 5.90789, 6.90789], "texture": "#1"},
				"west": {"uv": [0, 0, 0, 6], "texture": "#missing"},
				"up": {"uv": [0, 0, 5, 0], "rotation": 180, "texture": "#missing"},
				"down": {"uv": [0, 0, 5, 0], "rotation": 180, "texture": "#missing"}
			}
		},
		{
			"from": [11, 9.7871, 7.02502],
			"to": [16, 15.7871, 7.02502],
			"rotation": {"angle": -22.5, "axis": "x", "origin": [8, 0, 0.5]},
			"faces": {
				"north": {"uv": [1, 9, 7, 15], "texture": "#1"},
				"east": {"uv": [0, 0, 0, 6], "texture": "#missing"},
				"south": {"uv": [1, 9, 7, 14.90789], "texture": "#1"},
				"west": {"uv": [0, 0, 0, 6], "texture": "#missing"},
				"up": {"uv": [0, 0, 5, 0], "rotation": 180, "texture": "#missing"},
				"down": {"uv": [0, 0, 5, 0], "rotation": 180, "texture": "#missing"}
			}
		},
		{
			"from": [5.5, -14.06588, 3.27221],
			"to": [10.5, -8.06588, 3.27221],
			"rotation": {"angle": -22.5, "axis": "x", "origin": [8, -16, 0]},
			"faces": {
				"north": {"uv": [6, 1, 1, 7], "texture": "#1"},
				"east": {"uv": [0, 0, 0, 6], "texture": "#missing"},
				"south": {"uv": [1, 1, 6, 6.90789], "texture": "#1"},
				"west": {"uv": [0, 0, 0, 6], "texture": "#missing"},
				"up": {"uv": [0, 0, 5, 0], "rotation": 180, "texture": "#missing"},
				"down": {"uv": [0, 0, 5, 0], "rotation": 180, "texture": "#missing"}
			}
		},
		{
			"from": [0, -10.13939, 4.89862],
			"to": [5, -4.13939, 4.89862],
			"rotation": {"angle": -22.5, "axis": "x", "origin": [8, -16, 0]},
			"faces": {
				"north": {"uv": [9, 9, 15, 15], "texture": "#1"},
				"east": {"uv": [0, 0, 0, 6], "texture": "#missing"},
				"south": {"uv": [14.94474, 8.97368, 9.09474, 14.99211], "texture": "#1"},
				"west": {"uv": [0, 0, 0, 6], "texture": "#missing"},
				"up": {"uv": [0, 0, 5, 0], "rotation": 180, "texture": "#missing"},
				"down": {"uv": [0, 0, 5, 0], "rotation": 180, "texture": "#missing"}
			}
		},
		{
			"from": [5.5, -10.13939, 4.89862],
			"to": [10.5, -4.13939, 4.89862],
			"rotation": {"angle": -22.5, "axis": "x", "origin": [8, -16, 0]},
			"faces": {
				"north": {"uv": [8, 9, 1, 15], "texture": "#2"},
				"east": {"uv": [0, 0, 0, 6], "texture": "#missing"},
				"south": {"uv": [0.96053, 9.01316, 8.05263, 15], "texture": "#2"},
				"west": {"uv": [0, 0, 0, 6], "texture": "#missing"},
				"up": {"uv": [0, 0, 5, 0], "rotation": 180, "texture": "#missing"},
				"down": {"uv": [0, 0, 5, 0], "rotation": 180, "texture": "#missing"}
			}
		},
		{
			"from": [11, -6.2129, 6.52502],
			"to": [16, -0.2129, 6.52502],
			"rotation": {"angle": -22.5, "axis": "x", "origin": [8, -16, 0]},
			"faces": {
				"north": {"uv": [1, 9, 7, 15], "texture": "#1"},
				"east": {"uv": [0, 0, 0, 6], "texture": "#missing"},
				"south": {"uv": [1, 9, 7, 14.90789], "texture": "#1"},
				"west": {"uv": [0, 0, 0, 6], "texture": "#missing"},
				"up": {"uv": [0, 0, 5, 0], "rotation": 180, "texture": "#missing"},
				"down": {"uv": [0, 0, 5, 0], "rotation": 180, "texture": "#missing"}
			}
		},
		{
			"from": [5.5, -6.2129, 6.52502],
			"to": [10.5, -0.2129, 6.52502],
			"rotation": {"angle": -22.5, "axis": "x", "origin": [8, -16, 0]},
			"faces": {
				"north": {"uv": [10, 9, 15, 15], "texture": "#2"},
				"east": {"uv": [0, 0, 0, 6], "texture": "#missing"},
				"south": {"uv": [10, 8.93421, 15, 15.09211], "texture": "#2"},
				"west": {"uv": [0, 0, 0, 6], "texture": "#missing"},
				"up": {"uv": [0, 0, 5, 0], "rotation": 180, "texture": "#missing"},
				"down": {"uv": [0, 0, 5, 0], "rotation": 180, "texture": "#missing"}
			}
		},
		{
			"from": [0, -6.2129, 6.52502],
			"to": [5, -0.2129, 6.52502],
			"rotation": {"angle": -22.5, "axis": "x", "origin": [8, -16, 0]},
			"faces": {
				"north": {"uv": [6, 1, 1, 7], "texture": "#1"},
				"east": {"uv": [0, 0, 0, 6], "texture": "#missing"},
				"south": {"uv": [1, 1, 5.90789, 6.90789], "texture": "#1"},
				"west": {"uv": [0, 0, 0, 6], "texture": "#missing"},
				"up": {"uv": [0, 0, 5, 0], "rotation": 180, "texture": "#missing"},
				"down": {"uv": [0, 0, 5, 0], "rotation": 180, "texture": "#missing"}
			}
		},
		{
			"from": [-10, 2, 0],
			"to": [-4, 2, 12],
			"rotation": {"angle": 22.5, "axis": "z", "origin": [-4, 2, 12]},
			"faces": {
				"north": {"uv": [0, 0, 6, 0], "texture": "#3"},
				"east": {"uv": [0, 0, 12, 0], "texture": "#3"},
				"south": {"uv": [0, 0, 6, 0], "texture": "#3"},
				"west": {"uv": [0, 0, 12, 0], "texture": "#3"},
				"up": {"uv": [0, 0, 6, 12], "rotation": 180, "texture": "#3"},
				"down": {"uv": [0, 0, 6, 12], "rotation": 180, "texture": "#3"}
			}
		},
		{
			"from": [-15, 2, 5],
			"to": [-3, 2, 11],
			"rotation": {"angle": -22.5, "axis": "x", "origin": [-15, 2, 11]},
			"faces": {
				"north": {"uv": [0, 0, 12, 0], "texture": "#3"},
				"east": {"uv": [0, 0, 6, 0], "texture": "#3"},
				"south": {"uv": [0, 0, 12, 0], "texture": "#3"},
				"west": {"uv": [0, 0, 6, 0], "texture": "#3"},
				"up": {"uv": [0, 0, 6, 12], "rotation": 270, "texture": "#3"},
				"down": {"uv": [0, 0, 6, 12], "rotation": 90, "texture": "#3"}
			}
		},
		{
			"from": [-15, 2, 0],
			"to": [-3, 2, 6],
			"rotation": {"angle": 22.5, "axis": "x", "origin": [-3, 2, 0]},
			"faces": {
				"north": {"uv": [0, 0, 12, 0], "texture": "#3"},
				"east": {"uv": [0, 0, 6, 0], "texture": "#3"},
				"south": {"uv": [0, 0, 12, 0], "texture": "#3"},
				"west": {"uv": [0, 0, 6, 0], "texture": "#3"},
				"up": {"uv": [0, 0, 6, 12], "rotation": 90, "texture": "#3"},
				"down": {"uv": [0, 0, 6, 12], "rotation": 270, "texture": "#3"}
			}
		},
		{
			"from": [-15, 2, 0],
			"to": [-9, 2, 12],
			"rotation": {"angle": -22.5, "axis": "z", "origin": [-15, 2, 0]},
			"faces": {
				"north": {"uv": [0, 0, 6, 0], "texture": "#3"},
				"east": {"uv": [0, 0, 12, 0], "texture": "#3"},
				"south": {"uv": [0, 0, 6, 0], "texture": "#3"},
				"west": {"uv": [0, 0, 12, 0], "texture": "#3"},
				"up": {"uv": [0, 0, 6, 12], "texture": "#3"},
				"down": {"uv": [0, 0, 6, 12], "texture": "#3"}
			}
		},
		{
			"from": [-10, 1, 5],
			"to": [-8, 1, 7],
			"rotation": {"angle": -45, "axis": "z", "origin": [-10, 1, 5]},
			"faces": {
				"north": {"uv": [0, 0, 2, 0], "texture": "#missing"},
				"east": {"uv": [0, 0, 2, 0], "texture": "#missing"},
				"south": {"uv": [0, 0, 2, 0], "texture": "#missing"},
				"west": {"uv": [0, 0, 2, 0], "texture": "#missing"},
				"up": {"uv": [12, 0, 16, 4], "texture": "#3"},
				"down": {"uv": [0, 0, 2, 2], "texture": "#missing"}
			}
		},
		{
			"from": [-10, 1, 5],
			"to": [-8, 1, 7],
			"rotation": {"angle": 45, "axis": "x", "origin": [-8, 1, 5]},
			"faces": {
				"north": {"uv": [0, 0, 2, 0], "texture": "#missing"},
				"east": {"uv": [0, 0, 2, 0], "texture": "#missing"},
				"south": {"uv": [0, 0, 2, 0], "texture": "#missing"},
				"west": {"uv": [0, 0, 2, 0], "texture": "#missing"},
				"up": {"uv": [12, 0, 16, 4], "rotation": 90, "texture": "#3"},
				"down": {"uv": [0, 0, 2, 2], "rotation": 270, "texture": "#missing"}
			}
		},
		{
			"from": [-8, -1, 5],
			"to": [-8, 1, 7],
			"rotation": {"angle": -45, "axis": "z", "origin": [-8, 1, 5]},
			"faces": {
				"north": {"uv": [0, 0, 2, 0], "rotation": 90, "texture": "#missing"},
				"east": {"uv": [0, 0, 2, 2], "rotation": 180, "texture": "#missing"},
				"south": {"uv": [0, 0, 2, 0], "rotation": 270, "texture": "#missing"},
				"west": {"uv": [12, 0, 16, 4], "texture": "#3"},
				"up": {"uv": [0, 0, 2, 0], "rotation": 270, "texture": "#missing"},
				"down": {"uv": [0, 0, 2, 0], "rotation": 270, "texture": "#missing"}
			}
		},
		{
			"from": [-10, -0.25, 5.75],
			"to": [-8, -0.25, 7.75],
			"rotation": {"angle": -45, "axis": "x", "origin": [-8, -0.25, 5.75]},
			"faces": {
				"north": {"uv": [0, 0, 2, 0], "texture": "#missing"},
				"east": {"uv": [0, 0, 2, 0], "texture": "#missing"},
				"south": {"uv": [0, 0, 2, 0], "texture": "#missing"},
				"west": {"uv": [0, 0, 2, 0], "texture": "#missing"},
				"up": {"uv": [12, 0, 16, 4], "rotation": 90, "texture": "#3"},
				"down": {"uv": [0, 0, 2, 2], "rotation": 270, "texture": "#missing"}
			}
		}
	],
	"display": {}
}