{
	"format_version": "1.21.6",
	"credit": "Made with Blockbench",
	"texture_size": [48, 48],
	"textures": {
		"0": "item/masks/mask_kakashi",
		"particle": "item/masks/mask_kakashi"
	},
	"elements": [
		{
			"from": [4, 5.5, 3.5],
			"to": [12, 7, 4],
			"rotation": {"angle": 0, "axis": "y", "origin": [7, 0, 2]},
			"faces": {
				"north": {"uv": [0, 4, 2.66667, 4.66667], "texture": "#0"},
				"east": {"uv": [7.66667, 1.66667, 8, 2.33333], "texture": "#0"},
				"south": {"uv": [0, 4.66667, 2.66667, 5.33333], "texture": "#0"},
				"west": {"uv": [2.33333, 7.66667, 2.66667, 8.33333], "texture": "#0"},
				"up": {"uv": [7.33333, 3.66667, 4.66667, 3.33333], "texture": "#0"},
				"down": {"uv": [7.33333, 3.66667, 4.66667, 4], "texture": "#0"}
			}
		},
		{
			"from": [7, 4, 3.5],
			"to": [9, 5.5, 4],
			"rotation": {"angle": 0, "axis": "y", "origin": [7, -1.5, 2]},
			"faces": {
				"north": {"uv": [6.66667, 7.33333, 7.33333, 8], "texture": "#0"},
				"east": {"uv": [8, 7.33333, 8.33333, 8], "texture": "#0"},
				"south": {"uv": [7.33333, 7.33333, 8, 8], "texture": "#0"},
				"west": {"uv": [7.66667, 8, 8, 8.66667], "texture": "#0"},
				"up": {"uv": [8.33333, 2.66667, 7.66667, 2.33333], "texture": "#0"},
				"down": {"uv": [8.66667, 0.66667, 8, 1], "texture": "#0"}
			}
		},
		{
			"from": [11.5, 4, 3.5],
			"to": [12, 5.5, 4],
			"rotation": {"angle": 0, "axis": "y", "origin": [10, -1.5, 2]},
			"faces": {
				"north": {"uv": [8, 8, 8.33333, 8.66667], "texture": "#0"},
				"east": {"uv": [8.33333, 0, 8.66667, 0.66667], "texture": "#0"},
				"south": {"uv": [8.33333, 1.66667, 8.66667, 2.33333], "texture": "#0"},
				"west": {"uv": [2.33333, 8.33333, 2.66667, 9], "texture": "#0"},
				"up": {"uv": [10, 2.66667, 9.66667, 2.33333], "texture": "#0"},
				"down": {"uv": [3, 9.66667, 2.66667, 10], "texture": "#0"}
			}
		},
		{
			"from": [11, 4, 3.5],
			"to": [11.5, 4.5, 4],
			"rotation": {"angle": 0, "axis": "y", "origin": [9.5, -1.5, 2]},
			"faces": {
				"north": {"uv": [9.66667, 3, 10, 3.33333], "texture": "#0"},
				"east": {"uv": [3.33333, 9.66667, 3.66667, 10], "texture": "#0"},
				"south": {"uv": [9.66667, 3.33333, 10, 3.66667], "texture": "#0"},
				"west": {"uv": [3.66667, 9.66667, 4, 10], "texture": "#0"},
				"up": {"uv": [10, 4, 9.66667, 3.66667], "texture": "#0"},
				"down": {"uv": [4.33333, 9.66667, 4, 10], "texture": "#0"}
			}
		},
		{
			"from": [10.5, 4.5, 3.75],
			"to": [11.5, 5.5, 4],
			"rotation": {"angle": 0, "axis": "y", "origin": [9.5, -0.5, 2]},
			"faces": {
				"north": {"uv": [3.33333, 10, 3.66667, 10.33333], "texture": "#0"},
				"east": {"uv": [10, 3.33333, 10.33333, 3.66667], "texture": "#0"},
				"south": {"uv": [3.66667, 10, 4, 10.33333], "texture": "#0"},
				"west": {"uv": [10, 3.66667, 10.33333, 4], "texture": "#0"},
				"up": {"uv": [4.33333, 10.33333, 4, 10], "texture": "#0"},
				"down": {"uv": [10.33333, 4, 10, 4.33333], "texture": "#0"}
			}
		},
		{
			"from": [4.5, 4.5, 3.75],
			"to": [5.5, 5.5, 4],
			"rotation": {"angle": 0, "axis": "y", "origin": [3.5, -0.5, 2]},
			"faces": {
				"north": {"uv": [10.33333, 0, 10.66667, 0.33333], "texture": "#0"},
				"east": {"uv": [0.33333, 10.33333, 0.66667, 10.66667], "texture": "#0"},
				"south": {"uv": [10.33333, 0.33333, 10.66667, 0.66667], "texture": "#0"},
				"west": {"uv": [0.66667, 10.33333, 1, 10.66667], "texture": "#0"},
				"up": {"uv": [10.66667, 1, 10.33333, 0.66667], "texture": "#0"},
				"down": {"uv": [1.33333, 10.33333, 1, 10.66667], "texture": "#0"}
			}
		},
		{
			"from": [9.5, 4, 3.75],
			"to": [10.5, 5, 4],
			"rotation": {"angle": 0, "axis": "y", "origin": [8.5, -1, 2]},
			"faces": {
				"north": {"uv": [4.33333, 10, 4.66667, 10.33333], "texture": "#0"},
				"east": {"uv": [10, 4.33333, 10.33333, 4.66667], "texture": "#0"},
				"south": {"uv": [4.66667, 10, 5, 10.33333], "texture": "#0"},
				"west": {"uv": [10, 4.66667, 10.33333, 5], "texture": "#0"},
				"up": {"uv": [5.33333, 10.33333, 5, 10], "texture": "#0"},
				"down": {"uv": [10.33333, 5, 10, 5.33333], "texture": "#0"}
			}
		},
		{
			"from": [5.5, 4, 3.75],
			"to": [6.5, 5, 4],
			"rotation": {"angle": 0, "axis": "y", "origin": [4.5, -1, 2]},
			"faces": {
				"north": {"uv": [9.33333, 10, 9.66667, 10.33333], "texture": "#0"},
				"east": {"uv": [10, 9.33333, 10.33333, 9.66667], "texture": "#0"},
				"south": {"uv": [9.66667, 10, 10, 10.33333], "texture": "#0"},
				"west": {"uv": [10, 9.66667, 10.33333, 10], "texture": "#0"},
				"up": {"uv": [10.33333, 10.33333, 10, 10], "texture": "#0"},
				"down": {"uv": [0.33333, 10.33333, 0, 10.66667], "texture": "#0"}
			}
		},
		{
			"from": [10.5, 4.25, 3.75],
			"to": [11, 4.5, 4],
			"rotation": {"angle": 0, "axis": "y", "origin": [9, -0.75, 2]},
			"faces": {
				"north": {"uv": [5.33333, 10, 5.66667, 10.33333], "texture": "#0"},
				"east": {"uv": [10, 5.33333, 10.33333, 5.66667], "texture": "#0"},
				"south": {"uv": [5.66667, 10, 6, 10.33333], "texture": "#0"},
				"west": {"uv": [10, 5.66667, 10.33333, 6], "texture": "#0"},
				"up": {"uv": [6.33333, 10.33333, 6, 10], "texture": "#0"},
				"down": {"uv": [10.33333, 6, 10, 6.33333], "texture": "#0"}
			}
		},
		{
			"from": [5, 4.25, 3.75],
			"to": [5.5, 4.5, 4],
			"rotation": {"angle": 0, "axis": "y", "origin": [3.5, -0.75, 2]},
			"faces": {
				"north": {"uv": [10.33333, 2, 10.66667, 2.33333], "texture": "#0"},
				"east": {"uv": [2.33333, 10.33333, 2.66667, 10.66667], "texture": "#0"},
				"south": {"uv": [10.33333, 2.33333, 10.66667, 2.66667], "texture": "#0"},
				"west": {"uv": [2.66667, 10.33333, 3, 10.66667], "texture": "#0"},
				"up": {"uv": [10.66667, 3, 10.33333, 2.66667], "texture": "#0"},
				"down": {"uv": [3.33333, 10.33333, 3, 10.66667], "texture": "#0"}
			}
		},
		{
			"from": [9.75, 5, 3.75],
			"to": [10.5, 5.25, 4],
			"rotation": {"angle": 0, "axis": "y", "origin": [8.25, 0, 2]},
			"faces": {
				"north": {"uv": [6.33333, 10, 6.66667, 10.33333], "texture": "#0"},
				"east": {"uv": [10, 6.33333, 10.33333, 6.66667], "texture": "#0"},
				"south": {"uv": [6.66667, 10, 7, 10.33333], "texture": "#0"},
				"west": {"uv": [10, 6.66667, 10.33333, 7], "texture": "#0"},
				"up": {"uv": [7.33333, 10.33333, 7, 10], "texture": "#0"},
				"down": {"uv": [10.33333, 7, 10, 7.33333], "texture": "#0"}
			}
		},
		{
			"from": [5.5, 5, 3.75],
			"to": [6.25, 5.25, 4],
			"rotation": {"angle": 0, "axis": "y", "origin": [4, 0, 2]},
			"faces": {
				"north": {"uv": [10.33333, 1, 10.66667, 1.33333], "texture": "#0"},
				"east": {"uv": [1.33333, 10.33333, 1.66667, 10.66667], "texture": "#0"},
				"south": {"uv": [10.33333, 1.33333, 10.66667, 1.66667], "texture": "#0"},
				"west": {"uv": [1.66667, 10.33333, 2, 10.66667], "texture": "#0"},
				"up": {"uv": [10.66667, 2, 10.33333, 1.66667], "texture": "#0"},
				"down": {"uv": [2.33333, 10.33333, 2, 10.66667], "texture": "#0"}
			}
		},
		{
			"from": [9, 4, 3.75],
			"to": [9.5, 4.75, 4],
			"rotation": {"angle": 0, "axis": "y", "origin": [7.5, -1, 2]},
			"faces": {
				"north": {"uv": [7.33333, 10, 7.66667, 10.33333], "texture": "#0"},
				"east": {"uv": [10, 7.33333, 10.33333, 7.66667], "texture": "#0"},
				"south": {"uv": [7.66667, 10, 8, 10.33333], "texture": "#0"},
				"west": {"uv": [10, 7.66667, 10.33333, 8], "texture": "#0"},
				"up": {"uv": [8.33333, 10.33333, 8, 10], "texture": "#0"},
				"down": {"uv": [10.33333, 8, 10, 8.33333], "texture": "#0"}
			}
		},
		{
			"from": [6.5, 4, 3.75],
			"to": [7, 4.75, 4],
			"rotation": {"angle": 0, "axis": "y", "origin": [5, -1, 2]},
			"faces": {
				"north": {"uv": [8.33333, 10, 8.66667, 10.33333], "texture": "#0"},
				"east": {"uv": [10, 8.33333, 10.33333, 8.66667], "texture": "#0"},
				"south": {"uv": [8.66667, 10, 9, 10.33333], "texture": "#0"},
				"west": {"uv": [10, 8.66667, 10.33333, 9], "texture": "#0"},
				"up": {"uv": [9.33333, 10.33333, 9, 10], "texture": "#0"},
				"down": {"uv": [10.33333, 9, 10, 9.33333], "texture": "#0"}
			}
		},
		{
			"from": [5, 4, 3.5],
			"to": [5.5, 4.25, 4],
			"rotation": {"angle": 0, "axis": "y", "origin": [3.5, -1.5, 2]},
			"faces": {
				"north": {"uv": [2.33333, 10, 2.66667, 10.33333], "texture": "#0"},
				"east": {"uv": [10, 2.33333, 10.33333, 2.66667], "texture": "#0"},
				"south": {"uv": [2.66667, 10, 3, 10.33333], "texture": "#0"},
				"west": {"uv": [10, 2.66667, 10.33333, 3], "texture": "#0"},
				"up": {"uv": [3.33333, 10.33333, 3, 10], "texture": "#0"},
				"down": {"uv": [10.33333, 3, 10, 3.33333], "texture": "#0"}
			}
		},
		{
			"from": [4.5, 4, 3.5],
			"to": [5, 4.5, 4],
			"rotation": {"angle": 0, "axis": "y", "origin": [3, -1.5, 2]},
			"faces": {
				"north": {"uv": [9.66667, 4, 10, 4.33333], "texture": "#0"},
				"east": {"uv": [4.33333, 9.66667, 4.66667, 10], "texture": "#0"},
				"south": {"uv": [9.66667, 4.33333, 10, 4.66667], "texture": "#0"},
				"west": {"uv": [4.66667, 9.66667, 5, 10], "texture": "#0"},
				"up": {"uv": [10, 5, 9.66667, 4.66667], "texture": "#0"},
				"down": {"uv": [5.33333, 9.66667, 5, 10], "texture": "#0"}
			}
		},
		{
			"from": [9, 5, 3.5],
			"to": [9.75, 5.5, 4],
			"rotation": {"angle": 0, "axis": "y", "origin": [7.5, -0.75, 2]},
			"faces": {
				"north": {"uv": [9.66667, 5, 10, 5.33333], "texture": "#0"},
				"east": {"uv": [5.33333, 9.66667, 5.66667, 10], "texture": "#0"},
				"south": {"uv": [9.66667, 5.33333, 10, 5.66667], "texture": "#0"},
				"west": {"uv": [5.66667, 9.66667, 6, 10], "texture": "#0"},
				"up": {"uv": [10, 6, 9.66667, 5.66667], "texture": "#0"},
				"down": {"uv": [6.33333, 9.66667, 6, 10], "texture": "#0"}
			}
		},
		{
			"from": [6.25, 5, 3.5],
			"to": [7, 5.5, 4],
			"rotation": {"angle": 0, "axis": "y", "origin": [4.75, -0.75, 2]},
			"faces": {
				"north": {"uv": [9.66667, 9, 10, 9.33333], "texture": "#0"},
				"east": {"uv": [9.33333, 9.66667, 9.66667, 10], "texture": "#0"},
				"south": {"uv": [9.66667, 9.33333, 10, 9.66667], "texture": "#0"},
				"west": {"uv": [9.66667, 9.66667, 10, 10], "texture": "#0"},
				"up": {"uv": [0.33333, 10.33333, 0, 10], "texture": "#0"},
				"down": {"uv": [10.33333, 0, 10, 0.33333], "texture": "#0"}
			}
		},
		{
			"from": [9.75, 5.25, 3.5],
			"to": [10.5, 5.5, 4],
			"rotation": {"angle": 0, "axis": "y", "origin": [8.25, -0.75, 2]},
			"faces": {
				"north": {"uv": [9.66667, 7, 10, 7.33333], "texture": "#0"},
				"east": {"uv": [7.33333, 9.66667, 7.66667, 10], "texture": "#0"},
				"south": {"uv": [9.66667, 7.33333, 10, 7.66667], "texture": "#0"},
				"west": {"uv": [7.66667, 9.66667, 8, 10], "texture": "#0"},
				"up": {"uv": [10, 8, 9.66667, 7.66667], "texture": "#0"},
				"down": {"uv": [8.33333, 9.66667, 8, 10], "texture": "#0"}
			}
		},
		{
			"from": [9.75, 5.25, 3.4],
			"to": [10.5, 5.5, 3.5],
			"rotation": {"angle": 0, "axis": "y", "origin": [8.25, -0.75, 1.9]},
			"faces": {
				"north": {"uv": [11, 1.66667, 11.33333, 2], "texture": "#0"},
				"east": {"uv": [2, 11, 2.33333, 11.33333], "texture": "#0"},
				"south": {"uv": [11, 2, 11.33333, 2.33333], "texture": "#0"},
				"west": {"uv": [2.33333, 11, 2.66667, 11.33333], "texture": "#0"},
				"up": {"uv": [11.33333, 2.66667, 11, 2.33333], "texture": "#0"},
				"down": {"uv": [3, 11, 2.66667, 11.33333], "texture": "#0"}
			}
		},
		{
			"from": [8.5, 3.75, 3.2],
			"to": [10.05, 4, 3.4],
			"rotation": {"angle": 0, "axis": "y", "origin": [7.25, -2.25, 1.7]},
			"faces": {
				"north": {"uv": [11.66667, 1, 12, 1.33333], "texture": "#0"},
				"east": {"uv": [1.33333, 11.66667, 1.66667, 12], "texture": "#0"},
				"south": {"uv": [11.66667, 1.33333, 12, 1.66667], "texture": "#0"},
				"west": {"uv": [1.66667, 11.66667, 2, 12], "texture": "#0"},
				"up": {"uv": [12, 2, 11.66667, 1.66667], "texture": "#0"},
				"down": {"uv": [2.33333, 11.66667, 2, 12], "texture": "#0"}
			}
		},
		{
			"from": [5.95, 3.75, 3.2],
			"to": [7.5, 4, 3.4],
			"rotation": {"angle": 0, "axis": "y", "origin": [4.45, -2.25, 1.7]},
			"faces": {
				"north": {"uv": [11.66667, 2, 12, 2.33333], "texture": "#0"},
				"east": {"uv": [2.33333, 11.66667, 2.66667, 12], "texture": "#0"},
				"south": {"uv": [11.66667, 2.33333, 12, 2.66667], "texture": "#0"},
				"west": {"uv": [2.66667, 11.66667, 3, 12], "texture": "#0"},
				"up": {"uv": [12, 3, 11.66667, 2.66667], "texture": "#0"},
				"down": {"uv": [3.33333, 11.66667, 3, 12], "texture": "#0"}
			}
		},
		{
			"from": [9.5, 5, 3.4],
			"to": [9.75, 5.25, 3.5],
			"rotation": {"angle": 0, "axis": "y", "origin": [7.5, -1, 1.9]},
			"faces": {
				"north": {"uv": [11, 5.66667, 11.33333, 6], "texture": "#0"},
				"east": {"uv": [6, 11, 6.33333, 11.33333], "texture": "#0"},
				"south": {"uv": [11, 6, 11.33333, 6.33333], "texture": "#0"},
				"west": {"uv": [6.33333, 11, 6.66667, 11.33333], "texture": "#0"},
				"up": {"uv": [11.33333, 6.66667, 11, 6.33333], "texture": "#0"},
				"down": {"uv": [7, 11, 6.66667, 11.33333], "texture": "#0"}
			}
		},
		{
			"from": [11.5, 5.75, 3.4],
			"to": [11.75, 6, 3.9],
			"rotation": {"angle": 0, "axis": "y", "origin": [9.5, -0.25, 1.9]},
			"faces": {
				"north": {"uv": [11.66667, 3, 12, 3.33333], "texture": "#0"},
				"east": {"uv": [3.33333, 11.66667, 3.66667, 12], "texture": "#0"},
				"south": {"uv": [11.66667, 3.33333, 12, 3.66667], "texture": "#0"},
				"west": {"uv": [3.66667, 11.66667, 4, 12], "texture": "#0"},
				"up": {"uv": [12, 4, 11.66667, 3.66667], "texture": "#0"},
				"down": {"uv": [4.33333, 11.66667, 4, 12], "texture": "#0"}
			}
		},
		{
			"from": [4.25, 5.75, 3.4],
			"to": [4.5, 6, 3.5],
			"rotation": {"angle": 0, "axis": "y", "origin": [2.25, -0.25, 1.9]},
			"faces": {
				"north": {"uv": [11.66667, 4, 12, 4.33333], "texture": "#0"},
				"east": {"uv": [4.33333, 11.66667, 4.66667, 12], "texture": "#0"},
				"south": {"uv": [11.66667, 4.33333, 12, 4.66667], "texture": "#0"},
				"west": {"uv": [4.66667, 11.66667, 5, 12], "texture": "#0"},
				"up": {"uv": [12, 5, 11.66667, 4.66667], "texture": "#0"},
				"down": {"uv": [5.33333, 11.66667, 5, 12], "texture": "#0"}
			}
		},
		{
			"from": [9, 4.75, 3.4],
			"to": [9.5, 5, 3.5],
			"rotation": {"angle": 0, "axis": "y", "origin": [7.25, -1.25, 1.9]},
			"faces": {
				"north": {"uv": [11, 7.66667, 11.33333, 8], "texture": "#0"},
				"east": {"uv": [8, 11, 8.33333, 11.33333], "texture": "#0"},
				"south": {"uv": [11, 8, 11.33333, 8.33333], "texture": "#0"},
				"west": {"uv": [8.33333, 11, 8.66667, 11.33333], "texture": "#0"},
				"up": {"uv": [11.33333, 8.66667, 11, 8.33333], "texture": "#0"},
				"down": {"uv": [9, 11, 8.66667, 11.33333], "texture": "#0"}
			}
		},
		{
			"from": [11, 4.25, 3.4],
			"to": [11.5, 4.5, 3.9],
			"rotation": {"angle": 0, "axis": "y", "origin": [9.25, -1.75, 1.9]},
			"faces": {
				"north": {"uv": [4.66667, 11.33333, 5, 11.66667], "texture": "#0"},
				"east": {"uv": [11.33333, 4.66667, 11.66667, 5], "texture": "#0"},
				"south": {"uv": [5, 11.33333, 5.33333, 11.66667], "texture": "#0"},
				"west": {"uv": [11.33333, 5, 11.66667, 5.33333], "texture": "#0"},
				"up": {"uv": [5.66667, 11.66667, 5.33333, 11.33333], "texture": "#0"},
				"down": {"uv": [11.66667, 5.33333, 11.33333, 5.66667], "texture": "#0"}
			}
		},
		{
			"from": [4.5, 4.25, 3.4],
			"to": [5, 4.5, 3.5],
			"rotation": {"angle": 0, "axis": "y", "origin": [2.75, -1.75, 1.9]},
			"faces": {
				"north": {"uv": [5.66667, 11.33333, 6, 11.66667], "texture": "#0"},
				"east": {"uv": [11.33333, 5.66667, 11.66667, 6], "texture": "#0"},
				"south": {"uv": [6, 11.33333, 6.33333, 11.66667], "texture": "#0"},
				"west": {"uv": [11.33333, 6, 11.66667, 6.33333], "texture": "#0"},
				"up": {"uv": [6.66667, 11.66667, 6.33333, 11.33333], "texture": "#0"},
				"down": {"uv": [11.66667, 6.33333, 11.33333, 6.66667], "texture": "#0"}
			}
		},
		{
			"from": [5, 4, 3.4],
			"to": [5.5, 4.25, 3.5],
			"rotation": {"angle": 0, "axis": "y", "origin": [3.25, -2, 1.9]},
			"faces": {
				"north": {"uv": [6.66667, 11.33333, 7, 11.66667], "texture": "#0"},
				"east": {"uv": [11.33333, 6.66667, 11.66667, 7], "texture": "#0"},
				"south": {"uv": [7, 11.33333, 7.33333, 11.66667], "texture": "#0"},
				"west": {"uv": [11.33333, 7, 11.66667, 7.33333], "texture": "#0"},
				"up": {"uv": [7.66667, 11.66667, 7.33333, 11.33333], "texture": "#0"},
				"down": {"uv": [11.66667, 7.33333, 11.33333, 7.66667], "texture": "#0"}
			}
		},
		{
			"from": [10.5, 4, 3.4],
			"to": [11, 4.25, 3.9],
			"rotation": {"angle": 0, "axis": "y", "origin": [8.75, -2, 1.9]},
			"faces": {
				"north": {"uv": [7.66667, 11.33333, 8, 11.66667], "texture": "#0"},
				"east": {"uv": [11.33333, 7.66667, 11.66667, 8], "texture": "#0"},
				"south": {"uv": [8, 11.33333, 8.33333, 11.66667], "texture": "#0"},
				"west": {"uv": [11.33333, 8, 11.66667, 8.33333], "texture": "#0"},
				"up": {"uv": [8.66667, 11.66667, 8.33333, 11.33333], "texture": "#0"},
				"down": {"uv": [11.66667, 8.33333, 11.33333, 8.66667], "texture": "#0"}
			}
		},
		{
			"from": [8.75, 3.75, 3.4],
			"to": [10.5, 4, 3.5],
			"rotation": {"angle": 0, "axis": "y", "origin": [3.75, -2.25, 1.9]},
			"faces": {
				"north": {"uv": [9.66667, 11.33333, 10, 11.66667], "texture": "#0"},
				"east": {"uv": [11.33333, 9.66667, 11.66667, 10], "texture": "#0"},
				"south": {"uv": [10, 11.33333, 10.33333, 11.66667], "texture": "#0"},
				"west": {"uv": [11.33333, 10, 11.66667, 10.33333], "texture": "#0"},
				"up": {"uv": [10.66667, 11.66667, 10.33333, 11.33333], "texture": "#0"},
				"down": {"uv": [11.66667, 10.33333, 11.33333, 10.66667], "texture": "#0"}
			}
		},
		{
			"from": [6, 3.75, 3.4],
			"to": [7.25, 4, 3.5],
			"rotation": {"angle": 0, "axis": "y", "origin": [1, -2.25, 1.9]},
			"faces": {
				"north": {"uv": [9.66667, 11.33333, 10, 11.66667], "texture": "#0"},
				"east": {"uv": [11.33333, 9.66667, 11.66667, 10], "texture": "#0"},
				"south": {"uv": [10, 11.33333, 10.33333, 11.66667], "texture": "#0"},
				"west": {"uv": [11.33333, 10, 11.66667, 10.33333], "texture": "#0"},
				"up": {"uv": [10.66667, 11.66667, 10.33333, 11.33333], "texture": "#0"},
				"down": {"uv": [11.66667, 10.33333, 11.33333, 10.66667], "texture": "#0"}
			}
		},
		{
			"from": [5.5, 3.75, 3.4],
			"to": [7.25, 4, 3.5],
			"rotation": {"angle": 0, "axis": "y", "origin": [1, -2.25, 1.9]},
			"faces": {
				"north": {"uv": [9.66667, 11.33333, 10, 11.66667], "texture": "#0"},
				"east": {"uv": [11.33333, 9.66667, 11.66667, 10], "texture": "#0"},
				"south": {"uv": [10, 11.33333, 10.33333, 11.66667], "texture": "#0"},
				"west": {"uv": [11.33333, 10, 11.66667, 10.33333], "texture": "#0"},
				"up": {"uv": [10.66667, 11.66667, 10.33333, 11.33333], "texture": "#0"},
				"down": {"uv": [11.66667, 10.33333, 11.33333, 10.66667], "texture": "#0"}
			}
		},
		{
			"from": [8.75, 3.75, 3.4],
			"to": [8.75, 4, 3.5],
			"rotation": {"angle": 0, "axis": "y", "origin": [2.25, -2.25, 1.9]},
			"faces": {
				"north": {"uv": [9.66667, 11.33333, 10, 11.66667], "texture": "#0"},
				"east": {"uv": [11.33333, 9.66667, 11.66667, 10], "texture": "#0"},
				"south": {"uv": [10, 11.33333, 10.33333, 11.66667], "texture": "#0"},
				"west": {"uv": [11.33333, 10, 11.66667, 10.33333], "texture": "#0"},
				"up": {"uv": [10.66667, 11.66667, 10.33333, 11.33333], "texture": "#0"},
				"down": {"uv": [11.66667, 10.33333, 11.33333, 10.66667], "texture": "#0"}
			}
		},
		{
			"from": [8.75, 4, 3.4],
			"to": [9, 4.75, 3.5],
			"rotation": {"angle": 0, "axis": "y", "origin": [6.75, -1.5, 1.9]},
			"faces": {
				"north": {"uv": [11, 9.66667, 11.33333, 10], "texture": "#0"},
				"east": {"uv": [10, 11, 10.33333, 11.33333], "texture": "#0"},
				"south": {"uv": [11, 10, 11.33333, 10.33333], "texture": "#0"},
				"west": {"uv": [10.33333, 11, 10.66667, 11.33333], "texture": "#0"},
				"up": {"uv": [11.33333, 10.66667, 11, 10.33333], "texture": "#0"},
				"down": {"uv": [11, 11, 10.66667, 11.33333], "texture": "#0"}
			}
		},
		{
			"from": [8.75, 4.25, 3.4],
			"to": [9, 4.25, 3.8],
			"rotation": {"angle": 0, "axis": "y", "origin": [6.75, -1.75, 1.9]},
			"faces": {
				"north": {"uv": [0.66667, 11.33333, 1, 11.66667], "texture": "#0"},
				"east": {"uv": [11.33333, 0.66667, 11.66667, 1], "texture": "#0"},
				"south": {"uv": [1, 11.33333, 1.33333, 11.66667], "texture": "#0"},
				"west": {"uv": [11.33333, 1, 11.66667, 1.33333], "texture": "#0"},
				"up": {"uv": [1.66667, 11.66667, 1.33333, 11.33333], "texture": "#0"},
				"down": {"uv": [11.66667, 1.33333, 11.33333, 1.66667], "texture": "#0"}
			}
		},
		{
			"from": [7.25, 3.75, 3.4],
			"to": [8.75, 4, 3.6],
			"rotation": {"angle": 0, "axis": "y", "origin": [6.5, -2, 1.9]},
			"faces": {
				"north": {"uv": [10.66667, 11.33333, 11, 11.66667], "texture": "#0"},
				"east": {"uv": [11.33333, 10.66667, 11.66667, 11], "texture": "#0"},
				"south": {"uv": [11, 11.33333, 11.33333, 11.66667], "texture": "#0"},
				"west": {"uv": [11.33333, 11, 11.66667, 11.33333], "texture": "#0"},
				"up": {"uv": [11.66667, 11.66667, 11.33333, 11.33333], "texture": "#0"},
				"down": {"uv": [0.33333, 11.66667, 0, 12], "texture": "#0"}
			}
		},
		{
			"from": [7.5, 3.75, 3.2],
			"to": [8.5, 4, 3.4],
			"rotation": {"angle": 0, "axis": "y", "origin": [6.5, -2, 1.7]},
			"faces": {
				"north": {"uv": [10.66667, 11.33333, 11, 11.66667], "texture": "#0"},
				"east": {"uv": [11.33333, 10.66667, 11.66667, 11], "texture": "#0"},
				"south": {"uv": [11, 11.33333, 11.33333, 11.66667], "texture": "#0"},
				"west": {"uv": [11.33333, 11, 11.66667, 11.33333], "texture": "#0"},
				"up": {"uv": [11.66667, 11.66667, 11.33333, 11.33333], "texture": "#0"},
				"down": {"uv": [0.33333, 11.66667, 0, 12], "texture": "#0"}
			}
		},
		{
			"from": [7, 4, 3.4],
			"to": [7.25, 4.75, 3.5],
			"rotation": {"angle": 0, "axis": "y", "origin": [5, -1.5, 1.9]},
			"faces": {
				"north": {"uv": [11, 10.66667, 11.33333, 11], "texture": "#0"},
				"east": {"uv": [11, 11, 11.33333, 11.33333], "texture": "#0"},
				"south": {"uv": [0, 11.33333, 0.33333, 11.66667], "texture": "#0"},
				"west": {"uv": [11.33333, 0, 11.66667, 0.33333], "texture": "#0"},
				"up": {"uv": [0.66667, 11.66667, 0.33333, 11.33333], "texture": "#0"},
				"down": {"uv": [11.66667, 0.33333, 11.33333, 0.66667], "texture": "#0"}
			}
		},
		{
			"from": [6.5, 4.75, 3.4],
			"to": [7, 5, 3.5],
			"rotation": {"angle": 0, "axis": "y", "origin": [4.75, -1.25, 1.9]},
			"faces": {
				"north": {"uv": [11, 8.66667, 11.33333, 9], "texture": "#0"},
				"east": {"uv": [9, 11, 9.33333, 11.33333], "texture": "#0"},
				"south": {"uv": [11, 9, 11.33333, 9.33333], "texture": "#0"},
				"west": {"uv": [9.33333, 11, 9.66667, 11.33333], "texture": "#0"},
				"up": {"uv": [11.33333, 9.66667, 11, 9.33333], "texture": "#0"},
				"down": {"uv": [10, 11, 9.66667, 11.33333], "texture": "#0"}
			}
		},
		{
			"from": [6.25, 5, 3.4],
			"to": [6.5, 5.25, 3.5],
			"rotation": {"angle": 0, "axis": "y", "origin": [4.25, -1, 1.9]},
			"faces": {
				"north": {"uv": [11, 6.66667, 11.33333, 7], "texture": "#0"},
				"east": {"uv": [7, 11, 7.33333, 11.33333], "texture": "#0"},
				"south": {"uv": [11, 7, 11.33333, 7.33333], "texture": "#0"},
				"west": {"uv": [7.33333, 11, 7.66667, 11.33333], "texture": "#0"},
				"up": {"uv": [11.33333, 7.66667, 11, 7.33333], "texture": "#0"},
				"down": {"uv": [8, 11, 7.66667, 11.33333], "texture": "#0"}
			}
		},
		{
			"from": [10.5, 5.5, 3.4],
			"to": [11.75, 5.75, 3.5],
			"rotation": {"angle": 0, "axis": "y", "origin": [9.25, -0.5, 1.9]},
			"faces": {
				"north": {"uv": [11, 3.66667, 11.33333, 4], "texture": "#0"},
				"east": {"uv": [4, 11, 4.33333, 11.33333], "texture": "#0"},
				"south": {"uv": [11, 4, 11.33333, 4.33333], "texture": "#0"},
				"west": {"uv": [4.33333, 11, 4.66667, 11.33333], "texture": "#0"},
				"up": {"uv": [11.33333, 4.66667, 11, 4.33333], "texture": "#0"},
				"down": {"uv": [5, 11, 4.66667, 11.33333], "texture": "#0"}
			}
		},
		{
			"from": [11.5, 4.5, 3.4],
			"to": [11.75, 5.5, 3.5],
			"rotation": {"angle": 0, "axis": "y", "origin": [9.25, -0.75, 1.9]},
			"faces": {
				"north": {"uv": [2.66667, 11.33333, 3, 11.66667], "texture": "#0"},
				"east": {"uv": [11.33333, 2.66667, 11.66667, 3], "texture": "#0"},
				"south": {"uv": [3, 11.33333, 3.33333, 11.66667], "texture": "#0"},
				"west": {"uv": [11.33333, 3, 11.66667, 3.33333], "texture": "#0"},
				"up": {"uv": [3.66667, 11.66667, 3.33333, 11.33333], "texture": "#0"},
				"down": {"uv": [11.66667, 3.33333, 11.33333, 3.66667], "texture": "#0"}
			}
		},
		{
			"from": [4.25, 4.5, 3.4],
			"to": [4.5, 5.5, 3.5],
			"rotation": {"angle": 0, "axis": "y", "origin": [2, -0.75, 1.9]},
			"faces": {
				"north": {"uv": [3.66667, 11.33333, 4, 11.66667], "texture": "#0"},
				"east": {"uv": [11.33333, 3.66667, 11.66667, 4], "texture": "#0"},
				"south": {"uv": [4, 11.33333, 4.33333, 11.66667], "texture": "#0"},
				"west": {"uv": [11.33333, 4, 11.66667, 4.33333], "texture": "#0"},
				"up": {"uv": [4.66667, 11.66667, 4.33333, 11.33333], "texture": "#0"},
				"down": {"uv": [11.66667, 4.33333, 11.33333, 4.66667], "texture": "#0"}
			}
		},
		{
			"from": [4.25, 5.5, 3.4],
			"to": [5.5, 5.75, 3.5],
			"rotation": {"angle": 0, "axis": "y", "origin": [3.25, -0.5, 1.9]},
			"faces": {
				"north": {"uv": [11, 4.66667, 11.33333, 5], "texture": "#0"},
				"east": {"uv": [5, 11, 5.33333, 11.33333], "texture": "#0"},
				"south": {"uv": [11, 5, 11.33333, 5.33333], "texture": "#0"},
				"west": {"uv": [5.33333, 11, 5.66667, 11.33333], "texture": "#0"},
				"up": {"uv": [11.33333, 5.66667, 11, 5.33333], "texture": "#0"},
				"down": {"uv": [6, 11, 5.66667, 11.33333], "texture": "#0"}
			}
		},
		{
			"from": [5.5, 5.25, 3.4],
			"to": [6.25, 5.5, 3.5],
			"rotation": {"angle": 0, "axis": "y", "origin": [4, -0.75, 1.9]},
			"faces": {
				"north": {"uv": [11, 2.66667, 11.33333, 3], "texture": "#0"},
				"east": {"uv": [3, 11, 3.33333, 11.33333], "texture": "#0"},
				"south": {"uv": [11, 3, 11.33333, 3.33333], "texture": "#0"},
				"west": {"uv": [3.33333, 11, 3.66667, 11.33333], "texture": "#0"},
				"up": {"uv": [11.33333, 3.66667, 11, 3.33333], "texture": "#0"},
				"down": {"uv": [4, 11, 3.66667, 11.33333], "texture": "#0"}
			}
		},
		{
			"from": [5.5, 5.25, 3.5],
			"to": [6.25, 5.5, 4],
			"rotation": {"angle": 0, "axis": "y", "origin": [4, -0.75, 2]},
			"faces": {
				"north": {"uv": [1.33333, 10, 1.66667, 10.33333], "texture": "#0"},
				"east": {"uv": [10, 1.33333, 10.33333, 1.66667], "texture": "#0"},
				"south": {"uv": [1.66667, 10, 2, 10.33333], "texture": "#0"},
				"west": {"uv": [10, 1.66667, 10.33333, 2], "texture": "#0"},
				"up": {"uv": [2.33333, 10.33333, 2, 10], "texture": "#0"},
				"down": {"uv": [10.33333, 2, 10, 2.33333], "texture": "#0"}
			}
		},
		{
			"from": [9, 4.75, 3.5],
			"to": [9.5, 5, 4],
			"rotation": {"angle": 0, "axis": "y", "origin": [7.5, -1.25, 2]},
			"faces": {
				"north": {"uv": [9.66667, 8, 10, 8.33333], "texture": "#0"},
				"east": {"uv": [8.33333, 9.66667, 8.66667, 10], "texture": "#0"},
				"south": {"uv": [9.66667, 8.33333, 10, 8.66667], "texture": "#0"},
				"west": {"uv": [8.66667, 9.66667, 9, 10], "texture": "#0"},
				"up": {"uv": [10, 9, 9.66667, 8.66667], "texture": "#0"},
				"down": {"uv": [9.33333, 9.66667, 9, 10], "texture": "#0"}
			}
		},
		{
			"from": [6.5, 4.75, 3.5],
			"to": [7, 5, 4],
			"rotation": {"angle": 0, "axis": "y", "origin": [5, -1.25, 2]},
			"faces": {
				"north": {"uv": [0.33333, 10, 0.66667, 10.33333], "texture": "#0"},
				"east": {"uv": [10, 0.33333, 10.33333, 0.66667], "texture": "#0"},
				"south": {"uv": [0.66667, 10, 1, 10.33333], "texture": "#0"},
				"west": {"uv": [10, 0.66667, 10.33333, 1], "texture": "#0"},
				"up": {"uv": [1.33333, 10.33333, 1, 10], "texture": "#0"},
				"down": {"uv": [10.33333, 1, 10, 1.33333], "texture": "#0"}
			}
		},
		{
			"from": [4, 4, 3.5],
			"to": [4.5, 5.5, 4],
			"rotation": {"angle": 0, "axis": "y", "origin": [2.5, -1.5, 2]},
			"faces": {
				"north": {"uv": [8.33333, 2.33333, 8.66667, 3], "texture": "#0"},
				"east": {"uv": [2.66667, 8.33333, 3, 9], "texture": "#0"},
				"south": {"uv": [3, 8.33333, 3.33333, 9], "texture": "#0"},
				"west": {"uv": [3.33333, 8.33333, 3.66667, 9], "texture": "#0"},
				"up": {"uv": [10, 3, 9.66667, 2.66667], "texture": "#0"},
				"down": {"uv": [3.33333, 9.66667, 3, 10], "texture": "#0"}
			}
		},
		{
			"from": [4, 0.5, 3.5],
			"to": [12, 4, 4],
			"rotation": {"angle": 0, "axis": "y", "origin": [7, -3, 2]},
			"faces": {
				"north": {"uv": [2.66667, 0, 5.33333, 1.33333], "texture": "#0"},
				"east": {"uv": [1.66667, 6.66667, 2, 8], "texture": "#0"},
				"south": {"uv": [2.66667, 1.33333, 5.33333, 2.66667], "texture": "#0"},
				"west": {"uv": [1.33333, 7.33333, 1.66667, 8.66667], "texture": "#0"},
				"up": {"uv": [7.33333, 4.33333, 4.66667, 4], "texture": "#0"},
				"down": {"uv": [7, 4.66667, 4.33333, 5], "texture": "#0"}
			}
		},
		{
			"from": [5, 1, 3],
			"to": [11, 3.5, 3.5],
			"rotation": {"angle": 0, "axis": "y", "origin": [7, -1, 1.5]},
			"faces": {
				"north": {"uv": [2.66667, 2.66667, 4.66667, 3.66667], "texture": "#0"},
				"east": {"uv": [0, 7.66667, 0.33333, 8.66667], "texture": "#0"},
				"south": {"uv": [2.66667, 3.66667, 4.66667, 4.66667], "texture": "#0"},
				"west": {"uv": [7.66667, 0, 8, 1], "texture": "#0"},
				"up": {"uv": [7, 6, 5, 5.66667], "texture": "#0"},
				"down": {"uv": [2, 6, 0, 6.33333], "texture": "#0"}
			}
		},
		{
			"from": [5.75, 0.5, 3],
			"to": [10.25, 1, 3.5],
			"rotation": {"angle": 0, "axis": "y", "origin": [7, -1.5, 1.5]},
			"faces": {
				"north": {"uv": [5.33333, 7, 7, 7.33333], "texture": "#0"},
				"east": {"uv": [9.66667, 1.66667, 10, 2], "texture": "#0"},
				"south": {"uv": [7, 5.33333, 8.66667, 5.66667], "texture": "#0"},
				"west": {"uv": [2, 9.66667, 2.33333, 10], "texture": "#0"},
				"up": {"uv": [8.66667, 6, 7, 5.66667], "texture": "#0"},
				"down": {"uv": [8.66667, 6.33333, 7, 6.66667], "texture": "#0"}
			}
		},
		{
			"from": [6, 3.5, 3.25],
			"to": [10, 3.75, 3.5],
			"rotation": {"angle": 0, "axis": "y", "origin": [7, -0.5, 1.5]},
			"faces": {
				"north": {"uv": [7, 6.66667, 8.33333, 7], "texture": "#0"},
				"east": {"uv": [9.66667, 1, 10, 1.33333], "texture": "#0"},
				"south": {"uv": [7, 7, 8.33333, 7.33333], "texture": "#0"},
				"west": {"uv": [1.33333, 9.66667, 1.66667, 10], "texture": "#0"},
				"up": {"uv": [1.33333, 7.66667, 0, 7.33333], "texture": "#0"},
				"down": {"uv": [8.66667, 3.33333, 7.33333, 3.66667], "texture": "#0"}
			}
		},
		{
			"from": [5.75, 1.5, 2.5],
			"to": [10.25, 3, 3],
			"rotation": {"angle": 0, "axis": "y", "origin": [7, -1, 1]},
			"faces": {
				"north": {"uv": [2.66667, 4.66667, 4.33333, 5.33333], "texture": "#0"},
				"east": {"uv": [7, 8, 7.33333, 8.66667], "texture": "#0"},
				"south": {"uv": [4.66667, 2.66667, 6.33333, 3.33333], "texture": "#0"},
				"west": {"uv": [7.33333, 8, 7.66667, 8.66667], "texture": "#0"},
				"up": {"uv": [8.66667, 5, 7, 4.66667], "texture": "#0"},
				"down": {"uv": [8.66667, 5, 7, 5.33333], "texture": "#0"}
			}
		},
		{
			"from": [8.35, 2.4, 2.45],
			"to": [8.5, 2.65, 2.75],
			"rotation": {"angle": 0, "axis": "y", "origin": [7, -1.1, 0.75]},
			"faces": {
				"north": {"uv": [10.33333, 3, 10.66667, 3.33333], "texture": "#0"},
				"east": {"uv": [3.33333, 10.33333, 3.66667, 10.66667], "texture": "#0"},
				"south": {"uv": [10.33333, 3.33333, 10.66667, 3.66667], "texture": "#0"},
				"west": {"uv": [3.66667, 10.33333, 4, 10.66667], "texture": "#0"},
				"up": {"uv": [10.66667, 4, 10.33333, 3.66667], "texture": "#0"},
				"down": {"uv": [4.33333, 10.33333, 4, 10.66667], "texture": "#0"}
			}
		},
		{
			"from": [7.5, 2.4, 2.45],
			"to": [7.65, 2.65, 2.75],
			"rotation": {"angle": 0, "axis": "y", "origin": [6.25, -1.1, 0.75]},
			"faces": {
				"north": {"uv": [10.33333, 4, 10.66667, 4.33333], "texture": "#0"},
				"east": {"uv": [4.33333, 10.33333, 4.66667, 10.66667], "texture": "#0"},
				"south": {"uv": [10.33333, 4.33333, 10.66667, 4.66667], "texture": "#0"},
				"west": {"uv": [4.66667, 10.33333, 5, 10.66667], "texture": "#0"},
				"up": {"uv": [10.66667, 5, 10.33333, 4.66667], "texture": "#0"},
				"down": {"uv": [5.33333, 10.33333, 5, 10.66667], "texture": "#0"}
			}
		},
		{
			"from": [7.25, 2.55, 2.45],
			"to": [7.5, 2.7, 2.75],
			"rotation": {"angle": 0, "axis": "y", "origin": [6, -1.05, 0.75]},
			"faces": {
				"north": {"uv": [10.33333, 5, 10.66667, 5.33333], "texture": "#0"},
				"east": {"uv": [5.33333, 10.33333, 5.66667, 10.66667], "texture": "#0"},
				"south": {"uv": [10.33333, 5.33333, 10.66667, 5.66667], "texture": "#0"},
				"west": {"uv": [5.66667, 10.33333, 6, 10.66667], "texture": "#0"},
				"up": {"uv": [10.66667, 6, 10.33333, 5.66667], "texture": "#0"},
				"down": {"uv": [6.33333, 10.33333, 6, 10.66667], "texture": "#0"}
			}
		},
		{
			"from": [8.5, 2.55, 2.45],
			"to": [8.75, 2.7, 2.75],
			"rotation": {"angle": 0, "axis": "y", "origin": [7.25, -1.05, 0.75]},
			"faces": {
				"north": {"uv": [10.33333, 6, 10.66667, 6.33333], "texture": "#0"},
				"east": {"uv": [6.33333, 10.33333, 6.66667, 10.66667], "texture": "#0"},
				"south": {"uv": [10.33333, 6.33333, 10.66667, 6.66667], "texture": "#0"},
				"west": {"uv": [6.66667, 10.33333, 7, 10.66667], "texture": "#0"},
				"up": {"uv": [10.66667, 7, 10.33333, 6.66667], "texture": "#0"},
				"down": {"uv": [7.33333, 10.33333, 7, 10.66667], "texture": "#0"}
			}
		},
		{
			"from": [7.25, 1.5, 2.45],
			"to": [8.75, 1.75, 2.75],
			"rotation": {"angle": 0, "axis": "y", "origin": [7.25, -2, 0.75]},
			"faces": {
				"north": {"uv": [8.33333, 3, 9, 3.33333], "texture": "#0"},
				"east": {"uv": [10.33333, 7, 10.66667, 7.33333], "texture": "#0"},
				"south": {"uv": [3.66667, 8.33333, 4.33333, 8.66667], "texture": "#0"},
				"west": {"uv": [7.33333, 10.33333, 7.66667, 10.66667], "texture": "#0"},
				"up": {"uv": [5, 8.66667, 4.33333, 8.33333], "texture": "#0"},
				"down": {"uv": [6, 8.33333, 5.33333, 8.66667], "texture": "#0"}
			}
		},
		{
			"from": [9.8, 1.15, 2.95],
			"to": [10.5, 1.4, 3.05],
			"rotation": {"angle": 0, "axis": "y", "origin": [9.25, -2.35, 1.25]},
			"faces": {
				"north": {"uv": [10.33333, 7.33333, 10.66667, 7.66667], "texture": "#0"},
				"east": {"uv": [7.66667, 10.33333, 8, 10.66667], "texture": "#0"},
				"south": {"uv": [10.33333, 7.66667, 10.66667, 8], "texture": "#0"},
				"west": {"uv": [8, 10.33333, 8.33333, 10.66667], "texture": "#0"},
				"up": {"uv": [10.66667, 8.33333, 10.33333, 8], "texture": "#0"},
				"down": {"uv": [8.66667, 10.33333, 8.33333, 10.66667], "texture": "#0"}
			}
		},
		{
			"from": [10.5, 1.05, 2.95],
			"to": [10.975, 1.3, 3.05],
			"rotation": {"angle": 0, "axis": "y", "origin": [9.75, -2.45, 1.25]},
			"faces": {
				"north": {"uv": [3, 10.66667, 3.33333, 11], "texture": "#0"},
				"east": {"uv": [10.66667, 3, 11, 3.33333], "texture": "#0"},
				"south": {"uv": [3.33333, 10.66667, 3.66667, 11], "texture": "#0"},
				"west": {"uv": [10.66667, 3.33333, 11, 3.66667], "texture": "#0"},
				"up": {"uv": [4, 11, 3.66667, 10.66667], "texture": "#0"},
				"down": {"uv": [11, 3.66667, 10.66667, 4], "texture": "#0"}
			}
		},
		{
			"from": [5, 1.05, 2.95],
			"to": [5.5, 1.3, 3.05],
			"rotation": {"angle": 0, "axis": "y", "origin": [4.25, -2.45, 1.25]},
			"faces": {
				"north": {"uv": [4, 10.66667, 4.33333, 11], "texture": "#0"},
				"east": {"uv": [10.66667, 4, 11, 4.33333], "texture": "#0"},
				"south": {"uv": [4.33333, 10.66667, 4.66667, 11], "texture": "#0"},
				"west": {"uv": [10.66667, 4.33333, 11, 4.66667], "texture": "#0"},
				"up": {"uv": [5, 11, 4.66667, 10.66667], "texture": "#0"},
				"down": {"uv": [11, 4.66667, 10.66667, 5], "texture": "#0"}
			}
		},
		{
			"from": [4.55, 1.15, 3.45],
			"to": [4.95, 1.4, 3.55],
			"rotation": {"angle": 0, "axis": "y", "origin": [3.7, -2.35, 1.75]},
			"faces": {
				"north": {"uv": [6, 10.66667, 6.33333, 11], "texture": "#0"},
				"east": {"uv": [10.66667, 6, 11, 6.33333], "texture": "#0"},
				"south": {"uv": [6.33333, 10.66667, 6.66667, 11], "texture": "#0"},
				"west": {"uv": [10.66667, 6.33333, 11, 6.66667], "texture": "#0"},
				"up": {"uv": [7, 11, 6.66667, 10.66667], "texture": "#0"},
				"down": {"uv": [11, 6.66667, 10.66667, 7], "texture": "#0"}
			}
		},
		{
			"from": [11.025, 1.15, 3.45],
			"to": [11.425, 1.4, 3.55],
			"rotation": {"angle": 0, "axis": "y", "origin": [10.175, -2.35, 1.75]},
			"faces": {
				"north": {"uv": [10, 10.66667, 10.33333, 11], "texture": "#0"},
				"east": {"uv": [10.66667, 10, 11, 10.33333], "texture": "#0"},
				"south": {"uv": [10.33333, 10.66667, 10.66667, 11], "texture": "#0"},
				"west": {"uv": [10.66667, 10.33333, 11, 10.66667], "texture": "#0"},
				"up": {"uv": [11, 11, 10.66667, 10.66667], "texture": "#0"},
				"down": {"uv": [0.33333, 11, 0, 11.33333], "texture": "#0"}
			}
		},
		{
			"from": [11.025, 2.1, 3.45],
			"to": [11.275, 2.225, 3.7],
			"rotation": {"angle": 0, "axis": "y", "origin": [10.175, -1.4, 1.75]},
			"faces": {
				"north": {"uv": [11.66667, 6, 12, 6.33333], "texture": "#0"},
				"east": {"uv": [6.33333, 11.66667, 6.66667, 12], "texture": "#0"},
				"south": {"uv": [11.66667, 6.33333, 12, 6.66667], "texture": "#0"},
				"west": {"uv": [6.66667, 11.66667, 7, 12], "texture": "#0"},
				"up": {"uv": [12, 7, 11.66667, 6.66667], "texture": "#0"},
				"down": {"uv": [7.33333, 11.66667, 7, 12], "texture": "#0"}
			}
		},
		{
			"from": [11.275, 1.95, 3.45],
			"to": [11.625, 2.175, 3.7],
			"rotation": {"angle": 0, "axis": "y", "origin": [10.425, -1.65, 1.75]},
			"faces": {
				"north": {"uv": [11.66667, 8, 12, 8.33333], "texture": "#0"},
				"east": {"uv": [8.33333, 11.66667, 8.66667, 12], "texture": "#0"},
				"south": {"uv": [11.66667, 8.33333, 12, 8.66667], "texture": "#0"},
				"west": {"uv": [8.66667, 11.66667, 9, 12], "texture": "#0"},
				"up": {"uv": [12, 9, 11.66667, 8.66667], "texture": "#0"},
				"down": {"uv": [9.33333, 11.66667, 9, 12], "texture": "#0"}
			}
		},
		{
			"from": [11.625, 1.75, 3.45],
			"to": [12.05, 2.075, 3.975],
			"rotation": {"angle": 0, "axis": "y", "origin": [10.825, -1.75, 1.75]},
			"faces": {
				"north": {"uv": [11.66667, 10, 12, 10.33333], "texture": "#0"},
				"east": {"uv": [10.33333, 11.66667, 10.66667, 12], "texture": "#0"},
				"south": {"uv": [11.66667, 10.33333, 12, 10.66667], "texture": "#0"},
				"west": {"uv": [10.66667, 11.66667, 11, 12], "texture": "#0"},
				"up": {"uv": [12, 11, 11.66667, 10.66667], "texture": "#0"},
				"down": {"uv": [11.33333, 11.66667, 11, 12], "texture": "#0"}
			}
		},
		{
			"from": [3.95, 1.75, 3.45],
			"to": [4.375, 2.075, 3.975],
			"rotation": {"angle": 0, "axis": "y", "origin": [3.15, -1.75, 1.75]},
			"faces": {
				"north": {"uv": [11.66667, 11, 12, 11.33333], "texture": "#0"},
				"east": {"uv": [11.33333, 11.66667, 11.66667, 12], "texture": "#0"},
				"south": {"uv": [11.66667, 11.33333, 12, 11.66667], "texture": "#0"},
				"west": {"uv": [11.66667, 11.66667, 12, 12], "texture": "#0"},
				"up": {"uv": [0.33333, 12.33333, 0, 12], "texture": "#0"},
				"down": {"uv": [12.33333, 0, 12, 0.33333], "texture": "#0"}
			}
		},
		{
			"from": [3.95, 3.75, 3.45],
			"to": [4.375, 4.175, 3.975],
			"rotation": {"angle": 0, "axis": "y", "origin": [3.15, 0.45, 1.75]},
			"faces": {
				"north": {"uv": [5.33333, 12, 5.66667, 12.33333], "texture": "#0"},
				"east": {"uv": [12, 5.33333, 12.33333, 5.66667], "texture": "#0"},
				"south": {"uv": [5.66667, 12, 6, 12.33333], "texture": "#0"},
				"west": {"uv": [12, 5.66667, 12.33333, 6], "texture": "#0"},
				"up": {"uv": [6.33333, 12.33333, 6, 12], "texture": "#0"},
				"down": {"uv": [12.33333, 6, 12, 6.33333], "texture": "#0"}
			}
		},
		{
			"from": [11.6, 3.75, 3.45],
			"to": [12.025, 4.175, 3.975],
			"rotation": {"angle": 0, "axis": "y", "origin": [10.8, 0.45, 1.75]},
			"faces": {
				"north": {"uv": [12.33333, 3, 12.66667, 3.33333], "texture": "#0"},
				"east": {"uv": [3.33333, 12.33333, 3.66667, 12.66667], "texture": "#0"},
				"south": {"uv": [12.33333, 3.33333, 12.66667, 3.66667], "texture": "#0"},
				"west": {"uv": [3.66667, 12.33333, 4, 12.66667], "texture": "#0"},
				"up": {"uv": [12.66667, 4, 12.33333, 3.66667], "texture": "#0"},
				"down": {"uv": [4.33333, 12.33333, 4, 12.66667], "texture": "#0"}
			}
		},
		{
			"from": [4.375, 3.55, 3.45],
			"to": [4.8, 3.875, 3.975],
			"rotation": {"angle": 0, "axis": "y", "origin": [3.575, 0.35, 1.75]},
			"faces": {
				"north": {"uv": [6.33333, 12, 6.66667, 12.33333], "texture": "#0"},
				"east": {"uv": [12, 6.33333, 12.33333, 6.66667], "texture": "#0"},
				"south": {"uv": [6.66667, 12, 7, 12.33333], "texture": "#0"},
				"west": {"uv": [12, 6.66667, 12.33333, 7], "texture": "#0"},
				"up": {"uv": [7.33333, 12.33333, 7, 12], "texture": "#0"},
				"down": {"uv": [12.33333, 7, 12, 7.33333], "texture": "#0"}
			}
		},
		{
			"from": [11.175, 3.55, 3.45],
			"to": [11.6, 3.875, 3.975],
			"rotation": {"angle": 0, "axis": "y", "origin": [10.375, 0.35, 1.75]},
			"faces": {
				"north": {"uv": [12.33333, 5, 12.66667, 5.33333], "texture": "#0"},
				"east": {"uv": [5.33333, 12.33333, 5.66667, 12.66667], "texture": "#0"},
				"south": {"uv": [12.33333, 5.33333, 12.66667, 5.66667], "texture": "#0"},
				"west": {"uv": [5.66667, 12.33333, 6, 12.66667], "texture": "#0"},
				"up": {"uv": [12.66667, 6, 12.33333, 5.66667], "texture": "#0"},
				"down": {"uv": [6.33333, 12.33333, 6, 12.66667], "texture": "#0"}
			}
		},
		{
			"from": [4.175, 3.65, 3.45],
			"to": [4.375, 3.75, 3.975],
			"rotation": {"angle": 0, "axis": "y", "origin": [3.375, 0.35, 1.75]},
			"faces": {
				"north": {"uv": [10.33333, 12, 10.66667, 12.33333], "texture": "#0"},
				"east": {"uv": [12, 10.33333, 12.33333, 10.66667], "texture": "#0"},
				"south": {"uv": [10.66667, 12, 11, 12.33333], "texture": "#0"},
				"west": {"uv": [12, 10.66667, 12.33333, 11], "texture": "#0"},
				"up": {"uv": [11.33333, 12.33333, 11, 12], "texture": "#0"},
				"down": {"uv": [12.33333, 11, 12, 11.33333], "texture": "#0"}
			}
		},
		{
			"from": [11.6, 3.65, 3.45],
			"to": [11.8, 3.75, 3.975],
			"rotation": {"angle": 0, "axis": "y", "origin": [10.8, 0.35, 1.75]},
			"faces": {
				"north": {"uv": [12.33333, 4, 12.66667, 4.33333], "texture": "#0"},
				"east": {"uv": [4.33333, 12.33333, 4.66667, 12.66667], "texture": "#0"},
				"south": {"uv": [12.33333, 4.33333, 12.66667, 4.66667], "texture": "#0"},
				"west": {"uv": [4.66667, 12.33333, 5, 12.66667], "texture": "#0"},
				"up": {"uv": [12.66667, 5, 12.33333, 4.66667], "texture": "#0"},
				"down": {"uv": [5.33333, 12.33333, 5, 12.66667], "texture": "#0"}
			}
		},
		{
			"from": [4.375, 3.875, 3.45],
			"to": [4.575, 3.975, 3.975],
			"rotation": {"angle": 0, "axis": "y", "origin": [3.575, 0.575, 1.75]},
			"faces": {
				"north": {"uv": [11.33333, 12, 11.66667, 12.33333], "texture": "#0"},
				"east": {"uv": [12, 11.33333, 12.33333, 11.66667], "texture": "#0"},
				"south": {"uv": [11.66667, 12, 12, 12.33333], "texture": "#0"},
				"west": {"uv": [12, 11.66667, 12.33333, 12], "texture": "#0"},
				"up": {"uv": [12.33333, 12.33333, 12, 12], "texture": "#0"},
				"down": {"uv": [0.33333, 12.33333, 0, 12.66667], "texture": "#0"}
			}
		},
		{
			"from": [11.4, 3.875, 3.45],
			"to": [11.6, 3.975, 3.975],
			"rotation": {"angle": 0, "axis": "y", "origin": [10.6, 0.575, 1.75]},
			"faces": {
				"north": {"uv": [12.33333, 6, 12.66667, 6.33333], "texture": "#0"},
				"east": {"uv": [6.33333, 12.33333, 6.66667, 12.66667], "texture": "#0"},
				"south": {"uv": [12.33333, 6.33333, 12.66667, 6.66667], "texture": "#0"},
				"west": {"uv": [6.66667, 12.33333, 7, 12.66667], "texture": "#0"},
				"up": {"uv": [12.66667, 7, 12.33333, 6.66667], "texture": "#0"},
				"down": {"uv": [7.33333, 12.33333, 7, 12.66667], "texture": "#0"}
			}
		},
		{
			"from": [4.8, 3.45, 3.45],
			"to": [5.125, 3.675, 3.975],
			"rotation": {"angle": 0, "axis": "y", "origin": [4, 0.35, 1.75]},
			"faces": {
				"north": {"uv": [7.33333, 12, 7.66667, 12.33333], "texture": "#0"},
				"east": {"uv": [12, 7.33333, 12.33333, 7.66667], "texture": "#0"},
				"south": {"uv": [7.66667, 12, 8, 12.33333], "texture": "#0"},
				"west": {"uv": [12, 7.66667, 12.33333, 8], "texture": "#0"},
				"up": {"uv": [8.33333, 12.33333, 8, 12], "texture": "#0"},
				"down": {"uv": [12.33333, 8, 12, 8.33333], "texture": "#0"}
			}
		},
		{
			"from": [10.85, 3.45, 3.45],
			"to": [11.175, 3.675, 3.975],
			"rotation": {"angle": 0, "axis": "y", "origin": [10.05, 0.35, 1.75]},
			"faces": {
				"north": {"uv": [12.33333, 7, 12.66667, 7.33333], "texture": "#0"},
				"east": {"uv": [7.33333, 12.33333, 7.66667, 12.66667], "texture": "#0"},
				"south": {"uv": [12.33333, 7.33333, 12.66667, 7.66667], "texture": "#0"},
				"west": {"uv": [7.66667, 12.33333, 8, 12.66667], "texture": "#0"},
				"up": {"uv": [12.66667, 8, 12.33333, 7.66667], "texture": "#0"},
				"down": {"uv": [8.33333, 12.33333, 8, 12.66667], "texture": "#0"}
			}
		},
		{
			"from": [3.2, 1.5, 3.95],
			"to": [4, 1.975, 4.475],
			"rotation": {"angle": 0, "axis": "y", "origin": [2.775, -1.85, 2.25]},
			"faces": {
				"north": {"uv": [0.33333, 12, 0.66667, 12.33333], "texture": "#0"},
				"east": {"uv": [12, 0.33333, 12.33333, 0.66667], "texture": "#0"},
				"south": {"uv": [0.66667, 12, 1, 12.33333], "texture": "#0"},
				"west": {"uv": [12, 0.66667, 12.33333, 1], "texture": "#0"},
				"up": {"uv": [1.33333, 12.33333, 1, 12], "texture": "#0"},
				"down": {"uv": [12.33333, 1, 12, 1.33333], "texture": "#0"}
			}
		},
		{
			"from": [3.2, 3.95, 3.95],
			"to": [4, 4.575, 4.475],
			"rotation": {"angle": 0, "axis": "y", "origin": [2.775, 0.4, 2.25]},
			"faces": {
				"north": {"uv": [4.33333, 12, 4.66667, 12.33333], "texture": "#0"},
				"east": {"uv": [12, 4.33333, 12.33333, 4.66667], "texture": "#0"},
				"south": {"uv": [4.66667, 12, 5, 12.33333], "texture": "#0"},
				"west": {"uv": [12, 4.66667, 12.33333, 5], "texture": "#0"},
				"up": {"uv": [5.33333, 12.33333, 5, 12], "texture": "#0"},
				"down": {"uv": [12.33333, 5, 12, 5.33333], "texture": "#0"}
			}
		},
		{
			"from": [12, 3.95, 3.95],
			"to": [12.8, 4.575, 4.475],
			"rotation": {"angle": 0, "axis": "y", "origin": [11.575, 0.4, 2.25]},
			"faces": {
				"north": {"uv": [12.33333, 1, 12.66667, 1.33333], "texture": "#0"},
				"east": {"uv": [1.33333, 12.33333, 1.66667, 12.66667], "texture": "#0"},
				"south": {"uv": [12.33333, 1.33333, 12.66667, 1.66667], "texture": "#0"},
				"west": {"uv": [1.66667, 12.33333, 2, 12.66667], "texture": "#0"},
				"up": {"uv": [12.66667, 2, 12.33333, 1.66667], "texture": "#0"},
				"down": {"uv": [2.33333, 12.33333, 2, 12.66667], "texture": "#0"}
			}
		},
		{
			"from": [3.2, 4.575, 3.95],
			"to": [3.6, 4.775, 4.475],
			"rotation": {"angle": 0, "axis": "y", "origin": [2.775, 0.6, 2.25]},
			"faces": {
				"north": {"uv": [8.33333, 12, 8.66667, 12.33333], "texture": "#0"},
				"east": {"uv": [12, 8.33333, 12.33333, 8.66667], "texture": "#0"},
				"south": {"uv": [8.66667, 12, 9, 12.33333], "texture": "#0"},
				"west": {"uv": [12, 8.66667, 12.33333, 9], "texture": "#0"},
				"up": {"uv": [9.33333, 12.33333, 9, 12], "texture": "#0"},
				"down": {"uv": [12.33333, 9, 12, 9.33333], "texture": "#0"}
			}
		},
		{
			"from": [12.4, 4.575, 3.95],
			"to": [12.8, 4.775, 4.475],
			"rotation": {"angle": 0, "axis": "y", "origin": [11.975, 0.6, 2.25]},
			"faces": {
				"north": {"uv": [12.33333, 0, 12.66667, 0.33333], "texture": "#0"},
				"east": {"uv": [0.33333, 12.33333, 0.66667, 12.66667], "texture": "#0"},
				"south": {"uv": [12.33333, 0.33333, 12.66667, 0.66667], "texture": "#0"},
				"west": {"uv": [0.66667, 12.33333, 1, 12.66667], "texture": "#0"},
				"up": {"uv": [12.66667, 1, 12.33333, 0.66667], "texture": "#0"},
				"down": {"uv": [1.33333, 12.33333, 1, 12.66667], "texture": "#0"}
			}
		},
		{
			"from": [3.7, 3.825, 3.95],
			"to": [4, 3.95, 4.475],
			"rotation": {"angle": 0, "axis": "y", "origin": [3.175, -0.15, 2.25]},
			"faces": {
				"north": {"uv": [9.33333, 12, 9.66667, 12.33333], "texture": "#0"},
				"east": {"uv": [12, 9.33333, 12.33333, 9.66667], "texture": "#0"},
				"south": {"uv": [9.66667, 12, 10, 12.33333], "texture": "#0"},
				"west": {"uv": [12, 9.66667, 12.33333, 10], "texture": "#0"},
				"up": {"uv": [10.33333, 12.33333, 10, 12], "texture": "#0"},
				"down": {"uv": [12.33333, 10, 12, 10.33333], "texture": "#0"}
			}
		},
		{
			"from": [12, 3.825, 3.95],
			"to": [12.3, 3.95, 4.475],
			"rotation": {"angle": 0, "axis": "y", "origin": [11.475, -0.15, 2.25]},
			"faces": {
				"north": {"uv": [12.33333, 2, 12.66667, 2.33333], "texture": "#0"},
				"east": {"uv": [2.33333, 12.33333, 2.66667, 12.66667], "texture": "#0"},
				"south": {"uv": [12.33333, 2.33333, 12.66667, 2.66667], "texture": "#0"},
				"west": {"uv": [2.66667, 12.33333, 3, 12.66667], "texture": "#0"},
				"up": {"uv": [12.66667, 3, 12.33333, 2.66667], "texture": "#0"},
				"down": {"uv": [3.33333, 12.33333, 3, 12.66667], "texture": "#0"}
			}
		},
		{
			"from": [12, 1.5, 3.95],
			"to": [12.8, 1.975, 4.475],
			"rotation": {"angle": 0, "axis": "y", "origin": [11.575, -1.85, 2.25]},
			"faces": {
				"north": {"uv": [1.33333, 12, 1.66667, 12.33333], "texture": "#0"},
				"east": {"uv": [12, 1.33333, 12.33333, 1.66667], "texture": "#0"},
				"south": {"uv": [1.66667, 12, 2, 12.33333], "texture": "#0"},
				"west": {"uv": [12, 1.66667, 12.33333, 2], "texture": "#0"},
				"up": {"uv": [2.33333, 12.33333, 2, 12], "texture": "#0"},
				"down": {"uv": [12.33333, 2, 12, 2.33333], "texture": "#0"}
			}
		},
		{
			"from": [4.375, 1.95, 3.45],
			"to": [4.725, 2.175, 3.7],
			"rotation": {"angle": 0, "axis": "y", "origin": [3.525, -1.65, 1.75]},
			"faces": {
				"north": {"uv": [11.66667, 9, 12, 9.33333], "texture": "#0"},
				"east": {"uv": [9.33333, 11.66667, 9.66667, 12], "texture": "#0"},
				"south": {"uv": [11.66667, 9.33333, 12, 9.66667], "texture": "#0"},
				"west": {"uv": [9.66667, 11.66667, 10, 12], "texture": "#0"},
				"up": {"uv": [12, 10, 11.66667, 9.66667], "texture": "#0"},
				"down": {"uv": [10.33333, 11.66667, 10, 12], "texture": "#0"}
			}
		},
		{
			"from": [4.725, 2.1, 3.45],
			"to": [4.975, 2.225, 3.7],
			"rotation": {"angle": 0, "axis": "y", "origin": [3.875, -1.4, 1.75]},
			"faces": {
				"north": {"uv": [11.66667, 7, 12, 7.33333], "texture": "#0"},
				"east": {"uv": [7.33333, 11.66667, 7.66667, 12], "texture": "#0"},
				"south": {"uv": [11.66667, 7.33333, 12, 7.66667], "texture": "#0"},
				"west": {"uv": [7.66667, 11.66667, 8, 12], "texture": "#0"},
				"up": {"uv": [12, 8, 11.66667, 7.66667], "texture": "#0"},
				"down": {"uv": [8.33333, 11.66667, 8, 12], "texture": "#0"}
			}
		},
		{
			"from": [5.125, 3.6, 3.45],
			"to": [5.325, 3.725, 3.7],
			"rotation": {"angle": 0, "axis": "y", "origin": [4.225, 0.1, 1.75]},
			"faces": {
				"north": {"uv": [3.33333, 12, 3.66667, 12.33333], "texture": "#0"},
				"east": {"uv": [12, 3.33333, 12.33333, 3.66667], "texture": "#0"},
				"south": {"uv": [3.66667, 12, 4, 12.33333], "texture": "#0"},
				"west": {"uv": [12, 3.66667, 12.33333, 4], "texture": "#0"},
				"up": {"uv": [4.33333, 12.33333, 4, 12], "texture": "#0"},
				"down": {"uv": [12.33333, 4, 12, 4.33333], "texture": "#0"}
			}
		},
		{
			"from": [10.65, 3.6, 3.45],
			"to": [10.85, 3.725, 3.7],
			"rotation": {"angle": 0, "axis": "y", "origin": [9.75, 0.1, 1.75]},
			"faces": {
				"north": {"uv": [12.33333, 8, 12.66667, 8.33333], "texture": "#0"},
				"east": {"uv": [8.33333, 12.33333, 8.66667, 12.66667], "texture": "#0"},
				"south": {"uv": [12.33333, 8.33333, 12.66667, 8.66667], "texture": "#0"},
				"west": {"uv": [8.66667, 12.33333, 9, 12.66667], "texture": "#0"},
				"up": {"uv": [12.66667, 9, 12.33333, 8.66667], "texture": "#0"},
				"down": {"uv": [9.33333, 12.33333, 9, 12.66667], "texture": "#0"}
			}
		},
		{
			"from": [4.5, 1.4, 3.45],
			"to": [4.7, 1.75, 3.55],
			"rotation": {"angle": 0, "axis": "y", "origin": [3.55, -2.1, 1.75]},
			"faces": {
				"north": {"uv": [7, 10.66667, 7.33333, 11], "texture": "#0"},
				"east": {"uv": [10.66667, 7, 11, 7.33333], "texture": "#0"},
				"south": {"uv": [7.33333, 10.66667, 7.66667, 11], "texture": "#0"},
				"west": {"uv": [10.66667, 7.33333, 11, 7.66667], "texture": "#0"},
				"up": {"uv": [8, 11, 7.66667, 10.66667], "texture": "#0"},
				"down": {"uv": [11, 7.66667, 10.66667, 8], "texture": "#0"}
			}
		},
		{
			"from": [11.275, 1.4, 3.45],
			"to": [11.475, 1.75, 3.55],
			"rotation": {"angle": 0, "axis": "y", "origin": [10.325, -2.1, 1.75]},
			"faces": {
				"north": {"uv": [11.66667, 5, 12, 5.33333], "texture": "#0"},
				"east": {"uv": [5.33333, 11.66667, 5.66667, 12], "texture": "#0"},
				"south": {"uv": [11.66667, 5.33333, 12, 5.66667], "texture": "#0"},
				"west": {"uv": [5.66667, 11.66667, 6, 12], "texture": "#0"},
				"up": {"uv": [12, 6, 11.66667, 5.66667], "texture": "#0"},
				"down": {"uv": [6.33333, 11.66667, 6, 12], "texture": "#0"}
			}
		},
		{
			"from": [5.5, 1.15, 2.95],
			"to": [6.2, 1.4, 3.05],
			"rotation": {"angle": 0, "axis": "y", "origin": [4.9, -2.35, 1.25]},
			"faces": {
				"north": {"uv": [1, 10.66667, 1.33333, 11], "texture": "#0"},
				"east": {"uv": [10.66667, 1, 11, 1.33333], "texture": "#0"},
				"south": {"uv": [1.33333, 10.66667, 1.66667, 11], "texture": "#0"},
				"west": {"uv": [10.66667, 1.33333, 11, 1.66667], "texture": "#0"},
				"up": {"uv": [2, 11, 1.66667, 10.66667], "texture": "#0"},
				"down": {"uv": [11, 1.66667, 10.66667, 2], "texture": "#0"}
			}
		},
		{
			"from": [6.25, 1.25, 2.45],
			"to": [7.25, 1.5, 2.55],
			"rotation": {"angle": 0, "axis": "y", "origin": [5.75, -2.25, 0.75]},
			"faces": {
				"north": {"uv": [10.33333, 9.33333, 10.66667, 9.66667], "texture": "#0"},
				"east": {"uv": [9.66667, 10.33333, 10, 10.66667], "texture": "#0"},
				"south": {"uv": [10.33333, 9.66667, 10.66667, 10], "texture": "#0"},
				"west": {"uv": [10, 10.33333, 10.33333, 10.66667], "texture": "#0"},
				"up": {"uv": [10.66667, 10.33333, 10.33333, 10], "texture": "#0"},
				"down": {"uv": [10.66667, 10.33333, 10.33333, 10.66667], "texture": "#0"}
			}
		},
		{
			"from": [8.75, 1.25, 2.45],
			"to": [9.75, 1.5, 2.55],
			"rotation": {"angle": 0, "axis": "y", "origin": [8.25, -2.25, 0.75]},
			"faces": {
				"north": {"uv": [2, 10.66667, 2.33333, 11], "texture": "#0"},
				"east": {"uv": [10.66667, 2, 11, 2.33333], "texture": "#0"},
				"south": {"uv": [2.33333, 10.66667, 2.66667, 11], "texture": "#0"},
				"west": {"uv": [10.66667, 2.33333, 11, 2.66667], "texture": "#0"},
				"up": {"uv": [3, 11, 2.66667, 10.66667], "texture": "#0"},
				"down": {"uv": [11, 2.66667, 10.66667, 3], "texture": "#0"}
			}
		},
		{
			"from": [9.75, 1.25, 2.45],
			"to": [9.8, 1.5, 3.05],
			"rotation": {"angle": 0, "axis": "y", "origin": [9.25, -2.25, 0.75]},
			"faces": {
				"north": {"uv": [10.33333, 8.33333, 10.66667, 8.66667], "texture": "#0"},
				"east": {"uv": [8.66667, 10.33333, 9, 10.66667], "texture": "#0"},
				"south": {"uv": [10.33333, 8.66667, 10.66667, 9], "texture": "#0"},
				"west": {"uv": [9, 10.33333, 9.33333, 10.66667], "texture": "#0"},
				"up": {"uv": [10.66667, 9.33333, 10.33333, 9], "texture": "#0"},
				"down": {"uv": [9.66667, 10.33333, 9.33333, 10.66667], "texture": "#0"}
			}
		},
		{
			"from": [6.2, 1.25, 2.45],
			"to": [6.25, 1.5, 3.05],
			"rotation": {"angle": 0, "axis": "y", "origin": [5.65, -2.25, 0.75]},
			"faces": {
				"north": {"uv": [0, 10.66667, 0.33333, 11], "texture": "#0"},
				"east": {"uv": [10.66667, 0, 11, 0.33333], "texture": "#0"},
				"south": {"uv": [0.33333, 10.66667, 0.66667, 11], "texture": "#0"},
				"west": {"uv": [10.66667, 0.33333, 11, 0.66667], "texture": "#0"},
				"up": {"uv": [1, 11, 0.66667, 10.66667], "texture": "#0"},
				"down": {"uv": [11, 0.66667, 10.66667, 1], "texture": "#0"}
			}
		},
		{
			"from": [4.95, 1.05, 2.95],
			"to": [5, 1.3, 3.55],
			"rotation": {"angle": 0, "axis": "y", "origin": [4.4, -2.45, 1.25]},
			"faces": {
				"north": {"uv": [5, 10.66667, 5.33333, 11], "texture": "#0"},
				"east": {"uv": [10.66667, 5, 11, 5.33333], "texture": "#0"},
				"south": {"uv": [5.33333, 10.66667, 5.66667, 11], "texture": "#0"},
				"west": {"uv": [10.66667, 5.33333, 11, 5.66667], "texture": "#0"},
				"up": {"uv": [6, 11, 5.66667, 10.66667], "texture": "#0"},
				"down": {"uv": [11, 5.66667, 10.66667, 6], "texture": "#0"}
			}
		},
		{
			"from": [10.975, 1.05, 2.95],
			"to": [11.025, 1.3, 3.55],
			"rotation": {"angle": 0, "axis": "y", "origin": [10.425, -2.45, 1.25]},
			"faces": {
				"north": {"uv": [9, 10.66667, 9.33333, 11], "texture": "#0"},
				"east": {"uv": [10.66667, 9, 11, 9.33333], "texture": "#0"},
				"south": {"uv": [9.33333, 10.66667, 9.66667, 11], "texture": "#0"},
				"west": {"uv": [10.66667, 9.33333, 11, 9.66667], "texture": "#0"},
				"up": {"uv": [10, 11, 9.66667, 10.66667], "texture": "#0"},
				"down": {"uv": [11, 9.66667, 10.66667, 10], "texture": "#0"}
			}
		},
		{
			"from": [6.5, 3, 2.75],
			"to": [9.5, 3.25, 3],
			"rotation": {"angle": 0, "axis": "y", "origin": [7, -0.75, 1]},
			"faces": {
				"north": {"uv": [7.33333, 6, 8.33333, 6.33333], "texture": "#0"},
				"east": {"uv": [9.66667, 2, 10, 2.33333], "texture": "#0"},
				"south": {"uv": [0.33333, 7.66667, 1.33333, 8], "texture": "#0"},
				"west": {"uv": [2.33333, 9.66667, 2.66667, 10], "texture": "#0"},
				"up": {"uv": [8.66667, 1.33333, 7.66667, 1], "texture": "#0"},
				"down": {"uv": [8.66667, 1.33333, 7.66667, 1.66667], "texture": "#0"}
			}
		},
		{
			"from": [6.25, 1, 2.5],
			"to": [9.75, 1.5, 3],
			"rotation": {"angle": 0, "axis": "y", "origin": [7, -1.5, 1]},
			"faces": {
				"north": {"uv": [7.33333, 3.66667, 8.66667, 4], "texture": "#0"},
				"east": {"uv": [9.66667, 1.33333, 10, 1.66667], "texture": "#0"},
				"south": {"uv": [7.33333, 4, 8.66667, 4.33333], "texture": "#0"},
				"west": {"uv": [1.66667, 9.66667, 2, 10], "texture": "#0"},
				"up": {"uv": [8.66667, 4.66667, 7.33333, 4.33333], "texture": "#0"},
				"down": {"uv": [6.66667, 7.33333, 5.33333, 7.66667], "texture": "#0"}
			}
		},
		{
			"from": [5, 7, 3.5],
			"to": [11, 8, 4],
			"rotation": {"angle": 0, "axis": "y", "origin": [7, 1, 2]},
			"faces": {
				"north": {"uv": [0, 5.33333, 2.33333, 5.66667], "texture": "#0"},
				"east": {"uv": [6, 8.33333, 6.33333, 8.66667], "texture": "#0"},
				"south": {"uv": [5.33333, 0, 7.66667, 0.33333], "texture": "#0"},
				"west": {"uv": [8.33333, 6, 8.66667, 6.33333], "texture": "#0"},
				"up": {"uv": [7.66667, 0.66667, 5.33333, 0.33333], "texture": "#0"},
				"down": {"uv": [7.66667, 0.66667, 5.33333, 1], "texture": "#0"}
			}
		},
		{
			"from": [5.5, 8, 4],
			"to": [10.5, 8.5, 4.5],
			"rotation": {"angle": 0, "axis": "y", "origin": [7, 2, 2.5]},
			"faces": {
				"north": {"uv": [5.33333, 6.33333, 7, 6.66667], "texture": "#0"},
				"east": {"uv": [8.33333, 8.33333, 8.66667, 8.66667], "texture": "#0"},
				"south": {"uv": [0, 6.66667, 1.66667, 7], "texture": "#0"},
				"west": {"uv": [0, 8.66667, 0.33333, 9], "texture": "#0"},
				"up": {"uv": [7, 7, 5.33333, 6.66667], "texture": "#0"},
				"down": {"uv": [1.66667, 7, 0, 7.33333], "texture": "#0"}
			}
		},
		{
			"from": [12, 7, 4],
			"to": [12.5, 9, 4.5],
			"rotation": {"angle": 0, "axis": "y", "origin": [12, 7, 2.5]},
			"faces": {
				"north": {"uv": [2.66667, 7.66667, 3, 8.33333], "texture": "#0"},
				"east": {"uv": [3, 7.66667, 3.33333, 8.33333], "texture": "#0"},
				"south": {"uv": [3.33333, 7.66667, 3.66667, 8.33333], "texture": "#0"},
				"west": {"uv": [3.66667, 7.66667, 4, 8.33333], "texture": "#0"},
				"up": {"uv": [9, 0.33333, 8.66667, 0], "texture": "#0"},
				"down": {"uv": [0.66667, 8.66667, 0.33333, 9], "texture": "#0"}
			}
		},
		{
			"from": [4, 7, 4.25],
			"to": [4.5, 9, 4.5],
			"rotation": {"angle": 0, "axis": "y", "origin": [4, 2, 2.75]},
			"faces": {
				"north": {"uv": [8, 1.66667, 8.33333, 2.33333], "texture": "#0"},
				"east": {"uv": [2, 8, 2.33333, 8.66667], "texture": "#0"},
				"south": {"uv": [5, 8, 5.33333, 8.66667], "texture": "#0"},
				"west": {"uv": [6.66667, 8, 7, 8.66667], "texture": "#0"},
				"up": {"uv": [5.33333, 9.66667, 5, 9.33333], "texture": "#0"},
				"down": {"uv": [9.66667, 5, 9.33333, 5.33333], "texture": "#0"}
			}
		},
		{
			"from": [4.75, 8, 4.25],
			"to": [5, 8.75, 4.5],
			"rotation": {"angle": 0, "axis": "y", "origin": [4.5, 2, 2.75]},
			"faces": {
				"north": {"uv": [6.33333, 9.33333, 6.66667, 9.66667], "texture": "#0"},
				"east": {"uv": [9.33333, 6.33333, 9.66667, 6.66667], "texture": "#0"},
				"south": {"uv": [6.66667, 9.33333, 7, 9.66667], "texture": "#0"},
				"west": {"uv": [9.33333, 6.66667, 9.66667, 7], "texture": "#0"},
				"up": {"uv": [7.33333, 9.66667, 7, 9.33333], "texture": "#0"},
				"down": {"uv": [9.66667, 7, 9.33333, 7.33333], "texture": "#0"}
			}
		},
		{
			"from": [4.5, 8, 4.25],
			"to": [4.75, 9, 4.5],
			"rotation": {"angle": 0, "axis": "y", "origin": [4.25, 2, 2.75]},
			"faces": {
				"north": {"uv": [7.33333, 9.33333, 7.66667, 9.66667], "texture": "#0"},
				"east": {"uv": [9.33333, 7.33333, 9.66667, 7.66667], "texture": "#0"},
				"south": {"uv": [7.66667, 9.33333, 8, 9.66667], "texture": "#0"},
				"west": {"uv": [9.33333, 7.66667, 9.66667, 8], "texture": "#0"},
				"up": {"uv": [8.33333, 9.66667, 8, 9.33333], "texture": "#0"},
				"down": {"uv": [9.66667, 8, 9.33333, 8.33333], "texture": "#0"}
			}
		},
		{
			"from": [4.25, 9, 4.25],
			"to": [4.5, 9.5, 4.5],
			"rotation": {"angle": 0, "axis": "y", "origin": [4, 3, 2.75]},
			"faces": {
				"north": {"uv": [8.33333, 9.33333, 8.66667, 9.66667], "texture": "#0"},
				"east": {"uv": [9.33333, 8.33333, 9.66667, 8.66667], "texture": "#0"},
				"south": {"uv": [8.66667, 9.33333, 9, 9.66667], "texture": "#0"},
				"west": {"uv": [9.33333, 8.66667, 9.66667, 9], "texture": "#0"},
				"up": {"uv": [9.33333, 9.66667, 9, 9.33333], "texture": "#0"},
				"down": {"uv": [9.66667, 9, 9.33333, 9.33333], "texture": "#0"}
			}
		},
		{
			"from": [4.5, 9, 4.25],
			"to": [4.75, 9.25, 4.5],
			"rotation": {"angle": 0, "axis": "y", "origin": [4.25, 3, 2.75]},
			"faces": {
				"north": {"uv": [9.33333, 9.33333, 9.66667, 9.66667], "texture": "#0"},
				"east": {"uv": [0, 9.66667, 0.33333, 10], "texture": "#0"},
				"south": {"uv": [9.66667, 0, 10, 0.33333], "texture": "#0"},
				"west": {"uv": [0.33333, 9.66667, 0.66667, 10], "texture": "#0"},
				"up": {"uv": [10, 0.66667, 9.66667, 0.33333], "texture": "#0"},
				"down": {"uv": [1, 9.66667, 0.66667, 10], "texture": "#0"}
			}
		},
		{
			"from": [10.5, 8, 4],
			"to": [11, 8.75, 4.5],
			"rotation": {"angle": 0, "axis": "y", "origin": [12, 7, 2.5]},
			"faces": {
				"north": {"uv": [8.66667, 0.33333, 9, 0.66667], "texture": "#0"},
				"east": {"uv": [0.66667, 8.66667, 1, 9], "texture": "#0"},
				"south": {"uv": [8.66667, 0.66667, 9, 1], "texture": "#0"},
				"west": {"uv": [1, 8.66667, 1.33333, 9], "texture": "#0"},
				"up": {"uv": [9, 1.33333, 8.66667, 1], "texture": "#0"},
				"down": {"uv": [1.66667, 8.66667, 1.33333, 9], "texture": "#0"}
			}
		},
		{
			"from": [10.75, 8.75, 4],
			"to": [11.25, 9.25, 4.5],
			"rotation": {"angle": 0, "axis": "y", "origin": [12, 7, 2.5]},
			"faces": {
				"north": {"uv": [8.66667, 1.33333, 9, 1.66667], "texture": "#0"},
				"east": {"uv": [1.66667, 8.66667, 2, 9], "texture": "#0"},
				"south": {"uv": [8.66667, 1.66667, 9, 2], "texture": "#0"},
				"west": {"uv": [2, 8.66667, 2.33333, 9], "texture": "#0"},
				"up": {"uv": [9, 2.33333, 8.66667, 2], "texture": "#0"},
				"down": {"uv": [9, 2.33333, 8.66667, 2.66667], "texture": "#0"}
			}
		},
		{
			"from": [4.5, 7, 3.5],
			"to": [5, 7.5, 4],
			"rotation": {"angle": 0, "axis": "y", "origin": [4.5, 1.5, 2]},
			"faces": {
				"north": {"uv": [5.33333, 9.33333, 5.66667, 9.66667], "texture": "#0"},
				"east": {"uv": [9.33333, 5.33333, 9.66667, 5.66667], "texture": "#0"},
				"south": {"uv": [5.66667, 9.33333, 6, 9.66667], "texture": "#0"},
				"west": {"uv": [9.33333, 5.66667, 9.66667, 6], "texture": "#0"},
				"up": {"uv": [6.33333, 9.66667, 6, 9.33333], "texture": "#0"},
				"down": {"uv": [9.66667, 6, 9.33333, 6.33333], "texture": "#0"}
			}
		},
		{
			"from": [4.5, 7, 4],
			"to": [5, 8, 4.5],
			"rotation": {"angle": 0, "axis": "y", "origin": [4.5, 1.5, 2.5]},
			"faces": {
				"north": {"uv": [5.33333, 9.33333, 5.66667, 9.66667], "texture": "#0"},
				"east": {"uv": [9.33333, 5.33333, 9.66667, 5.66667], "texture": "#0"},
				"south": {"uv": [5.66667, 9.33333, 6, 9.66667], "texture": "#0"},
				"west": {"uv": [9.33333, 5.66667, 9.66667, 6], "texture": "#0"},
				"up": {"uv": [6.33333, 9.66667, 6, 9.33333], "texture": "#0"},
				"down": {"uv": [9.66667, 6, 9.33333, 6.33333], "texture": "#0"}
			}
		},
		{
			"from": [11, 8, 4.25],
			"to": [11.25, 8.75, 4.5],
			"rotation": {"angle": 0, "axis": "y", "origin": [10.75, 2, 2.75]},
			"faces": {
				"north": {"uv": [4, 9.33333, 4.33333, 9.66667], "texture": "#0"},
				"east": {"uv": [9.33333, 4, 9.66667, 4.33333], "texture": "#0"},
				"south": {"uv": [4.33333, 9.33333, 4.66667, 9.66667], "texture": "#0"},
				"west": {"uv": [9.33333, 4.33333, 9.66667, 4.66667], "texture": "#0"},
				"up": {"uv": [5, 9.66667, 4.66667, 9.33333], "texture": "#0"},
				"down": {"uv": [9.66667, 4.66667, 9.33333, 5], "texture": "#0"}
			}
		},
		{
			"from": [11.25, 8, 4.25],
			"to": [11.5, 9, 4.5],
			"rotation": {"angle": 0, "axis": "y", "origin": [11, 2, 2.75]},
			"faces": {
				"north": {"uv": [3, 9.33333, 3.33333, 9.66667], "texture": "#0"},
				"east": {"uv": [9.33333, 3, 9.66667, 3.33333], "texture": "#0"},
				"south": {"uv": [3.33333, 9.33333, 3.66667, 9.66667], "texture": "#0"},
				"west": {"uv": [9.33333, 3.33333, 9.66667, 3.66667], "texture": "#0"},
				"up": {"uv": [4, 9.66667, 3.66667, 9.33333], "texture": "#0"},
				"down": {"uv": [9.66667, 3.66667, 9.33333, 4], "texture": "#0"}
			}
		},
		{
			"from": [11.25, 9, 4.25],
			"to": [11.5, 9.25, 4.5],
			"rotation": {"angle": 0, "axis": "y", "origin": [11, 3, 2.75]},
			"faces": {
				"north": {"uv": [2, 9.33333, 2.33333, 9.66667], "texture": "#0"},
				"east": {"uv": [9.33333, 2, 9.66667, 2.33333], "texture": "#0"},
				"south": {"uv": [2.33333, 9.33333, 2.66667, 9.66667], "texture": "#0"},
				"west": {"uv": [9.33333, 2.33333, 9.66667, 2.66667], "texture": "#0"},
				"up": {"uv": [3, 9.66667, 2.66667, 9.33333], "texture": "#0"},
				"down": {"uv": [9.66667, 2.66667, 9.33333, 3], "texture": "#0"}
			}
		},
		{
			"from": [11.5, 9, 4.25],
			"to": [11.75, 9.5, 4.5],
			"rotation": {"angle": 0, "axis": "y", "origin": [11.25, 3, 2.75]},
			"faces": {
				"north": {"uv": [1, 9.33333, 1.33333, 9.66667], "texture": "#0"},
				"east": {"uv": [9.33333, 1, 9.66667, 1.33333], "texture": "#0"},
				"south": {"uv": [1.33333, 9.33333, 1.66667, 9.66667], "texture": "#0"},
				"west": {"uv": [9.33333, 1.33333, 9.66667, 1.66667], "texture": "#0"},
				"up": {"uv": [2, 9.66667, 1.66667, 9.33333], "texture": "#0"},
				"down": {"uv": [9.66667, 1.66667, 9.33333, 2], "texture": "#0"}
			}
		},
		{
			"from": [11.5, 7, 4.25],
			"to": [12, 9, 4.5],
			"rotation": {"angle": 0, "axis": "y", "origin": [11.5, 2, 2.75]},
			"faces": {
				"north": {"uv": [0.33333, 8, 0.66667, 8.66667], "texture": "#0"},
				"east": {"uv": [0.66667, 8, 1, 8.66667], "texture": "#0"},
				"south": {"uv": [1, 8, 1.33333, 8.66667], "texture": "#0"},
				"west": {"uv": [1.66667, 8, 2, 8.66667], "texture": "#0"},
				"up": {"uv": [1, 9.66667, 0.66667, 9.33333], "texture": "#0"},
				"down": {"uv": [9.66667, 0.66667, 9.33333, 1], "texture": "#0"}
			}
		},
		{
			"from": [11, 7, 4],
			"to": [11.5, 8, 4.5],
			"rotation": {"angle": 0, "axis": "y", "origin": [11, 1.5, 2.5]},
			"faces": {
				"north": {"uv": [9, 8.66667, 9.33333, 9], "texture": "#0"},
				"east": {"uv": [9, 9, 9.33333, 9.33333], "texture": "#0"},
				"south": {"uv": [0, 9.33333, 0.33333, 9.66667], "texture": "#0"},
				"west": {"uv": [9.33333, 0, 9.66667, 0.33333], "texture": "#0"},
				"up": {"uv": [0.66667, 9.66667, 0.33333, 9.33333], "texture": "#0"},
				"down": {"uv": [9.66667, 0.33333, 9.33333, 0.66667], "texture": "#0"}
			}
		},
		{
			"from": [11, 7, 3.5],
			"to": [11.5, 7.5, 4.25],
			"rotation": {"angle": 0, "axis": "y", "origin": [11, 1.5, 2.25]},
			"faces": {
				"north": {"uv": [9, 8.66667, 9.33333, 9], "texture": "#0"},
				"east": {"uv": [9, 9, 9.33333, 9.33333], "texture": "#0"},
				"south": {"uv": [0, 9.33333, 0.33333, 9.66667], "texture": "#0"},
				"west": {"uv": [9.33333, 0, 9.66667, 0.33333], "texture": "#0"},
				"up": {"uv": [0.66667, 9.66667, 0.33333, 9.33333], "texture": "#0"},
				"down": {"uv": [9.66667, 0.33333, 9.33333, 0.66667], "texture": "#0"}
			}
		},
		{
			"from": [11.75, 9, 4],
			"to": [12.25, 9.5, 4.5],
			"rotation": {"angle": 0, "axis": "y", "origin": [12, 7, 2.5]},
			"faces": {
				"north": {"uv": [8.66667, 2.66667, 9, 3], "texture": "#0"},
				"east": {"uv": [8.66667, 3.33333, 9, 3.66667], "texture": "#0"},
				"south": {"uv": [3.66667, 8.66667, 4, 9], "texture": "#0"},
				"west": {"uv": [8.66667, 3.66667, 9, 4], "texture": "#0"},
				"up": {"uv": [4.33333, 9, 4, 8.66667], "texture": "#0"},
				"down": {"uv": [9, 4, 8.66667, 4.33333], "texture": "#0"}
			}
		},
		{
			"from": [11, 9.25, 4],
			"to": [11.5, 9.75, 4.5],
			"rotation": {"angle": 0, "axis": "y", "origin": [12, 7, 2.5]},
			"faces": {
				"north": {"uv": [4.33333, 8.66667, 4.66667, 9], "texture": "#0"},
				"east": {"uv": [8.66667, 4.33333, 9, 4.66667], "texture": "#0"},
				"south": {"uv": [4.66667, 8.66667, 5, 9], "texture": "#0"},
				"west": {"uv": [8.66667, 4.66667, 9, 5], "texture": "#0"},
				"up": {"uv": [5.33333, 9, 5, 8.66667], "texture": "#0"},
				"down": {"uv": [9, 5, 8.66667, 5.33333], "texture": "#0"}
			}
		},
		{
			"from": [11.5, 9.5, 4],
			"to": [12, 10, 4.5],
			"rotation": {"angle": 0, "axis": "y", "origin": [12, 7, 2.5]},
			"faces": {
				"north": {"uv": [5.33333, 8.66667, 5.66667, 9], "texture": "#0"},
				"east": {"uv": [8.66667, 5.33333, 9, 5.66667], "texture": "#0"},
				"south": {"uv": [5.66667, 8.66667, 6, 9], "texture": "#0"},
				"west": {"uv": [8.66667, 5.66667, 9, 6], "texture": "#0"},
				"up": {"uv": [6.33333, 9, 6, 8.66667], "texture": "#0"},
				"down": {"uv": [9, 6, 8.66667, 6.33333], "texture": "#0"}
			}
		},
		{
			"from": [3.5, 7, 4],
			"to": [4, 9, 4.5],
			"rotation": {"angle": 0, "axis": "y", "origin": [4, 7, 6]},
			"faces": {
				"north": {"uv": [5.66667, 7.66667, 6, 8.33333], "texture": "#0"},
				"east": {"uv": [6, 7.66667, 6.33333, 8.33333], "texture": "#0"},
				"south": {"uv": [6.33333, 7.66667, 6.66667, 8.33333], "texture": "#0"},
				"west": {"uv": [8, 0, 8.33333, 0.66667], "texture": "#0"},
				"up": {"uv": [9.33333, 8.33333, 9, 8], "texture": "#0"},
				"down": {"uv": [8.66667, 9, 8.33333, 9.33333], "texture": "#0"}
			}
		},
		{
			"from": [3.75, 9, 4],
			"to": [4.25, 9.5, 4.5],
			"rotation": {"angle": 0, "axis": "y", "origin": [4, 7, 6]},
			"faces": {
				"north": {"uv": [9, 7, 9.33333, 7.33333], "texture": "#0"},
				"east": {"uv": [7.33333, 9, 7.66667, 9.33333], "texture": "#0"},
				"south": {"uv": [9, 7.33333, 9.33333, 7.66667], "texture": "#0"},
				"west": {"uv": [7.66667, 9, 8, 9.33333], "texture": "#0"},
				"up": {"uv": [9.33333, 8, 9, 7.66667], "texture": "#0"},
				"down": {"uv": [8.33333, 9, 8, 9.33333], "texture": "#0"}
			}
		},
		{
			"from": [4, 9.5, 4],
			"to": [4.5, 10, 4.5],
			"rotation": {"angle": 0, "axis": "y", "origin": [4, 7, 6]},
			"faces": {
				"north": {"uv": [9, 6, 9.33333, 6.33333], "texture": "#0"},
				"east": {"uv": [6.33333, 9, 6.66667, 9.33333], "texture": "#0"},
				"south": {"uv": [9, 6.33333, 9.33333, 6.66667], "texture": "#0"},
				"west": {"uv": [6.66667, 9, 7, 9.33333], "texture": "#0"},
				"up": {"uv": [9.33333, 7, 9, 6.66667], "texture": "#0"},
				"down": {"uv": [7.33333, 9, 7, 9.33333], "texture": "#0"}
			}
		},
		{
			"from": [4.5, 9.25, 4],
			"to": [5, 9.75, 4.5],
			"rotation": {"angle": 0, "axis": "y", "origin": [4, 7, 6]},
			"faces": {
				"north": {"uv": [9, 5, 9.33333, 5.33333], "texture": "#0"},
				"east": {"uv": [5.33333, 9, 5.66667, 9.33333], "texture": "#0"},
				"south": {"uv": [9, 5.33333, 9.33333, 5.66667], "texture": "#0"},
				"west": {"uv": [5.66667, 9, 6, 9.33333], "texture": "#0"},
				"up": {"uv": [9.33333, 6, 9, 5.66667], "texture": "#0"},
				"down": {"uv": [6.33333, 9, 6, 9.33333], "texture": "#0"}
			}
		},
		{
			"from": [4.75, 8.75, 4],
			"to": [5.25, 9.25, 4.5],
			"rotation": {"angle": 0, "axis": "y", "origin": [4, 7, 6]},
			"faces": {
				"north": {"uv": [9, 4, 9.33333, 4.33333], "texture": "#0"},
				"east": {"uv": [4.33333, 9, 4.66667, 9.33333], "texture": "#0"},
				"south": {"uv": [9, 4.33333, 9.33333, 4.66667], "texture": "#0"},
				"west": {"uv": [4.66667, 9, 5, 9.33333], "texture": "#0"},
				"up": {"uv": [9.33333, 5, 9, 4.66667], "texture": "#0"},
				"down": {"uv": [5.33333, 9, 5, 9.33333], "texture": "#0"}
			}
		},
		{
			"from": [5, 8, 4],
			"to": [5.5, 8.75, 4.5],
			"rotation": {"angle": 0, "axis": "y", "origin": [4, 7, 6]},
			"faces": {
				"north": {"uv": [9, 3, 9.33333, 3.33333], "texture": "#0"},
				"east": {"uv": [3.33333, 9, 3.66667, 9.33333], "texture": "#0"},
				"south": {"uv": [9, 3.33333, 9.33333, 3.66667], "texture": "#0"},
				"west": {"uv": [3.66667, 9, 4, 9.33333], "texture": "#0"},
				"up": {"uv": [9.33333, 4, 9, 3.66667], "texture": "#0"},
				"down": {"uv": [4.33333, 9, 4, 9.33333], "texture": "#0"}
			}
		},
		{
			"from": [4.5, 0, 3.5],
			"to": [11.5, 0.5, 4],
			"rotation": {"angle": 0, "axis": "y", "origin": [7, -6, 2]},
			"faces": {
				"north": {"uv": [5.33333, 1, 7.66667, 1.33333], "texture": "#0"},
				"east": {"uv": [6.33333, 8.33333, 6.66667, 8.66667], "texture": "#0"},
				"south": {"uv": [5.33333, 1.33333, 7.66667, 1.66667], "texture": "#0"},
				"west": {"uv": [8.33333, 6.66667, 8.66667, 7], "texture": "#0"},
				"up": {"uv": [7.66667, 2, 5.33333, 1.66667], "texture": "#0"},
				"down": {"uv": [7.66667, 2, 5.33333, 2.33333], "texture": "#0"}
			}
		},
		{
			"from": [3.25, 1, 4],
			"to": [4, 7, 4.5],
			"rotation": {"angle": 0, "axis": "y", "origin": [-0.5, -5, 2.5]},
			"faces": {
				"north": {"uv": [2.33333, 5.66667, 2.66667, 7.66667], "texture": "#0"},
				"east": {"uv": [2.66667, 5.66667, 3, 7.66667], "texture": "#0"},
				"south": {"uv": [3, 5.66667, 3.33333, 7.66667], "texture": "#0"},
				"west": {"uv": [3.33333, 5.66667, 3.66667, 7.66667], "texture": "#0"},
				"up": {"uv": [8.66667, 7.33333, 8.33333, 7], "texture": "#0"},
				"down": {"uv": [8.66667, 7.33333, 8.33333, 7.66667], "texture": "#0"}
			}
		},
		{
			"from": [4, 1, 4],
			"to": [12, 7, 4.5],
			"rotation": {"angle": 0, "axis": "y", "origin": [0.25, -5, 2.5]},
			"faces": {
				"north": {"uv": [0, 0, 2.66667, 2], "texture": "#0"},
				"east": {"uv": [2, 6, 2.33333, 8], "texture": "#0"},
				"south": {"uv": [0, 2, 2.66667, 4], "texture": "#0"},
				"west": {"uv": [5, 6, 5.33333, 8], "texture": "#0"},
				"up": {"uv": [7.33333, 4.66667, 4.66667, 4.33333], "texture": "#0"},
				"down": {"uv": [7, 5, 4.33333, 5.33333], "texture": "#0"}
			}
		},
		{
			"from": [5, 7, 4],
			"to": [11, 8, 4.5],
			"rotation": {"angle": 0, "axis": "y", "origin": [0.25, -4, 2.5]},
			"faces": {
				"north": {"uv": [5.33333, 6, 7.33333, 6.33333], "texture": "#0"},
				"east": {"uv": [11, 1, 11.33333, 1.33333], "texture": "#0"},
				"south": {"uv": [0, 6.33333, 2, 6.66667], "texture": "#0"},
				"west": {"uv": [1.33333, 11, 1.66667, 11.33333], "texture": "#0"},
				"up": {"uv": [8.33333, 3, 6.33333, 2.66667], "texture": "#0"},
				"down": {"uv": [8.33333, 3, 6.33333, 3.33333], "texture": "#0"}
			}
		},
		{
			"from": [4.5, 0.5, 4],
			"to": [11.5, 1, 4.5],
			"rotation": {"angle": 0, "axis": "y", "origin": [0.25, -11, 2.5]},
			"faces": {
				"north": {"uv": [2.33333, 5.33333, 4.66667, 5.66667], "texture": "#0"},
				"east": {"uv": [11, 1.33333, 11.33333, 1.66667], "texture": "#0"},
				"south": {"uv": [5.33333, 2.33333, 7.66667, 2.66667], "texture": "#0"},
				"west": {"uv": [1.66667, 11, 2, 11.33333], "texture": "#0"},
				"up": {"uv": [7, 5.66667, 4.66667, 5.33333], "texture": "#0"},
				"down": {"uv": [2.33333, 5.66667, 0, 6], "texture": "#0"}
			}
		},
		{
			"from": [12, 1, 4],
			"to": [12.75, 7, 4.5],
			"rotation": {"angle": 0, "axis": "y", "origin": [7.75, -5, 2.5]},
			"faces": {
				"north": {"uv": [3.66667, 5.66667, 4, 7.66667], "texture": "#0"},
				"east": {"uv": [4, 5.66667, 4.33333, 7.66667], "texture": "#0"},
				"south": {"uv": [4.33333, 5.66667, 4.66667, 7.66667], "texture": "#0"},
				"west": {"uv": [4.66667, 5.66667, 5, 7.66667], "texture": "#0"},
				"up": {"uv": [8.66667, 8, 8.33333, 7.66667], "texture": "#0"},
				"down": {"uv": [8.66667, 8, 8.33333, 8.33333], "texture": "#0"}
			}
		}
	],
	"display": {
		"thirdperson_righthand": {
			"rotation": [26, 0, 0],
			"translation": [0, 0.5, 3],
			"scale": [0.75, 0.75, 0.75]
		},
		"thirdperson_lefthand": {
			"rotation": [26, 0, 0],
			"translation": [0, 0.5, 3],
			"scale": [0.75, 0.75, 0.75]
		},
		"ground": {
			"translation": [0, 5.25, 0]
		},
		"gui": {
			"rotation": [0, 180, 0],
			"translation": [0, 4.5, 0],
			"scale": [1.5, 1.5, 1.5]
		},
		"head": {
			"translation": [0, 4.75, -1.75],
			"scale": [1.41, 1.5, 1.5]
		},
		"fixed": {
			"translation": [0, 6, 7.25],
			"scale": [2, 2, 2]
		}
	}
}