{"textures":{"0":"modelengine:entity/deer"},"elements":[{"from":[7.2868686,7.1205997,7.0554857],"to":[8.736457,8.46664,8.401531],"rotation":{"angle":0.0,"axis":"y","origin":[8.03096,5.4277086,9.329663]},"faces":{"east":{"uv":[11.25,4.0,10.25,5.0],"rotation":0,"texture":"#0","tintindex":0},"south":{"uv":[10.5,5.0,9.0,6.5],"rotation":0,"texture":"#0","tintindex":0},"north":{"uv":[7.0,3.5,6.0,5.0],"rotation":0,"texture":"#0","tintindex":0},"west":{"uv":[11.25,4.0,10.25,5.0],"rotation":0,"texture":"#0","tintindex":0},"up":{"uv":[2.5,0.0,1.0,1.5],"rotation":0,"texture":"#0","tintindex":0},"down":{"uv":[7.25,3.5,6.25,5.0],"rotation":0,"texture":"#0","tintindex":0}}},{"from":[7.1833315,7.89716,7.3661084],"to":[8.84,8.25956,8.090903],"rotation":{"angle":0.0,"axis":"y","origin":[8.03096,5.4277086,9.329663]},"faces":{"east":{"uv":[10.5,4.25,9.75,4.75],"rotation":0,"texture":"#0","tintindex":0},"south":{"uv":[7.0,3.5,6.0,5.0],"rotation":0,"texture":"#0","tintindex":0},"north":{"uv":[7.0,3.5,6.0,5.0],"rotation":0,"texture":"#0","tintindex":0},"west":{"uv":[10.5,4.25,9.75,4.75],"rotation":0,"texture":"#0","tintindex":0},"up":{"uv":[10.75,3.5,9.75,4.5],"rotation":0,"texture":"#0","tintindex":0},"down":{"uv":[7.25,3.5,6.25,5.0],"rotation":0,"texture":"#0","tintindex":0}}},{"from":[7.1833315,8.25956,6.951943],"to":[7.6492686,8.518412,8.090903],"rotation":{"angle":0.0,"axis":"y","origin":[8.03096,5.4277086,9.329663]},"faces":{"east":{"uv":[10.75,3.5,9.75,4.5],"rotation":0,"texture":"#0","tintindex":0},"south":{"uv":[7.0,3.5,6.0,5.0],"rotation":0,"texture":"#0","tintindex":0},"north":{"uv":[11.25,4.5,10.75,4.75],"rotation":0,"texture":"#0","tintindex":0},"west":{"uv":[11.5,4.25,10.75,4.5],"rotation":0,"texture":"#0","tintindex":0},"up":{"uv":[11.25,4.0,10.75,4.75],"rotation":0,"texture":"#0","tintindex":0},"down":{"uv":[10.25,3.5,9.75,4.25],"rotation":0,"texture":"#0","tintindex":0}}},{"from":[7.157446,8.25956,6.9001713],"to":[7.623383,8.25956,7.3661084],"rotation":{"angle":0.0,"axis":"y","origin":[8.03096,5.4277086,9.329663]},"faces":{"east":{"uv":[9.75,5.5,9.5,5.75],"rotation":0,"texture":"#0","tintindex":0},"south":{"uv":[9.75,5.5,9.5,5.75],"rotation":0,"texture":"#0","tintindex":0},"north":{"uv":[9.75,5.5,9.5,5.75],"rotation":0,"texture":"#0","tintindex":0},"west":{"uv":[9.75,5.5,9.5,5.75],"rotation":0,"texture":"#0","tintindex":0},"up":{"uv":[9.75,5.5,9.5,5.75],"rotation":0,"texture":"#0","tintindex":0},"down":{"uv":[9.75,5.5,9.5,5.75],"rotation":0,"texture":"#0","tintindex":0}}},{"from":[8.399948,8.25956,6.9001713],"to":[8.865886,8.25956,7.3661084],"rotation":{"angle":0.0,"axis":"y","origin":[8.03096,5.4277086,9.329663]},"faces":{"east":{"uv":[9.75,5.5,9.5,5.75],"rotation":0,"texture":"#0","tintindex":0},"south":{"uv":[9.75,5.5,9.5,5.75],"rotation":0,"texture":"#0","tintindex":0},"north":{"uv":[9.75,5.5,9.5,5.75],"rotation":0,"texture":"#0","tintindex":0},"west":{"uv":[9.75,5.5,9.5,5.75],"rotation":0,"texture":"#0","tintindex":0},"up":{"uv":[9.75,5.5,9.5,5.75],"rotation":0,"texture":"#0","tintindex":0},"down":{"uv":[9.75,5.5,9.5,5.75],"rotation":0,"texture":"#0","tintindex":0}}},{"from":[7.1833315,7.10988,6.951943],"to":[7.6492686,7.782874,8.090903],"rotation":{"angle":0.0,"axis":"y","origin":[8.03096,5.4277086,9.329663]},"faces":{"east":{"uv":[10.75,3.5,9.75,4.5],"rotation":0,"texture":"#0","tintindex":0},"south":{"uv":[10.25,3.5,9.75,4.5],"rotation":0,"texture":"#0","tintindex":0},"north":{"uv":[12.0,4.0,11.25,5.0],"rotation":0,"texture":"#0","tintindex":0},"west":{"uv":[12.0,4.0,11.0,5.0],"rotation":0,"texture":"#0","tintindex":0},"up":{"uv":[10.75,3.5,9.75,4.5],"rotation":0,"texture":"#0","tintindex":0},"down":{"uv":[12.0,4.5,11.0,5.0],"rotation":0,"texture":"#0","tintindex":0}}},{"from":[8.374063,8.25956,6.951943],"to":[8.84,8.518412,8.090903],"rotation":{"angle":0.0,"axis":"y","origin":[8.03096,5.4277086,9.329663]},"faces":{"east":{"uv":[11.5,4.25,10.75,4.5],"rotation":0,"texture":"#0","tintindex":0},"south":{"uv":[7.0,3.5,6.0,5.0],"rotation":0,"texture":"#0","tintindex":0},"north":{"uv":[11.25,4.5,10.75,4.75],"rotation":0,"texture":"#0","tintindex":0},"west":{"uv":[10.75,3.5,9.75,4.5],"rotation":0,"texture":"#0","tintindex":0},"up":{"uv":[11.25,4.0,10.75,4.75],"rotation":0,"texture":"#0","tintindex":0},"down":{"uv":[10.25,3.5,9.75,4.25],"rotation":0,"texture":"#0","tintindex":0}}},{"from":[8.425829,7.10988,6.951943],"to":[8.84,7.782874,8.090903],"rotation":{"angle":0.0,"axis":"y","origin":[8.03096,5.4277086,9.329663]},"faces":{"east":{"uv":[11.0,4.0,12.0,5.0],"rotation":0,"texture":"#0","tintindex":0},"south":{"uv":[10.25,3.5,9.75,4.5],"rotation":0,"texture":"#0","tintindex":0},"north":{"uv":[11.25,4.0,12.0,5.0],"rotation":0,"texture":"#0","tintindex":0},"west":{"uv":[10.75,3.5,9.75,4.5],"rotation":0,"texture":"#0","tintindex":0},"up":{"uv":[10.75,3.5,9.75,4.5],"rotation":0,"texture":"#0","tintindex":0},"down":{"uv":[12.0,4.5,11.0,5.0],"rotation":0,"texture":"#0","tintindex":0}}},{"from":[7.2351027,7.782874,7.003714],"to":[7.665383,8.25956,7.3661084],"rotation":{"angle":0.0,"axis":"y","origin":[8.03096,5.4277086,9.329663]},"faces":{"east":{"uv":[4.5,2.75,3.5,3.5],"rotation":0,"texture":"#0","tintindex":0},"south":{"uv":[4.5,2.75,3.5,3.5],"rotation":0,"texture":"#0","tintindex":0},"north":{"uv":[4.25,3.5,3.25,2.75],"rotation":0,"texture":"#0","tintindex":0},"west":{"uv":[3.5,3.5,4.25,2.75],"rotation":0,"texture":"#0","tintindex":0},"up":{"uv":[4.5,2.75,3.5,3.5],"rotation":0,"texture":"#0","tintindex":0},"down":{"uv":[4.5,2.75,3.5,3.5],"rotation":0,"texture":"#0","tintindex":0}}},{"from":[8.357943,7.782874,7.003714],"to":[8.788229,8.25956,7.3661084],"rotation":{"angle":0.0,"axis":"y","origin":[8.03096,5.4277086,9.329663]},"faces":{"east":{"uv":[4.25,3.5,3.5,2.75],"rotation":0,"texture":"#0","tintindex":0},"south":{"uv":[4.5,2.75,3.5,3.5],"rotation":0,"texture":"#0","tintindex":0},"north":{"uv":[3.25,3.5,4.25,2.75],"rotation":0,"texture":"#0","tintindex":0},"west":{"uv":[4.5,2.75,3.5,3.5],"rotation":0,"texture":"#0","tintindex":0},"up":{"uv":[4.5,2.75,3.5,3.5],"rotation":0,"texture":"#0","tintindex":0},"down":{"uv":[4.5,2.75,3.5,3.5],"rotation":0,"texture":"#0","tintindex":0}}},{"from":[6.6102,8.292943,7.7277656],"to":[7.5463715,9.540852,7.9348516],"rotation":{"angle":45.0,"axis":"z","origin":[7.4678855,8.595697,7.8313084]},"faces":{"east":{"uv":[8.5,3.5,8.25,4.0],"rotation":0,"texture":"#0","tintindex":0},"south":{"uv":[8.75,3.5,8.25,4.0],"rotation":0,"texture":"#0","tintindex":0},"north":{"uv":[13.75,1.5,12.75,2.75],"rotation":0,"texture":"#0","tintindex":0},"west":{"uv":[8.5,3.5,8.25,4.0],"rotation":0,"texture":"#0","tintindex":0},"up":{"uv":[8.5,3.5,8.25,4.0],"rotation":90,"texture":"#0","tintindex":0},"down":{"uv":[7.25,3.5,6.25,5.0],"rotation":0,"texture":"#0","tintindex":0}}},{"from":[8.47696,8.2358,7.7277656],"to":[9.413126,9.483708,7.9348516],"rotation":{"angle":-45.0,"axis":"z","origin":[8.555446,8.595697,7.8313084]},"faces":{"east":{"uv":[8.5,3.5,8.25,4.0],"rotation":0,"texture":"#0","tintindex":0},"south":{"uv":[8.75,3.5,8.25,4.0],"rotation":0,"texture":"#0","tintindex":0},"north":{"uv":[13.75,1.5,12.75,2.75],"rotation":0,"texture":"#0","tintindex":0},"west":{"uv":[8.5,3.5,8.25,4.0],"rotation":0,"texture":"#0","tintindex":0},"up":{"uv":[8.5,3.5,8.25,4.0],"rotation":90,"texture":"#0","tintindex":0},"down":{"uv":[7.25,3.5,6.25,5.0],"rotation":0,"texture":"#0","tintindex":0}}},{"from":[7.707577,7.07332,6.7884855],"to":[8.315748,8.285286,7.5167027],"rotation":{"angle":-45.0,"axis":"x","origin":[8.0116625,7.7935886,7.0383086]},"faces":{"east":{"uv":[7.75,4.0,8.75,5.0],"rotation":0,"texture":"#0","tintindex":0},"south":{"uv":[7.0,3.5,6.0,5.0],"rotation":0,"texture":"#0","tintindex":0},"north":{"uv":[7.0,3.5,6.0,5.0],"rotation":0,"texture":"#0","tintindex":0},"west":{"uv":[7.75,4.0,8.75,5.0],"rotation":0,"texture":"#0","tintindex":0},"up":{"uv":[2.25,0.0,1.0,1.0],"rotation":0,"texture":"#0","tintindex":0},"down":{"uv":[12.0,4.5,11.0,5.0],"rotation":0,"texture":"#0","tintindex":0}}},{"from":[7.655623,8.270091,7.05264],"to":[8.3677025,8.993217,8.05092],"rotation":{"angle":-22.5,"axis":"x","origin":[8.03096,5.5991373,9.677709]},"faces":{"east":{"uv":[7.75,3.75,8.75,4.75],"rotation":0,"texture":"#0","tintindex":0},"south":{"uv":[7.0,3.5,6.0,5.0],"rotation":0,"texture":"#0","tintindex":0},"north":{"uv":[7.75,3.75,8.75,4.75],"rotation":0,"texture":"#0","tintindex":0},"west":{"uv":[7.75,3.75,8.75,4.75],"rotation":0,"texture":"#0","tintindex":0},"up":{"uv":[2.25,0.0,1.0,1.0],"rotation":0,"texture":"#0","tintindex":0},"down":{"uv":[7.25,3.5,6.25,5.0],"rotation":0,"texture":"#0","tintindex":0}}},{"from":[7.6558113,7.0815487,6.364097],"to":[8.36752,7.6097484,6.9594626],"rotation":{"angle":0.0,"axis":"y","origin":[8.03096,5.5991373,9.677709]},"faces":{"east":{"uv":[12.0,4.5,11.0,5.0],"rotation":0,"texture":"#0","tintindex":0},"south":{"uv":[9.0,3.5,8.0,4.25],"rotation":0,"texture":"#0","tintindex":0},"north":{"uv":[12.0,4.5,11.0,5.0],"rotation":0,"texture":"#0","tintindex":0},"west":{"uv":[12.0,4.5,11.0,5.0],"rotation":0,"texture":"#0","tintindex":0},"up":{"uv":[9.0,3.5,8.0,4.25],"rotation":0,"texture":"#0","tintindex":0},"down":{"uv":[12.0,4.5,11.0,5.0],"rotation":0,"texture":"#0","tintindex":0}}},{"from":[7.7015944,8.56712,7.006131],"to":[8.321732,8.913737,7.351674],"rotation":{"angle":-22.5,"axis":"x","origin":[8.03096,5.4277086,9.329663]},"faces":{"east":{"uv":[15.5,0.25,14.75,1.25],"rotation":0,"texture":"#0","tintindex":0},"south":{"uv":[15.75,0.5,15.0,1.0],"rotation":0,"texture":"#0","tintindex":0},"north":{"uv":[15.75,1.25,14.75,2.25],"rotation":0,"texture":"#0","tintindex":0},"west":{"uv":[15.75,0.25,15.0,1.25],"rotation":0,"texture":"#0","tintindex":0},"up":{"uv":[15.75,1.5,14.75,2.5],"rotation":0,"texture":"#0","tintindex":0},"down":{"uv":[15.75,0.5,15.0,1.0],"rotation":0,"texture":"#0","tintindex":0}}}],"display":{"head":{"translation":[0.0,-6.4,0.0],"scale":[4.0,4.0,4.0]}}}