{"textures":{"0":"modelengine:entity/deer"},"elements":[{"from":[7.484937,7.788097,7.1936684],"to":[8.4334,10.775868,8.165372],"rotation":{"angle":-22.5,"axis":"x","origin":[8.002435,8.083097,8.51264]},"faces":{"east":{"uv":[12.0,3.75,9.75,5.0],"rotation":270,"texture":"#0","tintindex":0},"south":{"uv":[10.5,3.5,9.75,5.0],"rotation":0,"texture":"#0","tintindex":0},"north":{"uv":[7.5,5.0,6.0,7.25],"rotation":180,"texture":"#0","tintindex":0},"west":{"uv":[12.0,5.0,9.75,3.75],"rotation":270,"texture":"#0","tintindex":0},"up":{"uv":[10.5,7.5,9.5,8.5],"rotation":0,"texture":"#0","tintindex":0},"down":{"uv":[1.5,5.0,0.0,7.0],"rotation":0,"texture":"#0","tintindex":0}}},{"from":[7.535817,7.638303,8.313131],"to":[8.4319315,10.874269,8.71692],"rotation":{"angle":-45.0,"axis":"x","origin":[8.002435,8.083097,8.51264]},"faces":{"east":{"uv":[12.0,3.5,9.75,4.25],"rotation":90,"texture":"#0","tintindex":0},"south":{"uv":[10.25,5.0,9.25,7.25],"rotation":0,"texture":"#0","tintindex":0},"north":{"uv":[7.0,3.5,6.0,5.0],"rotation":0,"texture":"#0","tintindex":0},"west":{"uv":[12.0,3.5,9.75,4.25],"rotation":90,"texture":"#0","tintindex":0},"up":{"uv":[10.5,7.5,9.5,8.5],"rotation":0,"texture":"#0","tintindex":0},"down":{"uv":[7.25,3.5,6.25,5.0],"rotation":0,"texture":"#0","tintindex":0}}}],"display":{"head":{"translation":[0.0,-6.4,0.0],"scale":[4.0,4.0,4.0]}}}