{"textures":{"0":"modelengine:entity/deer"},"elements":[{"from":[7.639143,6.6468,7.6078057],"to":[8.286337,8.3394575,8.354566],"rotation":{"angle":0.0,"axis":"y","origin":[7.11008,9.727268,8.050029]},"faces":{"east":{"uv":[1.0,5.25,0.0,7.0],"rotation":0,"texture":"#0","tintindex":0},"south":{"uv":[1.25,5.25,0.25,7.0],"rotation":0,"texture":"#0","tintindex":0},"north":{"uv":[1.0,5.25,0.0,7.0],"rotation":0,"texture":"#0","tintindex":0},"west":{"uv":[1.0,5.25,0.0,7.0],"rotation":0,"texture":"#0","tintindex":0},"up":{"uv":[1.0,5.25,0.0,7.0],"rotation":0,"texture":"#0","tintindex":0},"down":{"uv":[1.0,5.25,0.0,7.0],"rotation":0,"texture":"#0","tintindex":0}}},{"from":[7.5893598,5.0948744,7.3994856],"to":[8.33612,5.5927143,8.096463],"rotation":{"angle":0.0,"axis":"y","origin":[7.11008,9.727268,8.050029]},"faces":{"east":{"uv":[15.75,1.5,14.75,2.5],"rotation":0,"texture":"#0","tintindex":0},"south":{"uv":[15.75,1.5,14.75,2.5],"rotation":0,"texture":"#0","tintindex":0},"north":{"uv":[15.75,1.5,14.75,2.5],"rotation":0,"texture":"#0","tintindex":0},"west":{"uv":[15.75,1.5,14.75,2.5],"rotation":0,"texture":"#0","tintindex":0},"up":{"uv":[15.75,1.5,14.75,2.5],"rotation":0,"texture":"#0","tintindex":0},"down":{"uv":[15.75,1.5,14.75,2.5],"rotation":0,"texture":"#0","tintindex":0}}},{"from":[7.6889315,5.4021997,7.707371],"to":[8.236554,6.696583,8.254994],"rotation":{"angle":0.0,"axis":"y","origin":[7.11008,9.727268,8.050029]},"faces":{"east":{"uv":[7.25,5.5,6.25,7.25],"rotation":0,"texture":"#0","tintindex":0},"south":{"uv":[7.25,5.5,6.25,7.25],"rotation":0,"texture":"#0","tintindex":0},"north":{"uv":[7.25,5.5,6.25,7.25],"rotation":0,"texture":"#0","tintindex":0},"west":{"uv":[7.25,5.5,6.25,7.25],"rotation":0,"texture":"#0","tintindex":0},"up":{"uv":[7.25,5.5,6.25,7.25],"rotation":0,"texture":"#0","tintindex":0},"down":{"uv":[7.25,5.5,6.25,7.25],"rotation":0,"texture":"#0","tintindex":0}}}],"display":{"head":{"translation":[0.0,-6.4,0.0],"scale":[4.0,4.0,4.0]}}}