{"textures":{"0":"modelengine:entity/deer"},"elements":[{"from":[7.8711543,6.0127316,7.33792],"to":[8.617914,7.7053885,8.383383],"rotation":{"angle":-22.5,"axis":"x","origin":[7.3918743,7.9707484,8.624188]},"faces":{"east":{"uv":[16.0,3.5,15.25,5.0],"rotation":0,"texture":"#0","tintindex":0},"south":{"uv":[16.0,3.5,15.25,5.0],"rotation":0,"texture":"#0","tintindex":0},"north":{"uv":[16.0,3.5,15.25,5.0],"rotation":0,"texture":"#0","tintindex":0},"west":{"uv":[16.0,3.5,15.25,5.0],"rotation":0,"texture":"#0","tintindex":0},"up":{"uv":[16.0,3.5,15.25,5.0],"rotation":0,"texture":"#0","tintindex":0},"down":{"uv":[16.0,3.5,15.25,5.0],"rotation":0,"texture":"#0","tintindex":0}}},{"from":[7.920937,6.8519316,7.8610287],"to":[8.667703,7.99696,9.205194],"rotation":{"angle":22.5,"axis":"x","origin":[7.3918743,7.9707484,8.624188]},"faces":{"east":{"uv":[8.75,3.5,7.75,4.5],"rotation":0,"texture":"#0","tintindex":0},"south":{"uv":[8.75,3.5,7.75,4.5],"rotation":0,"texture":"#0","tintindex":0},"north":{"uv":[8.75,3.5,7.75,4.5],"rotation":0,"texture":"#0","tintindex":0},"west":{"uv":[8.75,3.5,7.75,4.5],"rotation":0,"texture":"#0","tintindex":0},"up":{"uv":[8.75,3.5,7.75,4.5],"rotation":0,"texture":"#0","tintindex":0},"down":{"uv":[8.75,3.5,7.75,4.5],"rotation":0,"texture":"#0","tintindex":0}}}],"display":{"head":{"translation":[0.0,-6.4,0.0],"scale":[4.0,4.0,4.0]}}}