{"textures":{"0":"modelengine:entity/deer"},"elements":[{"from":[7.030623,7.5328455,6.3081083],"to":[8.9722,9.063937,8.799034],"rotation":{"angle":0.0,"axis":"y","origin":[7.9452915,8.945383,6.4316854]},"faces":{"east":{"uv":[16.0,3.5,13.75,5.0],"rotation":0,"texture":"#0","tintindex":0},"south":{"uv":[7.5,3.5,9.0,5.0],"rotation":0,"texture":"#0","tintindex":0},"north":{"uv":[6.0,3.5,7.5,5.0],"rotation":0,"texture":"#0","tintindex":0},"west":{"uv":[12.0,3.5,9.75,5.0],"rotation":0,"texture":"#0","tintindex":0},"up":{"uv":[9.0,5.0,10.5,7.25],"rotation":0,"texture":"#0","tintindex":0},"down":{"uv":[6.0,7.25,7.5,5.0],"rotation":0,"texture":"#0","tintindex":0}}},{"from":[6.980834,7.384354,5.830166],"to":[9.021983,9.213291,7.3643885],"rotation":{"angle":0.0,"axis":"y","origin":[7.9452915,8.945383,6.4316854]},"faces":{"east":{"uv":[5.5,1.5,7.0,3.25],"rotation":0,"texture":"#0","tintindex":0},"south":{"uv":[9.0,0.0,11.0,1.75],"rotation":0,"texture":"#0","tintindex":0},"north":{"uv":[7.0,0.0,9.0,1.75],"rotation":0,"texture":"#0","tintindex":0},"west":{"uv":[12.75,1.5,14.25,3.25],"rotation":0,"texture":"#0","tintindex":0},"up":{"uv":[10.75,1.75,12.75,3.25],"rotation":0,"texture":"#0","tintindex":0},"down":{"uv":[7.25,5.75,6.25,7.25],"rotation":0,"texture":"#0","tintindex":0}}},{"from":[7.3293257,7.414194,5.150091],"to":[8.424571,9.405554,5.996423],"rotation":{"angle":-22.5,"axis":"x","origin":[7.9452915,8.945383,6.4316854]},"faces":{"east":{"uv":[7.0,3.5,6.0,4.75],"rotation":0,"texture":"#0","tintindex":0},"south":{"uv":[7.0,3.5,6.0,5.0],"rotation":0,"texture":"#0","tintindex":0},"north":{"uv":[7.25,5.0,6.25,7.25],"rotation":0,"texture":"#0","tintindex":0},"west":{"uv":[7.0,3.5,6.0,4.75],"rotation":0,"texture":"#0","tintindex":0},"up":{"uv":[10.5,7.5,9.5,8.5],"rotation":0,"texture":"#0","tintindex":0},"down":{"uv":[1.5,5.0,0.0,7.0],"rotation":0,"texture":"#0","tintindex":0}}},{"from":[7.5782456,7.6970057,8.496646],"to":[8.374788,8.733754,9.568177],"rotation":{"angle":0.0,"axis":"y","origin":[7.9452915,9.4814625,7.879154]},"faces":{"east":{"uv":[6.25,5.25,7.25,7.25],"rotation":0,"texture":"#0","tintindex":0},"south":{"uv":[6.25,5.25,7.25,7.25],"rotation":0,"texture":"#0","tintindex":0},"north":{"uv":[6.25,5.25,7.25,7.25],"rotation":0,"texture":"#0","tintindex":0},"west":{"uv":[6.25,5.25,7.25,7.25],"rotation":0,"texture":"#0","tintindex":0},"up":{"uv":[6.25,5.25,7.25,7.25],"rotation":0,"texture":"#0","tintindex":0},"down":{"uv":[6.25,5.25,7.25,7.25],"rotation":0,"texture":"#0","tintindex":0}}}],"display":{"head":{"translation":[0.0,-6.4,0.0],"scale":[4.0,4.0,4.0]}}}