{
  "variants": {
    "axis=x": [
	{
      "model": "minecraft:block/basalt",
      "x": 90,
      "y": 90
    },
	{
      "model": "minecraft:block/basalt1",
      "x": 90,
      "y": 90
    },
	{
      "model": "minecraft:block/basalt2",
      "x": 90,
      "y": 90
    },
	{
      "model": "minecraft:block/basalt3",
      "x": 90,
      "y": 90
    }
	],
    "axis=y": [
	{
      "model": "minecraft:block/basalt"
    },
	{
      "model": "minecraft:block/basalt1"
    },
	{
      "model": "minecraft:block/basalt2"
    },
	{
      "model": "minecraft:block/basalt3"
    }
	],
    "axis=z": [
	{
      "model": "minecraft:block/basalt",
      "x": 90
    },
	{
      "model": "minecraft:block/basalt1",
      "x": 90
    },
	{
      "model": "minecraft:block/basalt2",
      "x": 90
    },
	{
      "model": "minecraft:block/basalt3",
      "x": 90
    }
	]
  }
}