{
    "variants": {
        "age=0": { "model": "block/carrots_stage0" },
        "age=1": { "model": "block/carrots_stage0" },
        "age=2": { "model": "block/carrots_stage1" },
        "age=3": { "model": "block/carrots_stage1" },
        "age=4": { "model": "block/carrots_stage2" },
        "age=5": { "model": "block/carrots_stage2" },
        "age=6": { "model": "block/carrots_stage2" },
        "age=7": [ { "model": "block/carrots_stage3" }, { "model": "block/carrots_stage31" }, { "model": "block/carrots_stage32" }, { "model": "block/carrots_stage33" } ]
    }
}
