{"textures":{"0":"modelengine:entity/chomeicloak"},"elements":[{"from":[7.9857144,8.0,6.757143],"to":[8.014286,14.857143,6.785714],"rotation":{"angle":0.0,"axis":"y","origin":[8.0,1.1428566,8.0]},"faces":{"east":{"uv":[9.25,0.75,9.75,1.25],"rotation":0,"texture":"#0","tintindex":0},"south":{"uv":[9.25,0.75,9.75,1.25],"rotation":0,"texture":"#0","tintindex":0},"north":{"uv":[9.25,0.75,9.75,1.25],"rotation":0,"texture":"#0","tintindex":0},"west":{"uv":[9.25,0.75,9.75,1.25],"rotation":0,"texture":"#0","tintindex":0},"up":{"uv":[9.25,0.75,9.75,1.25],"rotation":0,"texture":"#0","tintindex":0},"down":{"uv":[9.25,0.75,9.75,1.25],"rotation":0,"texture":"#0","tintindex":0}}},{"from":[5.714286,8.0,6.857143],"to":[10.285714,14.857143,9.142858],"rotation":{"angle":0.0,"axis":"y","origin":[8.0,1.1428566,8.0]},"faces":{"east":{"uv":[0.0,5.0,1.0,8.0],"rotation":0,"texture":"#0","tintindex":0},"south":{"uv":[4.0,5.0,6.0,8.0],"rotation":0,"texture":"#0","tintindex":0},"north":{"uv":[1.0,5.0,3.0,8.0],"rotation":0,"texture":"#0","tintindex":0},"west":{"uv":[3.0,5.0,4.0,8.0],"rotation":0,"texture":"#0","tintindex":0},"up":{"uv":[5.0,4.0,7.0,5.0],"rotation":0,"texture":"#0","tintindex":0},"down":{"uv":[3.0,4.0,5.0,5.0],"rotation":0,"texture":"#0","tintindex":0}}},{"from":[5.6285715,8.0,6.785714],"to":[10.3714285,14.857143,9.214286],"rotation":{"angle":0.0,"axis":"y","origin":[8.0,1.1428566,8.0]},"faces":{"east":{"uv":[7.0,5.0,8.0,8.0],"rotation":0,"texture":"#0","tintindex":0},"south":{"uv":[8.0,5.0,10.0,8.0],"rotation":0,"texture":"#0","tintindex":0},"north":{"uv":[5.0,5.0,7.0,8.0],"rotation":0,"texture":"#0","tintindex":0},"west":{"uv":[4.0,5.0,5.0,8.0],"rotation":0,"texture":"#0","tintindex":0},"up":{"uv":[5.0,4.0,7.0,5.0],"rotation":0,"texture":"#0","tintindex":0},"down":{"uv":[5.0,4.0,7.0,5.0],"rotation":0,"texture":"#0","tintindex":0}}}],"display":{"head":{"translation":[0.0,-6.4,0.0],"scale":[4.0,4.0,4.0]}}}