{"textures":{"0":"modelengine:entity/chomeicloak"},"elements":[{"from":[5.714286,8.0,5.714286],"to":[10.285714,12.571428,10.285714],"rotation":{"angle":0.0,"axis":"y","origin":[8.0,-5.714287,8.0]},"faces":{"east":{"uv":[0.0,2.0,2.0,4.0],"rotation":0,"texture":"#0","tintindex":0},"south":{"uv":[6.0,2.0,8.0,4.0],"rotation":0,"texture":"#0","tintindex":0},"north":{"uv":[2.0,2.0,4.0,4.0],"rotation":0,"texture":"#0","tintindex":0},"west":{"uv":[4.0,2.0,6.0,4.0],"rotation":0,"texture":"#0","tintindex":0},"up":{"uv":[2.0,0.0,4.0,2.0],"rotation":0,"texture":"#0","tintindex":0},"down":{"uv":[4.0,0.0,6.0,2.0],"rotation":0,"texture":"#0","tintindex":0}}},{"from":[5.428571,8.0,5.428571],"to":[10.571428,12.857143,10.571428],"rotation":{"angle":0.0,"axis":"y","origin":[8.0,-5.714287,8.0]},"faces":{"east":{"uv":[12.0,2.0,14.0,4.0],"rotation":0,"texture":"#0","tintindex":0},"south":{"uv":[14.0,2.0,16.0,4.0],"rotation":0,"texture":"#0","tintindex":0},"north":{"uv":[10.0,2.0,12.0,4.0],"rotation":0,"texture":"#0","tintindex":0},"west":{"uv":[8.0,2.0,10.0,4.0],"rotation":0,"texture":"#0","tintindex":0},"up":{"uv":[10.0,0.0,12.0,2.0],"rotation":0,"texture":"#0","tintindex":0},"down":{"uv":[12.0,0.0,14.0,2.0],"rotation":0,"texture":"#0","tintindex":0}}},{"from":[7.9857144,8.0,5.3714285],"to":[8.014286,9.142858,5.3999996],"rotation":{"angle":0.0,"axis":"y","origin":[8.0,-5.714287,8.0]},"faces":{"east":{"uv":[9.25,0.75,9.75,1.25],"rotation":0,"texture":"#0","tintindex":0},"south":{"uv":[9.25,0.75,9.75,1.25],"rotation":0,"texture":"#0","tintindex":0},"north":{"uv":[9.25,0.75,9.75,1.25],"rotation":0,"texture":"#0","tintindex":0},"west":{"uv":[9.25,0.75,9.75,1.25],"rotation":0,"texture":"#0","tintindex":0},"up":{"uv":[9.25,0.75,9.75,1.25],"rotation":0,"texture":"#0","tintindex":0},"down":{"uv":[9.25,0.75,9.75,1.25],"rotation":0,"texture":"#0","tintindex":0}}},{"from":[7.9857144,7.9714284,5.3714285],"to":[8.014286,8.0,7.6571426],"rotation":{"angle":0.0,"axis":"y","origin":[8.0,-5.714287,8.0]},"faces":{"east":{"uv":[9.25,0.75,9.75,1.25],"rotation":0,"texture":"#0","tintindex":0},"south":{"uv":[9.25,0.75,9.75,1.25],"rotation":0,"texture":"#0","tintindex":0},"north":{"uv":[9.25,0.75,9.75,1.25],"rotation":0,"texture":"#0","tintindex":0},"west":{"uv":[9.25,0.75,9.75,1.25],"rotation":0,"texture":"#0","tintindex":0},"up":{"uv":[9.25,0.75,9.75,1.25],"rotation":0,"texture":"#0","tintindex":0},"down":{"uv":[9.25,0.75,9.75,1.25],"rotation":0,"texture":"#0","tintindex":0}}}],"display":{"head":{"translation":[0.0,-6.4,0.0],"scale":[4.0,4.0,4.0]}}}