{"textures":{"0":"modelengine:entity/chomeicloak"},"elements":[{"from":[7.1857142,6.785714,6.785714],"to":[7.6142855,7.957143,6.928571],"rotation":{"angle":22.5,"axis":"z","origin":[8.3714285,7.428571,6.857143]},"faces":{"east":{"uv":[9.25,0.0,9.75,0.5],"rotation":0,"texture":"#0","tintindex":0},"south":{"uv":[9.25,0.0,9.75,0.5],"rotation":0,"texture":"#0","tintindex":0},"north":{"uv":[9.25,0.0,9.75,0.5],"rotation":0,"texture":"#0","tintindex":0},"west":{"uv":[9.25,0.75,9.75,1.25],"rotation":0,"texture":"#0","tintindex":0},"up":{"uv":[9.25,0.0,9.75,0.5],"rotation":0,"texture":"#0","tintindex":0},"down":{"uv":[9.25,0.0,9.75,0.5],"rotation":0,"texture":"#0","tintindex":0}}},{"from":[7.0714283,7.4142857,6.785714],"to":[7.5571427,8.071428,6.928571],"rotation":{"angle":0.0,"axis":"y","origin":[6.857143,4.5714283,8.0]},"faces":{"east":{"uv":[9.25,0.0,9.75,0.5],"rotation":0,"texture":"#0","tintindex":0},"south":{"uv":[9.25,0.0,9.75,0.5],"rotation":0,"texture":"#0","tintindex":0},"north":{"uv":[9.25,0.0,9.75,0.5],"rotation":0,"texture":"#0","tintindex":0},"west":{"uv":[9.25,0.75,9.75,1.25],"rotation":0,"texture":"#0","tintindex":0},"up":{"uv":[9.25,0.0,9.75,0.5],"rotation":0,"texture":"#0","tintindex":0},"down":{"uv":[9.25,0.0,9.75,0.5],"rotation":0,"texture":"#0","tintindex":0}}},{"from":[7.06,6.285714,6.757143],"to":[7.0885715,7.428571,6.785714],"rotation":{"angle":22.5,"axis":"z","origin":[7.0857143,7.428571,6.7714286]},"faces":{"east":{"uv":[9.25,0.75,9.75,1.25],"rotation":0,"texture":"#0","tintindex":0},"south":{"uv":[9.25,0.75,9.75,1.25],"rotation":0,"texture":"#0","tintindex":0},"north":{"uv":[9.25,0.75,9.75,1.25],"rotation":0,"texture":"#0","tintindex":0},"west":{"uv":[9.25,0.75,9.75,1.25],"rotation":0,"texture":"#0","tintindex":0},"up":{"uv":[9.25,0.75,9.75,1.25],"rotation":0,"texture":"#0","tintindex":0},"down":{"uv":[9.25,0.75,9.75,1.25],"rotation":0,"texture":"#0","tintindex":0}}},{"from":[7.497143,5.6485715,6.757143],"to":[7.5257144,6.3914285,6.785714],"rotation":{"angle":0.0,"axis":"y","origin":[6.857143,4.5714283,8.0]},"faces":{"east":{"uv":[9.25,0.75,9.75,1.25],"rotation":0,"texture":"#0","tintindex":0},"south":{"uv":[9.25,0.75,9.75,1.25],"rotation":0,"texture":"#0","tintindex":0},"north":{"uv":[9.25,0.75,9.75,1.25],"rotation":0,"texture":"#0","tintindex":0},"west":{"uv":[9.25,0.75,9.75,1.25],"rotation":0,"texture":"#0","tintindex":0},"up":{"uv":[9.25,0.75,9.75,1.25],"rotation":0,"texture":"#0","tintindex":0},"down":{"uv":[9.25,0.75,9.75,1.25],"rotation":0,"texture":"#0","tintindex":0}}},{"from":[7.06,7.42,6.757143],"to":[7.0885715,8.048572,6.785714],"rotation":{"angle":0.0,"axis":"y","origin":[6.857143,4.5714283,8.0]},"faces":{"east":{"uv":[9.25,0.75,9.75,1.25],"rotation":0,"texture":"#0","tintindex":0},"south":{"uv":[9.25,0.75,9.75,1.25],"rotation":0,"texture":"#0","tintindex":0},"north":{"uv":[9.25,0.75,9.75,1.25],"rotation":0,"texture":"#0","tintindex":0},"west":{"uv":[9.25,0.75,9.75,1.25],"rotation":0,"texture":"#0","tintindex":0},"up":{"uv":[9.25,0.75,9.75,1.25],"rotation":0,"texture":"#0","tintindex":0},"down":{"uv":[9.25,0.75,9.75,1.25],"rotation":0,"texture":"#0","tintindex":0}}},{"from":[6.857143,4.5714283,6.857143],"to":[9.142858,8.0,9.142858],"rotation":{"angle":0.0,"axis":"y","origin":[6.857143,4.5714283,8.0]},"faces":{"east":{"uv":[6.0,14.5,7.0,16.0],"rotation":0,"texture":"#0","tintindex":0},"south":{"uv":[6.0,14.5,5.0,16.0],"rotation":0,"texture":"#0","tintindex":0},"north":{"uv":[6.0,14.5,5.0,16.0],"rotation":0,"texture":"#0","tintindex":0},"west":{"uv":[4.0,14.5,5.0,16.0],"rotation":0,"texture":"#0","tintindex":0},"up":{"uv":[5.0,12.0,6.0,13.0],"rotation":0,"texture":"#0","tintindex":0},"down":{"uv":[6.0,12.0,7.0,13.0],"rotation":0,"texture":"#0","tintindex":0}}},{"from":[6.785714,5.642857,9.071428],"to":[9.214286,8.071428,9.214286],"rotation":{"angle":0.0,"axis":"y","origin":[6.857143,4.5714283,8.0]},"faces":{"east":{"uv":[9.25,0.0,9.75,0.5],"rotation":0,"texture":"#0","tintindex":0},"south":{"uv":[9.25,0.0,9.75,0.5],"rotation":0,"texture":"#0","tintindex":0},"north":{"uv":[9.25,0.0,9.75,0.5],"rotation":0,"texture":"#0","tintindex":0},"west":{"uv":[9.25,0.0,9.75,0.5],"rotation":0,"texture":"#0","tintindex":0},"up":{"uv":[9.25,0.0,9.75,0.5],"rotation":0,"texture":"#0","tintindex":0},"down":{"uv":[9.25,0.0,9.75,0.5],"rotation":0,"texture":"#0","tintindex":0}}},{"from":[9.071428,5.642857,6.785714],"to":[9.214286,8.071428,9.214286],"rotation":{"angle":0.0,"axis":"y","origin":[6.857143,4.5714283,8.0]},"faces":{"east":{"uv":[9.25,0.0,9.75,0.5],"rotation":0,"texture":"#0","tintindex":0},"south":{"uv":[9.25,0.0,9.75,0.5],"rotation":0,"texture":"#0","tintindex":0},"north":{"uv":[9.25,0.0,9.75,0.5],"rotation":0,"texture":"#0","tintindex":0},"west":{"uv":[9.25,0.0,9.75,0.5],"rotation":0,"texture":"#0","tintindex":0},"up":{"uv":[9.25,0.0,9.75,0.5],"rotation":0,"texture":"#0","tintindex":0},"down":{"uv":[9.25,0.0,9.75,0.5],"rotation":0,"texture":"#0","tintindex":0}}},{"from":[7.5285716,5.642857,6.785714],"to":[9.214286,8.071428,6.928571],"rotation":{"angle":0.0,"axis":"y","origin":[6.857143,4.5714283,8.0]},"faces":{"east":{"uv":[9.25,0.0,9.75,0.5],"rotation":0,"texture":"#0","tintindex":0},"south":{"uv":[9.25,0.0,9.75,0.5],"rotation":0,"texture":"#0","tintindex":0},"north":{"uv":[9.25,0.0,9.75,0.5],"rotation":0,"texture":"#0","tintindex":0},"west":{"uv":[9.25,0.75,9.75,1.25],"rotation":0,"texture":"#0","tintindex":0},"up":{"uv":[9.25,0.0,9.75,0.5],"rotation":0,"texture":"#0","tintindex":0},"down":{"uv":[9.25,0.0,9.75,0.5],"rotation":0,"texture":"#0","tintindex":0}}}],"display":{"head":{"translation":[0.0,-6.4,0.0],"scale":[4.0,4.0,4.0]}}}