{"textures":{"0":"modelengine:entity/chomeicloak"},"elements":[{"from":[6.857143,4.5714283,6.857143],"to":[9.142858,8.0,9.142858],"rotation":{"angle":0.0,"axis":"y","origin":[4.5714283,-2.285715,8.0]},"faces":{"east":{"uv":[10.0,6.5,11.0,8.0],"rotation":0,"texture":"#0","tintindex":0},"south":{"uv":[13.0,6.5,14.0,8.0],"rotation":0,"texture":"#0","tintindex":0},"north":{"uv":[11.0,6.5,12.0,8.0],"rotation":0,"texture":"#0","tintindex":0},"west":{"uv":[12.0,6.5,13.0,8.0],"rotation":0,"texture":"#0","tintindex":0},"up":{"uv":[9.0,6.5,10.0,7.5],"rotation":0,"texture":"#0","tintindex":0},"down":{"uv":[12.0,4.0,13.0,5.0],"rotation":0,"texture":"#0","tintindex":0}}},{"from":[6.785714,5.642857,6.785714],"to":[9.214286,8.071428,9.214286],"rotation":{"angle":0.0,"axis":"y","origin":[4.5714283,-2.285715,8.0]},"faces":{"east":{"uv":[10.0,6.5,11.0,7.5],"rotation":0,"texture":"#0","tintindex":0},"south":{"uv":[13.0,6.5,14.0,7.5],"rotation":0,"texture":"#0","tintindex":0},"north":{"uv":[11.0,6.5,12.0,7.5],"rotation":0,"texture":"#0","tintindex":0},"west":{"uv":[12.0,6.5,13.0,7.5],"rotation":0,"texture":"#0","tintindex":0},"up":{"uv":[9.25,0.0,9.75,0.5],"rotation":0,"texture":"#0","tintindex":0},"down":{"uv":[9.25,0.0,9.75,0.5],"rotation":0,"texture":"#0","tintindex":0}}}],"display":{"head":{"translation":[0.0,-6.4,0.0],"scale":[4.0,4.0,4.0]}}}