{"textures":{"0":"modelengine:entity/roc"},"elements":[{"from":[6.831526,4.848028,6.3033085],"to":[9.836709,7.63856,9.308492],"rotation":{"angle":-22.5,"axis":"x","origin":[7.4754915,4.848028,3.7274342]},"faces":{"east":{"uv":[0.0,3.75,3.5,0.0],"rotation":180,"texture":"#0","tintindex":0},"south":{"uv":[0.0,3.75,3.5,0.0],"rotation":180,"texture":"#0","tintindex":0},"north":{"uv":[0.0,3.75,3.5,0.0],"rotation":180,"texture":"#0","tintindex":0},"west":{"uv":[0.0,3.75,3.5,0.0],"rotation":180,"texture":"#0","tintindex":0},"up":{"uv":[0.0,3.75,3.5,0.0],"rotation":180,"texture":"#0","tintindex":0},"down":{"uv":[0.0,3.75,3.5,0.0],"rotation":180,"texture":"#0","tintindex":0}}},{"from":[7.4754915,4.7371254,4.0538225],"to":[8.9780855,6.4543715,7.0590057],"rotation":{"angle":-22.5,"axis":"x","origin":[7.4754915,3.9894056,1.7955313]},"faces":{"east":{"uv":[4.0,1.5,5.75,0.0],"rotation":180,"texture":"#0","tintindex":0},"south":{"uv":[4.0,1.5,5.75,0.0],"rotation":180,"texture":"#0","tintindex":0},"north":{"uv":[4.0,1.5,5.75,0.0],"rotation":180,"texture":"#0","tintindex":0},"west":{"uv":[4.0,1.5,5.75,0.0],"rotation":180,"texture":"#0","tintindex":0},"up":{"uv":[4.0,1.5,5.75,0.0],"rotation":180,"texture":"#0","tintindex":0},"down":{"uv":[4.0,1.5,5.75,0.0],"rotation":180,"texture":"#0","tintindex":0}}},{"from":[7.260834,4.2394743,6.647937],"to":[9.192743,5.95672,8.461183],"rotation":{"angle":-45.0,"axis":"x","origin":[7.4754915,3.34544,4.5860567]},"faces":{"east":{"uv":[4.0,1.25,5.5,0.0],"rotation":180,"texture":"#0","tintindex":0},"south":{"uv":[4.0,1.25,5.5,0.0],"rotation":180,"texture":"#0","tintindex":0},"north":{"uv":[4.0,2.0,6.25,0.0],"rotation":180,"texture":"#0","tintindex":0},"west":{"uv":[4.0,1.25,5.5,0.0],"rotation":180,"texture":"#0","tintindex":0},"up":{"uv":[4.0,1.25,5.5,0.0],"rotation":180,"texture":"#0","tintindex":0},"down":{"uv":[4.0,1.25,5.5,0.0],"rotation":180,"texture":"#0","tintindex":0}}},{"from":[7.6901484,3.166194,6.9585943],"to":[8.763429,4.024817,9.105154],"rotation":{"angle":-45.0,"axis":"x","origin":[7.4754915,1.4135308,3.9420915]},"faces":{"east":{"uv":[4.0,1.25,6.5,0.0],"rotation":180,"texture":"#0","tintindex":0},"south":{"uv":[4.0,1.25,6.5,0.0],"rotation":180,"texture":"#0","tintindex":0},"north":{"uv":[4.0,1.25,6.5,0.0],"rotation":180,"texture":"#0","tintindex":0},"west":{"uv":[4.0,1.25,6.5,0.0],"rotation":180,"texture":"#0","tintindex":0},"up":{"uv":[4.0,1.75,5.5,0.0],"rotation":180,"texture":"#0","tintindex":0},"down":{"uv":[4.0,1.75,5.5,0.0],"rotation":180,"texture":"#0","tintindex":0}}},{"from":[7.9048057,3.0198798,4.6977882],"to":[8.548772,3.6638455,5.9857254],"rotation":{"angle":-22.5,"axis":"x","origin":[7.4754915,1.1988797,0.5075941]},"faces":{"east":{"uv":[4.0,0.75,5.75,0.0],"rotation":180,"texture":"#0","tintindex":0},"south":{"uv":[4.0,0.75,4.75,0.0],"rotation":180,"texture":"#0","tintindex":0},"north":{"uv":[4.0,0.75,4.75,0.0],"rotation":180,"texture":"#0","tintindex":0},"west":{"uv":[4.0,0.75,5.75,0.0],"rotation":180,"texture":"#0","tintindex":0},"up":{"uv":[4.0,0.75,5.75,0.0],"rotation":90,"texture":"#0","tintindex":0},"down":{"uv":[4.0,0.75,5.75,0.0],"rotation":90,"texture":"#0","tintindex":0}}},{"from":[7.6901484,2.9515367,5.2413425],"to":[8.763429,4.2394743,6.314623],"rotation":{"angle":-45.0,"axis":"x","origin":[7.4754915,1.6281881,1.580874]},"faces":{"east":{"uv":[4.0,1.0,4.75,0.0],"rotation":180,"texture":"#0","tintindex":0},"south":{"uv":[4.0,1.0,4.75,0.0],"rotation":180,"texture":"#0","tintindex":0},"north":{"uv":[4.0,1.0,4.75,0.0],"rotation":180,"texture":"#0","tintindex":0},"west":{"uv":[4.0,1.0,4.75,0.0],"rotation":180,"texture":"#0","tintindex":0},"up":{"uv":[4.0,1.0,4.75,0.0],"rotation":180,"texture":"#0","tintindex":0},"down":{"uv":[4.0,1.0,4.75,0.0],"rotation":180,"texture":"#0","tintindex":0}}},{"from":[7.9048057,4.4257197,2.485331],"to":[8.548772,5.9283085,3.3439598],"rotation":{"angle":0.0,"axis":"y","origin":[7.4754915,3.5600915,-1.4243088]},"faces":{"east":{"uv":[4.0,1.25,4.75,0.0],"rotation":180,"texture":"#0","tintindex":0},"south":{"uv":[4.0,1.25,4.75,0.0],"rotation":180,"texture":"#0","tintindex":0},"north":{"uv":[4.0,1.25,4.75,0.0],"rotation":180,"texture":"#0","tintindex":0},"west":{"uv":[4.0,1.25,4.75,0.0],"rotation":180,"texture":"#0","tintindex":0},"up":{"uv":[4.0,1.25,4.75,0.0],"rotation":180,"texture":"#0","tintindex":0},"down":{"uv":[4.0,1.25,4.75,0.0],"rotation":180,"texture":"#0","tintindex":0}}},{"from":[6.8088684,4.7520285,6.088651],"to":[9.859365,7.6932116,9.308492],"rotation":{"angle":-22.5,"axis":"x","origin":[7.4754915,4.848028,3.7274342]},"faces":{"east":{"uv":[6.25,6.5,8.0,3.75],"rotation":180,"texture":"#0","tintindex":0},"south":{"uv":[6.25,6.5,8.0,3.75],"rotation":180,"texture":"#0","tintindex":0},"north":{"uv":[6.25,6.5,8.0,3.75],"rotation":180,"texture":"#0","tintindex":0},"west":{"uv":[6.25,6.5,8.0,3.75],"rotation":180,"texture":"#0","tintindex":0},"up":{"uv":[6.25,6.5,8.0,3.75],"rotation":180,"texture":"#0","tintindex":0},"down":{"uv":[6.25,6.5,8.0,3.75],"rotation":180,"texture":"#0","tintindex":0}}},{"from":[6.1688685,4.5280285,7.6566515],"to":[10.499366,8.013211,9.308492],"rotation":{"angle":-22.5,"axis":"x","origin":[7.4754915,4.848028,3.7274342]},"faces":{"east":{"uv":[6.75,6.5,8.0,3.75],"rotation":180,"texture":"#0","tintindex":0},"south":{"uv":[6.25,6.5,8.0,3.75],"rotation":180,"texture":"#0","tintindex":0},"north":{"uv":[6.25,6.5,8.0,3.75],"rotation":180,"texture":"#0","tintindex":0},"west":{"uv":[6.75,6.75,8.0,4.0],"rotation":180,"texture":"#0","tintindex":0},"up":{"uv":[5.75,4.75,8.0,3.75],"rotation":180,"texture":"#0","tintindex":0},"down":{"uv":[6.0,4.5,7.75,3.75],"rotation":180,"texture":"#0","tintindex":0}}},{"from":[6.8728685,5.232177,5.355451],"to":[9.6353655,7.59736,8.575292],"rotation":{"angle":-22.5,"axis":"x","origin":[7.4754915,4.848028,3.7274342]},"faces":{"east":{"uv":[6.0,5.75,8.0,3.75],"rotation":180,"texture":"#0","tintindex":0},"south":{"uv":[6.25,6.5,8.0,3.75],"rotation":180,"texture":"#0","tintindex":0},"north":{"uv":[6.25,5.5,8.0,3.75],"rotation":180,"texture":"#0","tintindex":0},"west":{"uv":[6.0,5.75,8.0,3.75],"rotation":180,"texture":"#0","tintindex":0},"up":{"uv":[6.25,6.5,8.0,3.75],"rotation":180,"texture":"#0","tintindex":0},"down":{"uv":[6.25,6.5,8.0,3.75],"rotation":180,"texture":"#0","tintindex":0}}},{"from":[6.509543,7.693823,5.0014286],"to":[7.1535087,8.337789,6.289366],"rotation":{"angle":-22.5,"axis":"x","origin":[6.6168685,7.8532114,6.088651]},"faces":{"east":{"uv":[0.0,3.75,3.5,0.0],"rotation":180,"texture":"#0","tintindex":0},"south":{"uv":[14.0,4.75,15.0,4.0],"rotation":180,"texture":"#0","tintindex":0},"north":{"uv":[15.75,4.75,15.0,4.0],"rotation":180,"texture":"#0","tintindex":0},"west":{"uv":[14.0,4.75,15.75,4.0],"rotation":180,"texture":"#0","tintindex":0},"up":{"uv":[0.0,3.75,3.5,0.0],"rotation":180,"texture":"#0","tintindex":0},"down":{"uv":[0.0,3.75,3.5,0.0],"rotation":180,"texture":"#0","tintindex":0}}},{"from":[9.322725,7.693823,5.0014286],"to":[9.966692,8.337789,6.289366],"rotation":{"angle":-22.5,"axis":"x","origin":[10.051366,7.8532114,6.088651]},"faces":{"east":{"uv":[15.75,4.75,14.0,4.0],"rotation":180,"texture":"#0","tintindex":0},"south":{"uv":[14.0,4.75,15.0,4.0],"rotation":180,"texture":"#0","tintindex":0},"north":{"uv":[15.0,4.75,15.75,4.0],"rotation":180,"texture":"#0","tintindex":0},"west":{"uv":[0.0,3.75,3.5,0.0],"rotation":180,"texture":"#0","tintindex":0},"up":{"uv":[0.0,3.75,3.5,0.0],"rotation":180,"texture":"#0","tintindex":0},"down":{"uv":[0.0,3.75,3.5,0.0],"rotation":180,"texture":"#0","tintindex":0}}},{"from":[6.2948856,8.337789,4.7867713],"to":[7.3681655,8.98176,6.718674],"rotation":{"angle":-22.5,"axis":"x","origin":[6.6168685,7.8532114,6.088651]},"faces":{"east":{"uv":[6.5,4.5,8.0,3.75],"rotation":180,"texture":"#0","tintindex":0},"south":{"uv":[6.75,4.5,8.0,3.75],"rotation":180,"texture":"#0","tintindex":0},"north":{"uv":[6.75,4.5,8.0,3.75],"rotation":180,"texture":"#0","tintindex":0},"west":{"uv":[6.5,4.5,8.0,3.75],"rotation":180,"texture":"#0","tintindex":0},"up":{"uv":[7.0,6.0,8.0,4.5],"rotation":180,"texture":"#0","tintindex":0},"down":{"uv":[7.0,6.0,8.0,4.5],"rotation":180,"texture":"#0","tintindex":0}}},{"from":[9.300069,8.337789,4.7867713],"to":[10.373348,8.98176,6.718674],"rotation":{"angle":-22.5,"axis":"x","origin":[10.051366,7.8532114,6.088651]},"faces":{"east":{"uv":[6.75,4.5,8.0,3.75],"rotation":180,"texture":"#0","tintindex":0},"south":{"uv":[6.75,4.5,8.0,3.75],"rotation":180,"texture":"#0","tintindex":0},"north":{"uv":[6.75,4.5,8.0,3.75],"rotation":180,"texture":"#0","tintindex":0},"west":{"uv":[6.75,4.5,8.0,3.75],"rotation":180,"texture":"#0","tintindex":0},"up":{"uv":[6.75,4.5,8.0,3.75],"rotation":180,"texture":"#0","tintindex":0},"down":{"uv":[6.75,4.5,8.0,3.75],"rotation":180,"texture":"#0","tintindex":0}}},{"from":[6.2948856,7.2645087,5.430737],"to":[7.3681655,7.90848,7.3626456],"rotation":{"angle":-22.5,"axis":"x","origin":[6.6168685,6.7799315,6.732617]},"faces":{"east":{"uv":[6.75,4.5,8.0,3.75],"rotation":180,"texture":"#0","tintindex":0},"south":{"uv":[6.75,4.5,8.0,3.75],"rotation":180,"texture":"#0","tintindex":0},"north":{"uv":[6.75,4.5,8.0,3.75],"rotation":180,"texture":"#0","tintindex":0},"west":{"uv":[6.75,4.5,8.0,3.75],"rotation":180,"texture":"#0","tintindex":0},"up":{"uv":[6.75,4.5,8.0,3.75],"rotation":180,"texture":"#0","tintindex":0},"down":{"uv":[6.75,4.5,8.0,3.75],"rotation":180,"texture":"#0","tintindex":0}}},{"from":[9.300069,7.2645087,5.430737],"to":[10.373348,7.90848,7.3626456],"rotation":{"angle":-22.5,"axis":"x","origin":[10.051366,6.7799315,6.732617]},"faces":{"east":{"uv":[6.75,4.5,8.0,3.75],"rotation":180,"texture":"#0","tintindex":0},"south":{"uv":[6.75,4.5,8.0,3.75],"rotation":180,"texture":"#0","tintindex":0},"north":{"uv":[6.75,4.5,8.0,3.75],"rotation":180,"texture":"#0","tintindex":0},"west":{"uv":[6.75,4.5,8.0,3.75],"rotation":180,"texture":"#0","tintindex":0},"up":{"uv":[6.75,4.5,8.0,3.75],"rotation":180,"texture":"#0","tintindex":0},"down":{"uv":[6.75,4.5,8.0,3.75],"rotation":180,"texture":"#0","tintindex":0}}}],"display":{"head":{"translation":[0.0,-6.4,0.0],"scale":[4.0,4.0,4.0]}}}