{"textures":{"0":"modelengine:entity/roc"},"elements":[{"from":[-1.8214388,8.273794,1.0380111],"to":[11.745476,8.273794,14.872989],"rotation":{"angle":0.0,"axis":"y","origin":[-6.8609943,12.087572,17.9596]},"faces":{"east":{"uv":[0.0,3.75,3.5,0.0],"rotation":180,"texture":"#0","tintindex":0},"south":{"uv":[0.0,3.75,3.5,0.0],"rotation":180,"texture":"#0","tintindex":0},"north":{"uv":[0.0,3.75,3.5,0.0],"rotation":180,"texture":"#0","tintindex":0},"west":{"uv":[0.0,3.75,3.5,0.0],"rotation":180,"texture":"#0","tintindex":0},"up":{"uv":[16.0,16.0,8.0,7.25],"rotation":180,"texture":"#0","tintindex":0},"down":{"uv":[16.0,7.25,8.0,16.0],"rotation":180,"texture":"#0","tintindex":0}}},{"from":[-16.0,8.273794,1.0748739],"to":[-1.7128906,8.273794,14.845852],"rotation":{"angle":0.0,"axis":"y","origin":[-6.8609943,12.087572,32.246704]},"faces":{"east":{"uv":[0.0,3.75,3.5,0.0],"rotation":180,"texture":"#0","tintindex":0},"south":{"uv":[0.0,3.75,3.5,0.0],"rotation":180,"texture":"#0","tintindex":0},"north":{"uv":[0.0,3.75,3.5,0.0],"rotation":180,"texture":"#0","tintindex":0},"west":{"uv":[0.0,3.75,3.5,0.0],"rotation":180,"texture":"#0","tintindex":0},"up":{"uv":[8.0,16.0,0.0,7.25],"rotation":180,"texture":"#0","tintindex":0},"down":{"uv":[8.0,7.25,0.0,16.0],"rotation":180,"texture":"#0","tintindex":0}}},{"from":[6.2218585,6.85104,7.0994287],"to":[11.341859,8.77104,8.699429],"rotation":{"angle":0.0,"axis":"y","origin":[9.042852,21.626434,2.6194282]},"faces":{"east":{"uv":[0.0,0.0,2.5,1.0],"rotation":0,"texture":"#0","tintindex":0},"south":{"uv":[0.0,0.0,2.5,1.0],"rotation":0,"texture":"#0","tintindex":0},"north":{"uv":[0.0,0.0,2.5,1.0],"rotation":0,"texture":"#0","tintindex":0},"west":{"uv":[0.0,0.0,2.5,1.0],"rotation":0,"texture":"#0","tintindex":0},"up":{"uv":[0.0,0.0,2.5,1.0],"rotation":0,"texture":"#0","tintindex":0},"down":{"uv":[0.0,0.0,2.5,1.0],"rotation":0,"texture":"#0","tintindex":0}}},{"from":[0.9418583,7.17104,5.0194283],"to":[6.0618587,8.77104,6.6194286],"rotation":{"angle":-45.0,"axis":"y","origin":[3.661858,8.29104,7.8994284]},"faces":{"east":{"uv":[0.0,0.0,2.5,1.0],"rotation":0,"texture":"#0","tintindex":0},"south":{"uv":[0.0,0.0,2.5,1.0],"rotation":0,"texture":"#0","tintindex":0},"north":{"uv":[0.0,0.0,2.5,1.0],"rotation":0,"texture":"#0","tintindex":0},"west":{"uv":[0.0,0.0,2.5,1.0],"rotation":0,"texture":"#0","tintindex":0},"up":{"uv":[0.0,0.0,2.5,1.0],"rotation":0,"texture":"#0","tintindex":0},"down":{"uv":[0.0,0.0,2.5,1.0],"rotation":0,"texture":"#0","tintindex":0}}},{"from":[-3.474142,7.49104,5.0194283],"to":[0.9418583,8.77104,6.6194286],"rotation":{"angle":-45.0,"axis":"y","origin":[3.661858,8.29104,7.8994284]},"faces":{"east":{"uv":[0.0,0.0,2.5,1.0],"rotation":0,"texture":"#0","tintindex":0},"south":{"uv":[0.0,0.0,2.5,1.0],"rotation":0,"texture":"#0","tintindex":0},"north":{"uv":[0.0,0.0,2.5,1.0],"rotation":0,"texture":"#0","tintindex":0},"west":{"uv":[0.0,0.0,2.5,1.0],"rotation":0,"texture":"#0","tintindex":0},"up":{"uv":[0.0,0.0,2.5,1.0],"rotation":0,"texture":"#0","tintindex":0},"down":{"uv":[0.0,0.0,2.5,1.0],"rotation":0,"texture":"#0","tintindex":0}}},{"from":[-3.7621412,7.81104,0.8594279],"to":[0.6538582,8.77104,2.4594283],"rotation":{"angle":0.0,"axis":"y","origin":[3.661858,8.29104,7.8994284]},"faces":{"east":{"uv":[0.0,0.0,2.5,1.0],"rotation":0,"texture":"#0","tintindex":0},"south":{"uv":[0.0,0.0,2.5,1.0],"rotation":0,"texture":"#0","tintindex":0},"north":{"uv":[0.0,0.0,2.5,1.0],"rotation":0,"texture":"#0","tintindex":0},"west":{"uv":[0.0,0.0,2.5,1.0],"rotation":0,"texture":"#0","tintindex":0},"up":{"uv":[0.0,0.0,2.5,1.0],"rotation":0,"texture":"#0","tintindex":0},"down":{"uv":[0.0,0.0,2.5,1.0],"rotation":0,"texture":"#0","tintindex":0}}},{"from":[-8.146143,7.81104,1.0834284],"to":[-3.7301416,8.77104,2.4594283],"rotation":{"angle":0.0,"axis":"y","origin":[3.661858,8.29104,7.8994284]},"faces":{"east":{"uv":[0.0,0.0,2.5,1.0],"rotation":0,"texture":"#0","tintindex":0},"south":{"uv":[0.0,0.0,2.5,1.0],"rotation":0,"texture":"#0","tintindex":0},"north":{"uv":[0.0,0.0,2.5,1.0],"rotation":0,"texture":"#0","tintindex":0},"west":{"uv":[0.0,0.0,2.5,1.0],"rotation":0,"texture":"#0","tintindex":0},"up":{"uv":[0.0,0.0,2.5,1.0],"rotation":0,"texture":"#0","tintindex":0},"down":{"uv":[0.0,0.0,2.5,1.0],"rotation":0,"texture":"#0","tintindex":0}}}],"display":{"head":{"translation":[-10.976418,-6.4,0.0],"scale":[4.0,4.0,4.0]}}}