{"textures":{"0":"modelengine:entity/roc"},"elements":[{"from":[7.1682916,4.7357883,8.05584],"to":[9.366308,10.153794,10.218966],"rotation":{"angle":-45.0,"axis":"x","origin":[8.2673025,7.2047887,9.6494]},"faces":{"east":{"uv":[0.0,3.25,1.25,0.0],"rotation":180,"texture":"#0","tintindex":0},"south":{"uv":[0.0,3.25,1.25,0.0],"rotation":180,"texture":"#0","tintindex":0},"north":{"uv":[0.0,3.25,1.25,0.0],"rotation":180,"texture":"#0","tintindex":0},"west":{"uv":[0.0,3.25,1.25,0.0],"rotation":180,"texture":"#0","tintindex":0},"up":{"uv":[0.0,3.25,1.25,0.0],"rotation":180,"texture":"#0","tintindex":0},"down":{"uv":[0.0,3.25,1.25,0.0],"rotation":180,"texture":"#0","tintindex":0}}},{"from":[7.8082914,2.9757886,8.69584],"to":[8.726309,8.873795,10.122966],"rotation":{"angle":-45.0,"axis":"x","origin":[8.2673025,7.2047887,9.6494]},"faces":{"east":{"uv":[4.0,3.25,5.0,0.0],"rotation":180,"texture":"#0","tintindex":0},"south":{"uv":[4.0,3.25,5.0,0.0],"rotation":180,"texture":"#0","tintindex":0},"north":{"uv":[4.0,3.25,5.0,0.0],"rotation":180,"texture":"#0","tintindex":0},"west":{"uv":[4.0,3.25,5.0,0.0],"rotation":180,"texture":"#0","tintindex":0},"up":{"uv":[4.0,3.25,5.0,0.0],"rotation":180,"texture":"#0","tintindex":0},"down":{"uv":[4.0,3.25,5.0,0.0],"rotation":180,"texture":"#0","tintindex":0}}},{"from":[9.197543,3.8398457,15.365658],"to":[10.032789,4.6750913,16.200903],"rotation":{"angle":0.0,"axis":"y","origin":[7.594606,4.401194,15.334572]},"faces":{"east":{"uv":[4.0,0.75,4.5,0.0],"rotation":180,"texture":"#0","tintindex":0},"south":{"uv":[4.0,0.75,4.75,0.0],"rotation":180,"texture":"#0","tintindex":0},"north":{"uv":[4.0,0.75,4.5,0.0],"rotation":180,"texture":"#0","tintindex":0},"west":{"uv":[4.0,0.75,4.5,0.0],"rotation":180,"texture":"#0","tintindex":0},"up":{"uv":[4.0,0.75,4.5,0.0],"rotation":180,"texture":"#0","tintindex":0},"down":{"uv":[4.0,0.75,4.5,0.0],"rotation":180,"texture":"#0","tintindex":0}}},{"from":[6.9289713,3.8398457,15.365658],"to":[7.764217,4.6750913,16.200903],"rotation":{"angle":0.0,"axis":"y","origin":[7.594606,4.401194,15.334572]},"faces":{"east":{"uv":[4.0,0.75,4.5,0.0],"rotation":180,"texture":"#0","tintindex":0},"south":{"uv":[4.0,0.75,4.75,0.0],"rotation":180,"texture":"#0","tintindex":0},"north":{"uv":[4.0,0.75,4.5,0.0],"rotation":180,"texture":"#0","tintindex":0},"west":{"uv":[4.0,0.75,4.5,0.0],"rotation":180,"texture":"#0","tintindex":0},"up":{"uv":[4.0,0.75,4.5,0.0],"rotation":180,"texture":"#0","tintindex":0},"down":{"uv":[4.0,0.75,4.5,0.0],"rotation":180,"texture":"#0","tintindex":0}}},{"from":[8.063257,3.8398457,15.365658],"to":[8.898503,4.6750913,16.200903],"rotation":{"angle":0.0,"axis":"y","origin":[7.594606,4.401194,15.334572]},"faces":{"east":{"uv":[4.0,0.75,4.5,0.0],"rotation":180,"texture":"#0","tintindex":0},"south":{"uv":[4.0,0.75,4.75,0.0],"rotation":180,"texture":"#0","tintindex":0},"north":{"uv":[4.0,0.75,4.5,0.0],"rotation":180,"texture":"#0","tintindex":0},"west":{"uv":[4.0,0.75,4.5,0.0],"rotation":180,"texture":"#0","tintindex":0},"up":{"uv":[4.0,0.75,4.5,0.0],"rotation":180,"texture":"#0","tintindex":0},"down":{"uv":[4.0,0.75,4.5,0.0],"rotation":180,"texture":"#0","tintindex":0}}},{"from":[9.47596,4.180669,15.965452],"to":[9.754372,4.7375026,16.522285],"rotation":{"angle":0.0,"axis":"y","origin":[7.594606,4.401194,15.334572]},"faces":{"east":{"uv":[4.0,0.75,4.25,0.0],"rotation":180,"texture":"#0","tintindex":0},"south":{"uv":[4.0,0.75,4.25,0.0],"rotation":180,"texture":"#0","tintindex":0},"north":{"uv":[4.0,0.75,4.25,0.0],"rotation":180,"texture":"#0","tintindex":0},"west":{"uv":[4.0,0.75,4.25,0.0],"rotation":180,"texture":"#0","tintindex":0},"up":{"uv":[4.0,0.75,4.25,0.0],"rotation":180,"texture":"#0","tintindex":0},"down":{"uv":[4.0,0.75,4.25,0.0],"rotation":180,"texture":"#0","tintindex":0}}},{"from":[7.2073884,4.180669,15.965452],"to":[7.4858055,4.7375026,16.522285],"rotation":{"angle":0.0,"axis":"y","origin":[7.594606,4.401194,15.334572]},"faces":{"east":{"uv":[4.0,0.75,4.25,0.0],"rotation":180,"texture":"#0","tintindex":0},"south":{"uv":[4.0,0.75,4.25,0.0],"rotation":180,"texture":"#0","tintindex":0},"north":{"uv":[4.0,0.75,4.25,0.0],"rotation":180,"texture":"#0","tintindex":0},"west":{"uv":[4.0,0.75,4.25,0.0],"rotation":180,"texture":"#0","tintindex":0},"up":{"uv":[4.0,0.75,4.25,0.0],"rotation":180,"texture":"#0","tintindex":0},"down":{"uv":[4.0,0.75,4.25,0.0],"rotation":180,"texture":"#0","tintindex":0}}},{"from":[8.341674,4.180669,15.965452],"to":[8.620086,4.7375026,16.522285],"rotation":{"angle":0.0,"axis":"y","origin":[7.594606,4.401194,15.334572]},"faces":{"east":{"uv":[4.0,0.75,4.25,0.0],"rotation":180,"texture":"#0","tintindex":0},"south":{"uv":[4.0,0.75,4.25,0.0],"rotation":180,"texture":"#0","tintindex":0},"north":{"uv":[4.0,0.75,4.25,0.0],"rotation":180,"texture":"#0","tintindex":0},"west":{"uv":[4.0,0.75,4.25,0.0],"rotation":180,"texture":"#0","tintindex":0},"up":{"uv":[4.0,0.75,4.25,0.0],"rotation":180,"texture":"#0","tintindex":0},"down":{"uv":[4.0,0.75,4.25,0.0],"rotation":180,"texture":"#0","tintindex":0}}},{"from":[9.030492,3.4578743,13.976652],"to":[10.144155,4.6550627,15.535784],"rotation":{"angle":0.0,"axis":"y","origin":[7.594606,4.401194,15.334572]},"faces":{"east":{"uv":[4.0,1.0,4.75,0.0],"rotation":180,"texture":"#0","tintindex":0},"south":{"uv":[4.0,1.0,4.75,0.0],"rotation":180,"texture":"#0","tintindex":0},"north":{"uv":[4.0,1.0,4.75,0.0],"rotation":180,"texture":"#0","tintindex":0},"west":{"uv":[4.0,1.0,4.75,0.0],"rotation":180,"texture":"#0","tintindex":0},"up":{"uv":[4.0,1.0,4.75,0.0],"rotation":180,"texture":"#0","tintindex":0},"down":{"uv":[4.0,1.0,4.75,0.0],"rotation":180,"texture":"#0","tintindex":0}}},{"from":[6.7619257,3.4578743,13.976652],"to":[7.8755827,4.6550627,15.535784],"rotation":{"angle":0.0,"axis":"y","origin":[7.594606,4.401194,15.334572]},"faces":{"east":{"uv":[4.0,1.0,4.75,0.0],"rotation":180,"texture":"#0","tintindex":0},"south":{"uv":[4.0,1.0,4.75,0.0],"rotation":180,"texture":"#0","tintindex":0},"north":{"uv":[4.0,1.0,4.75,0.0],"rotation":180,"texture":"#0","tintindex":0},"west":{"uv":[4.0,1.0,4.75,0.0],"rotation":180,"texture":"#0","tintindex":0},"up":{"uv":[4.0,1.0,4.75,0.0],"rotation":180,"texture":"#0","tintindex":0},"down":{"uv":[4.0,1.0,4.75,0.0],"rotation":180,"texture":"#0","tintindex":0}}},{"from":[7.896206,3.4578743,13.976652],"to":[9.009869,4.6550627,15.535784],"rotation":{"angle":0.0,"axis":"y","origin":[7.594606,4.401194,15.334572]},"faces":{"east":{"uv":[4.0,1.0,4.75,0.0],"rotation":180,"texture":"#0","tintindex":0},"south":{"uv":[4.0,1.0,4.75,0.0],"rotation":180,"texture":"#0","tintindex":0},"north":{"uv":[4.0,1.0,4.75,0.0],"rotation":180,"texture":"#0","tintindex":0},"west":{"uv":[4.0,1.0,4.75,0.0],"rotation":180,"texture":"#0","tintindex":0},"up":{"uv":[4.0,1.0,4.75,0.0],"rotation":180,"texture":"#0","tintindex":0},"down":{"uv":[4.0,1.0,4.75,0.0],"rotation":180,"texture":"#0","tintindex":0}}},{"from":[7.228011,3.536034,12.021166],"to":[9.455332,4.6496916,13.970069],"rotation":{"angle":0.0,"axis":"y","origin":[7.594606,4.401194,15.334572]},"faces":{"east":{"uv":[4.0,1.25,5.25,0.0],"rotation":180,"texture":"#0","tintindex":0},"south":{"uv":[4.0,1.25,5.25,0.0],"rotation":180,"texture":"#0","tintindex":0},"north":{"uv":[4.0,1.25,5.25,0.0],"rotation":180,"texture":"#0","tintindex":0},"west":{"uv":[4.0,1.25,5.25,0.0],"rotation":180,"texture":"#0","tintindex":0},"up":{"uv":[4.0,1.25,5.25,0.0],"rotation":180,"texture":"#0","tintindex":0},"down":{"uv":[4.0,1.25,5.25,0.0],"rotation":180,"texture":"#0","tintindex":0}}}],"display":{"head":{"translation":[0.0,-6.4,0.0],"scale":[4.0,4.0,4.0]}}}