{"textures":{"0":"modelengine:entity/roc"},"elements":[{"from":[4.25453,8.021086,1.2094398],"to":[17.821438,8.021086,15.044417],"rotation":{"angle":0.0,"axis":"y","origin":[22.861,11.834863,18.13103]},"faces":{"east":{"uv":[3.5,3.75,0.0,0.0],"rotation":180,"texture":"#0","tintindex":0},"south":{"uv":[3.5,3.75,0.0,0.0],"rotation":180,"texture":"#0","tintindex":0},"north":{"uv":[3.5,3.75,0.0,0.0],"rotation":180,"texture":"#0","tintindex":0},"west":{"uv":[3.5,3.75,0.0,0.0],"rotation":180,"texture":"#0","tintindex":0},"up":{"uv":[8.0,16.0,16.0,7.25],"rotation":180,"texture":"#0","tintindex":0},"down":{"uv":[8.0,7.25,16.0,16.0],"rotation":180,"texture":"#0","tintindex":0}}},{"from":[17.712896,8.021086,1.2463026],"to":[32.0,8.021086,15.017281],"rotation":{"angle":0.0,"axis":"y","origin":[22.861,11.834863,32.418133]},"faces":{"east":{"uv":[3.5,3.75,0.0,0.0],"rotation":180,"texture":"#0","tintindex":0},"south":{"uv":[3.5,3.75,0.0,0.0],"rotation":180,"texture":"#0","tintindex":0},"north":{"uv":[3.5,3.75,0.0,0.0],"rotation":180,"texture":"#0","tintindex":0},"west":{"uv":[3.5,3.75,0.0,0.0],"rotation":180,"texture":"#0","tintindex":0},"up":{"uv":[0.0,16.0,8.0,7.25],"rotation":180,"texture":"#0","tintindex":0},"down":{"uv":[0.0,7.25,8.0,16.0],"rotation":180,"texture":"#0","tintindex":0}}},{"from":[4.658147,6.5983257,7.270857],"to":[9.778148,8.518326,8.870857],"rotation":{"angle":0.0,"axis":"y","origin":[6.957153,21.373722,2.7908568]},"faces":{"east":{"uv":[2.5,0.0,0.0,1.0],"rotation":0,"texture":"#0","tintindex":0},"south":{"uv":[2.5,0.0,0.0,1.0],"rotation":0,"texture":"#0","tintindex":0},"north":{"uv":[2.5,0.0,0.0,1.0],"rotation":0,"texture":"#0","tintindex":0},"west":{"uv":[2.5,0.0,0.0,1.0],"rotation":0,"texture":"#0","tintindex":0},"up":{"uv":[2.5,0.0,0.0,1.0],"rotation":0,"texture":"#0","tintindex":0},"down":{"uv":[2.5,0.0,0.0,1.0],"rotation":0,"texture":"#0","tintindex":0}}},{"from":[9.938148,6.9183254,5.190857],"to":[15.058147,8.518326,6.7908573],"rotation":{"angle":45.0,"axis":"y","origin":[12.338148,8.038325,8.070857]},"faces":{"east":{"uv":[2.5,0.0,0.0,1.0],"rotation":0,"texture":"#0","tintindex":0},"south":{"uv":[2.5,0.0,0.0,1.0],"rotation":0,"texture":"#0","tintindex":0},"north":{"uv":[2.5,0.0,0.0,1.0],"rotation":0,"texture":"#0","tintindex":0},"west":{"uv":[2.5,0.0,0.0,1.0],"rotation":0,"texture":"#0","tintindex":0},"up":{"uv":[2.5,0.0,0.0,1.0],"rotation":0,"texture":"#0","tintindex":0},"down":{"uv":[2.5,0.0,0.0,1.0],"rotation":0,"texture":"#0","tintindex":0}}},{"from":[15.058147,7.2383256,5.190857],"to":[19.474148,8.518326,6.7908573],"rotation":{"angle":45.0,"axis":"y","origin":[12.338148,8.038325,8.070857]},"faces":{"east":{"uv":[2.5,0.0,0.0,1.0],"rotation":0,"texture":"#0","tintindex":0},"south":{"uv":[2.5,0.0,0.0,1.0],"rotation":0,"texture":"#0","tintindex":0},"north":{"uv":[2.5,0.0,0.0,1.0],"rotation":0,"texture":"#0","tintindex":0},"west":{"uv":[2.5,0.0,0.0,1.0],"rotation":0,"texture":"#0","tintindex":0},"up":{"uv":[2.5,0.0,0.0,1.0],"rotation":0,"texture":"#0","tintindex":0},"down":{"uv":[2.5,0.0,0.0,1.0],"rotation":0,"texture":"#0","tintindex":0}}},{"from":[15.346148,7.558326,1.0308566],"to":[19.762148,8.518326,2.630857],"rotation":{"angle":0.0,"axis":"y","origin":[12.338148,8.038325,8.070857]},"faces":{"east":{"uv":[2.5,0.0,0.0,1.0],"rotation":0,"texture":"#0","tintindex":0},"south":{"uv":[2.5,0.0,0.0,1.0],"rotation":0,"texture":"#0","tintindex":0},"north":{"uv":[2.5,0.0,0.0,1.0],"rotation":0,"texture":"#0","tintindex":0},"west":{"uv":[2.5,0.0,0.0,1.0],"rotation":0,"texture":"#0","tintindex":0},"up":{"uv":[2.5,0.0,0.0,1.0],"rotation":0,"texture":"#0","tintindex":0},"down":{"uv":[2.5,0.0,0.0,1.0],"rotation":0,"texture":"#0","tintindex":0}}},{"from":[19.730148,7.558326,1.2548571],"to":[24.146149,8.518326,2.630857],"rotation":{"angle":0.0,"axis":"y","origin":[12.338148,8.038325,8.070857]},"faces":{"east":{"uv":[2.5,0.0,0.0,1.0],"rotation":0,"texture":"#0","tintindex":0},"south":{"uv":[2.5,0.0,0.0,1.0],"rotation":0,"texture":"#0","tintindex":0},"north":{"uv":[2.5,0.0,0.0,1.0],"rotation":0,"texture":"#0","tintindex":0},"west":{"uv":[2.5,0.0,0.0,1.0],"rotation":0,"texture":"#0","tintindex":0},"up":{"uv":[2.5,0.0,0.0,1.0],"rotation":0,"texture":"#0","tintindex":0},"down":{"uv":[2.5,0.0,0.0,1.0],"rotation":0,"texture":"#0","tintindex":0}}}],"display":{"head":{"translation":[8.858063,-6.4,0.0],"scale":[4.0,4.0,4.0]}}}