{"textures":{"0":"modelengine:entity/roc"},"elements":[{"from":[7.1682916,4.450074,7.9986973],"to":[9.366308,9.86808,10.161823],"rotation":{"angle":-45.0,"axis":"x","origin":[8.2673025,6.919074,9.5922575]},"faces":{"east":{"uv":[0.0,3.25,1.25,0.0],"rotation":180,"texture":"#0","tintindex":0},"south":{"uv":[0.0,3.25,1.25,0.0],"rotation":180,"texture":"#0","tintindex":0},"north":{"uv":[0.0,3.25,1.25,0.0],"rotation":180,"texture":"#0","tintindex":0},"west":{"uv":[0.0,3.25,1.25,0.0],"rotation":180,"texture":"#0","tintindex":0},"up":{"uv":[0.0,3.25,1.25,0.0],"rotation":180,"texture":"#0","tintindex":0},"down":{"uv":[0.0,3.25,1.25,0.0],"rotation":180,"texture":"#0","tintindex":0}}},{"from":[7.8082914,2.690074,8.638697],"to":[8.726309,8.58808,10.065823],"rotation":{"angle":-45.0,"axis":"x","origin":[8.2673025,6.919074,9.5922575]},"faces":{"east":{"uv":[4.0,3.25,5.0,0.0],"rotation":180,"texture":"#0","tintindex":0},"south":{"uv":[4.0,3.25,5.0,0.0],"rotation":180,"texture":"#0","tintindex":0},"north":{"uv":[4.0,3.25,5.0,0.0],"rotation":180,"texture":"#0","tintindex":0},"west":{"uv":[4.0,3.25,5.0,0.0],"rotation":180,"texture":"#0","tintindex":0},"up":{"uv":[4.0,3.25,5.0,0.0],"rotation":180,"texture":"#0","tintindex":0},"down":{"uv":[4.0,3.25,5.0,0.0],"rotation":180,"texture":"#0","tintindex":0}}},{"from":[9.197543,3.554131,15.308515],"to":[10.032789,4.3893766,16.14376],"rotation":{"angle":0.0,"axis":"y","origin":[7.594606,4.1154795,15.27743]},"faces":{"east":{"uv":[4.0,0.75,4.5,0.0],"rotation":180,"texture":"#0","tintindex":0},"south":{"uv":[4.0,0.75,4.75,0.0],"rotation":180,"texture":"#0","tintindex":0},"north":{"uv":[4.0,0.75,4.5,0.0],"rotation":180,"texture":"#0","tintindex":0},"west":{"uv":[4.0,0.75,4.5,0.0],"rotation":180,"texture":"#0","tintindex":0},"up":{"uv":[4.0,0.75,4.5,0.0],"rotation":180,"texture":"#0","tintindex":0},"down":{"uv":[4.0,0.75,4.5,0.0],"rotation":180,"texture":"#0","tintindex":0}}},{"from":[6.9289713,3.554131,15.308515],"to":[7.764217,4.3893766,16.14376],"rotation":{"angle":0.0,"axis":"y","origin":[7.594606,4.1154795,15.27743]},"faces":{"east":{"uv":[4.0,0.75,4.5,0.0],"rotation":180,"texture":"#0","tintindex":0},"south":{"uv":[4.0,0.75,4.75,0.0],"rotation":180,"texture":"#0","tintindex":0},"north":{"uv":[4.0,0.75,4.5,0.0],"rotation":180,"texture":"#0","tintindex":0},"west":{"uv":[4.0,0.75,4.5,0.0],"rotation":180,"texture":"#0","tintindex":0},"up":{"uv":[4.0,0.75,4.5,0.0],"rotation":180,"texture":"#0","tintindex":0},"down":{"uv":[4.0,0.75,4.5,0.0],"rotation":180,"texture":"#0","tintindex":0}}},{"from":[8.063257,3.554131,15.308515],"to":[8.898503,4.3893766,16.14376],"rotation":{"angle":0.0,"axis":"y","origin":[7.594606,4.1154795,15.27743]},"faces":{"east":{"uv":[4.0,0.75,4.5,0.0],"rotation":180,"texture":"#0","tintindex":0},"south":{"uv":[4.0,0.75,4.75,0.0],"rotation":180,"texture":"#0","tintindex":0},"north":{"uv":[4.0,0.75,4.5,0.0],"rotation":180,"texture":"#0","tintindex":0},"west":{"uv":[4.0,0.75,4.5,0.0],"rotation":180,"texture":"#0","tintindex":0},"up":{"uv":[4.0,0.75,4.5,0.0],"rotation":180,"texture":"#0","tintindex":0},"down":{"uv":[4.0,0.75,4.5,0.0],"rotation":180,"texture":"#0","tintindex":0}}},{"from":[9.47596,3.8949542,15.908308],"to":[9.754372,4.4517884,16.465143],"rotation":{"angle":0.0,"axis":"y","origin":[7.594606,4.1154795,15.27743]},"faces":{"east":{"uv":[4.0,0.75,4.25,0.0],"rotation":180,"texture":"#0","tintindex":0},"south":{"uv":[4.0,0.75,4.25,0.0],"rotation":180,"texture":"#0","tintindex":0},"north":{"uv":[4.0,0.75,4.25,0.0],"rotation":180,"texture":"#0","tintindex":0},"west":{"uv":[4.0,0.75,4.25,0.0],"rotation":180,"texture":"#0","tintindex":0},"up":{"uv":[4.0,0.75,4.25,0.0],"rotation":180,"texture":"#0","tintindex":0},"down":{"uv":[4.0,0.75,4.25,0.0],"rotation":180,"texture":"#0","tintindex":0}}},{"from":[7.2073884,3.8949542,15.908308],"to":[7.4858055,4.4517884,16.465143],"rotation":{"angle":0.0,"axis":"y","origin":[7.594606,4.1154795,15.27743]},"faces":{"east":{"uv":[4.0,0.75,4.25,0.0],"rotation":180,"texture":"#0","tintindex":0},"south":{"uv":[4.0,0.75,4.25,0.0],"rotation":180,"texture":"#0","tintindex":0},"north":{"uv":[4.0,0.75,4.25,0.0],"rotation":180,"texture":"#0","tintindex":0},"west":{"uv":[4.0,0.75,4.25,0.0],"rotation":180,"texture":"#0","tintindex":0},"up":{"uv":[4.0,0.75,4.25,0.0],"rotation":180,"texture":"#0","tintindex":0},"down":{"uv":[4.0,0.75,4.25,0.0],"rotation":180,"texture":"#0","tintindex":0}}},{"from":[8.341674,3.8949542,15.908308],"to":[8.620086,4.4517884,16.465143],"rotation":{"angle":0.0,"axis":"y","origin":[7.594606,4.1154795,15.27743]},"faces":{"east":{"uv":[4.0,0.75,4.25,0.0],"rotation":180,"texture":"#0","tintindex":0},"south":{"uv":[4.0,0.75,4.25,0.0],"rotation":180,"texture":"#0","tintindex":0},"north":{"uv":[4.0,0.75,4.25,0.0],"rotation":180,"texture":"#0","tintindex":0},"west":{"uv":[4.0,0.75,4.25,0.0],"rotation":180,"texture":"#0","tintindex":0},"up":{"uv":[4.0,0.75,4.25,0.0],"rotation":180,"texture":"#0","tintindex":0},"down":{"uv":[4.0,0.75,4.25,0.0],"rotation":180,"texture":"#0","tintindex":0}}},{"from":[9.030492,3.1721597,13.919509],"to":[10.144155,4.3693485,15.47864],"rotation":{"angle":0.0,"axis":"y","origin":[7.594606,4.1154795,15.27743]},"faces":{"east":{"uv":[4.0,1.0,4.75,0.0],"rotation":180,"texture":"#0","tintindex":0},"south":{"uv":[4.0,1.0,4.75,0.0],"rotation":180,"texture":"#0","tintindex":0},"north":{"uv":[4.0,1.0,4.75,0.0],"rotation":180,"texture":"#0","tintindex":0},"west":{"uv":[4.0,1.0,4.75,0.0],"rotation":180,"texture":"#0","tintindex":0},"up":{"uv":[4.0,1.0,4.75,0.0],"rotation":180,"texture":"#0","tintindex":0},"down":{"uv":[4.0,1.0,4.75,0.0],"rotation":180,"texture":"#0","tintindex":0}}},{"from":[6.7619257,3.1721597,13.919509],"to":[7.8755827,4.3693485,15.47864],"rotation":{"angle":0.0,"axis":"y","origin":[7.594606,4.1154795,15.27743]},"faces":{"east":{"uv":[4.0,1.0,4.75,0.0],"rotation":180,"texture":"#0","tintindex":0},"south":{"uv":[4.0,1.0,4.75,0.0],"rotation":180,"texture":"#0","tintindex":0},"north":{"uv":[4.0,1.0,4.75,0.0],"rotation":180,"texture":"#0","tintindex":0},"west":{"uv":[4.0,1.0,4.75,0.0],"rotation":180,"texture":"#0","tintindex":0},"up":{"uv":[4.0,1.0,4.75,0.0],"rotation":180,"texture":"#0","tintindex":0},"down":{"uv":[4.0,1.0,4.75,0.0],"rotation":180,"texture":"#0","tintindex":0}}},{"from":[7.896206,3.1721597,13.919509],"to":[9.009869,4.3693485,15.47864],"rotation":{"angle":0.0,"axis":"y","origin":[7.594606,4.1154795,15.27743]},"faces":{"east":{"uv":[4.0,1.0,4.75,0.0],"rotation":180,"texture":"#0","tintindex":0},"south":{"uv":[4.0,1.0,4.75,0.0],"rotation":180,"texture":"#0","tintindex":0},"north":{"uv":[4.0,1.0,4.75,0.0],"rotation":180,"texture":"#0","tintindex":0},"west":{"uv":[4.0,1.0,4.75,0.0],"rotation":180,"texture":"#0","tintindex":0},"up":{"uv":[4.0,1.0,4.75,0.0],"rotation":180,"texture":"#0","tintindex":0},"down":{"uv":[4.0,1.0,4.75,0.0],"rotation":180,"texture":"#0","tintindex":0}}},{"from":[7.228011,3.2503195,11.964023],"to":[9.455332,4.363977,13.912926],"rotation":{"angle":0.0,"axis":"y","origin":[7.594606,4.1154795,15.27743]},"faces":{"east":{"uv":[4.0,1.25,5.25,0.0],"rotation":180,"texture":"#0","tintindex":0},"south":{"uv":[4.0,1.25,5.25,0.0],"rotation":180,"texture":"#0","tintindex":0},"north":{"uv":[4.0,1.25,5.25,0.0],"rotation":180,"texture":"#0","tintindex":0},"west":{"uv":[4.0,1.25,5.25,0.0],"rotation":180,"texture":"#0","tintindex":0},"up":{"uv":[4.0,1.25,5.25,0.0],"rotation":180,"texture":"#0","tintindex":0},"down":{"uv":[4.0,1.25,5.25,0.0],"rotation":180,"texture":"#0","tintindex":0}}}],"display":{"head":{"translation":[0.0,-6.4,0.0],"scale":[4.0,4.0,4.0]}}}