{"textures":{"0":"modelengine:entity/roc"},"elements":[{"from":[5.2503023,5.999028,2.2330623],"to":[10.562178,10.092286,7.6076283],"rotation":{"angle":0.0,"axis":"y","origin":[5.61664,3.1319027,7.5793943]},"faces":{"east":{"uv":[0.0,3.75,3.5,0.0],"rotation":180,"texture":"#0","tintindex":0},"south":{"uv":[0.0,3.75,3.5,0.0],"rotation":180,"texture":"#0","tintindex":0},"north":{"uv":[0.0,3.75,3.5,0.0],"rotation":180,"texture":"#0","tintindex":0},"west":{"uv":[0.0,3.75,3.5,0.0],"rotation":180,"texture":"#0","tintindex":0},"up":{"uv":[0.0,3.75,3.5,0.0],"rotation":180,"texture":"#0","tintindex":0},"down":{"uv":[0.0,3.75,3.5,0.0],"rotation":180,"texture":"#0","tintindex":0}}},{"from":[6.0637712,6.6567316,0.7607994],"to":[9.748709,9.76524,4.3773885],"rotation":{"angle":0.0,"axis":"y","origin":[7.90624,8.857629,3.2230053]},"faces":{"east":{"uv":[0.0,3.75,3.5,0.0],"rotation":180,"texture":"#0","tintindex":0},"south":{"uv":[0.0,3.75,3.5,0.0],"rotation":180,"texture":"#0","tintindex":0},"north":{"uv":[0.0,3.75,3.5,0.0],"rotation":180,"texture":"#0","tintindex":0},"west":{"uv":[0.0,3.75,3.5,0.0],"rotation":180,"texture":"#0","tintindex":0},"up":{"uv":[0.0,3.75,3.5,0.0],"rotation":180,"texture":"#0","tintindex":0},"down":{"uv":[0.0,3.75,3.5,0.0],"rotation":180,"texture":"#0","tintindex":0}}},{"from":[5.5994115,5.35696,6.13644],"to":[10.222772,9.057388,11.282377],"rotation":{"angle":22.5,"axis":"x","origin":[8.657228,6.5841827,9.157629]},"faces":{"east":{"uv":[0.0,3.75,3.5,0.0],"rotation":180,"texture":"#0","tintindex":0},"south":{"uv":[0.0,3.75,3.5,0.0],"rotation":180,"texture":"#0","tintindex":0},"north":{"uv":[0.0,3.75,3.5,0.0],"rotation":180,"texture":"#0","tintindex":0},"west":{"uv":[0.0,3.75,3.5,0.0],"rotation":180,"texture":"#0","tintindex":0},"up":{"uv":[0.0,3.75,3.5,0.0],"rotation":180,"texture":"#0","tintindex":0},"down":{"uv":[0.0,3.75,3.5,0.0],"rotation":180,"texture":"#0","tintindex":0}}},{"from":[5.525834,7.996754,11.099206],"to":[7.0679827,8.316754,18.485138],"rotation":{"angle":-22.5,"axis":"y","origin":[6.2969084,8.316754,14.7921715]},"faces":{"east":{"uv":[7.75,3.75,8.0,7.0],"rotation":90,"texture":"#0","tintindex":0},"south":{"uv":[8.0,4.0,7.0,3.75],"rotation":180,"texture":"#0","tintindex":0},"north":{"uv":[8.0,4.0,7.0,3.75],"rotation":180,"texture":"#0","tintindex":0},"west":{"uv":[7.75,3.75,8.0,7.0],"rotation":90,"texture":"#0","tintindex":0},"up":{"uv":[8.0,7.0,7.25,3.75],"rotation":180,"texture":"#0","tintindex":0},"down":{"uv":[8.0,7.0,7.25,3.75],"rotation":180,"texture":"#0","tintindex":0}}},{"from":[8.740017,7.996754,11.099206],"to":[10.282166,8.316754,18.485138],"rotation":{"angle":22.5,"axis":"y","origin":[9.511091,8.316754,14.7921715]},"faces":{"east":{"uv":[7.75,7.0,8.0,3.75],"rotation":90,"texture":"#0","tintindex":0},"south":{"uv":[7.0,4.0,8.0,3.75],"rotation":180,"texture":"#0","tintindex":0},"north":{"uv":[7.0,4.0,8.0,3.75],"rotation":180,"texture":"#0","tintindex":0},"west":{"uv":[7.75,7.0,8.0,3.75],"rotation":90,"texture":"#0","tintindex":0},"up":{"uv":[7.25,7.0,8.0,3.75],"rotation":180,"texture":"#0","tintindex":0},"down":{"uv":[7.25,7.0,8.0,3.75],"rotation":180,"texture":"#0","tintindex":0}}},{"from":[4.7578344,7.6767545,10.459206],"to":[6.299983,7.996754,17.845139],"rotation":{"angle":-45.0,"axis":"y","origin":[5.5289087,7.996754,14.152172]},"faces":{"east":{"uv":[7.75,3.75,8.0,7.0],"rotation":90,"texture":"#0","tintindex":0},"south":{"uv":[8.0,4.0,7.0,3.75],"rotation":180,"texture":"#0","tintindex":0},"north":{"uv":[8.0,4.0,7.0,3.75],"rotation":180,"texture":"#0","tintindex":0},"west":{"uv":[7.75,3.75,8.0,7.0],"rotation":90,"texture":"#0","tintindex":0},"up":{"uv":[8.0,7.0,7.25,3.75],"rotation":180,"texture":"#0","tintindex":0},"down":{"uv":[8.0,7.0,7.25,3.75],"rotation":180,"texture":"#0","tintindex":0}}},{"from":[9.380017,7.6767545,10.459206],"to":[10.922166,7.996754,17.845139],"rotation":{"angle":45.0,"axis":"y","origin":[10.151092,7.996754,14.152172]},"faces":{"east":{"uv":[7.75,7.0,8.0,3.75],"rotation":90,"texture":"#0","tintindex":0},"south":{"uv":[7.0,4.0,8.0,3.75],"rotation":180,"texture":"#0","tintindex":0},"north":{"uv":[7.0,4.0,8.0,3.75],"rotation":180,"texture":"#0","tintindex":0},"west":{"uv":[7.75,7.0,8.0,3.75],"rotation":90,"texture":"#0","tintindex":0},"up":{"uv":[7.25,7.0,8.0,3.75],"rotation":180,"texture":"#0","tintindex":0},"down":{"uv":[7.25,7.0,8.0,3.75],"rotation":180,"texture":"#0","tintindex":0}}},{"from":[7.140017,8.1567545,11.099206],"to":[8.682166,8.476754,18.485138],"rotation":{"angle":0.0,"axis":"y","origin":[8.657228,8.344183,9.157629]},"faces":{"east":{"uv":[7.75,7.0,8.0,3.75],"rotation":90,"texture":"#0","tintindex":0},"south":{"uv":[8.0,4.0,7.0,3.75],"rotation":180,"texture":"#0","tintindex":0},"north":{"uv":[8.0,4.0,7.0,3.75],"rotation":180,"texture":"#0","tintindex":0},"west":{"uv":[7.75,7.0,8.0,3.75],"rotation":90,"texture":"#0","tintindex":0},"up":{"uv":[7.25,7.0,8.0,3.75],"rotation":180,"texture":"#0","tintindex":0},"down":{"uv":[7.25,7.0,8.0,3.75],"rotation":180,"texture":"#0","tintindex":0}}}],"display":{"head":{"translation":[0.0,-6.4,0.0],"scale":[4.0,4.0,4.0]}}}