{"textures":{"0":"modelengine:entity/rocdarkbrown"},"elements":[{"from":[6.8315244,4.8480296,6.3033075],"to":[9.836709,7.638558,9.308492],"rotation":{"angle":-22.5,"axis":"x","origin":[7.4754925,4.8480296,3.7274356]},"faces":{"east":{"uv":[0.0,3.75,3.5,0.0],"rotation":180,"texture":"#0","tintindex":0},"south":{"uv":[0.0,3.75,3.5,0.0],"rotation":180,"texture":"#0","tintindex":0},"north":{"uv":[0.0,3.75,3.5,0.0],"rotation":180,"texture":"#0","tintindex":0},"west":{"uv":[0.0,3.75,3.5,0.0],"rotation":180,"texture":"#0","tintindex":0},"up":{"uv":[0.0,3.75,3.5,0.0],"rotation":180,"texture":"#0","tintindex":0},"down":{"uv":[0.0,3.75,3.5,0.0],"rotation":180,"texture":"#0","tintindex":0}}},{"from":[7.4754925,4.7371264,4.0538206],"to":[8.978085,6.4543743,7.059005],"rotation":{"angle":-22.5,"axis":"x","origin":[7.4754925,3.9894056,1.7955313]},"faces":{"east":{"uv":[4.0,1.5,5.75,0.0],"rotation":180,"texture":"#0","tintindex":0},"south":{"uv":[4.0,1.5,5.75,0.0],"rotation":180,"texture":"#0","tintindex":0},"north":{"uv":[4.0,1.5,5.75,0.0],"rotation":180,"texture":"#0","tintindex":0},"west":{"uv":[4.0,1.5,5.75,0.0],"rotation":180,"texture":"#0","tintindex":0},"up":{"uv":[4.0,1.5,5.75,0.0],"rotation":180,"texture":"#0","tintindex":0},"down":{"uv":[4.0,1.5,5.75,0.0],"rotation":180,"texture":"#0","tintindex":0}}},{"from":[7.2608366,4.2394733,6.6479373],"to":[9.19274,5.9567213,8.461185],"rotation":{"angle":-45.0,"axis":"x","origin":[7.4754925,3.3454375,4.5860596]},"faces":{"east":{"uv":[4.0,1.25,5.5,0.0],"rotation":180,"texture":"#0","tintindex":0},"south":{"uv":[4.0,1.25,5.5,0.0],"rotation":180,"texture":"#0","tintindex":0},"north":{"uv":[4.0,2.0,6.25,0.0],"rotation":180,"texture":"#0","tintindex":0},"west":{"uv":[4.0,1.25,5.5,0.0],"rotation":180,"texture":"#0","tintindex":0},"up":{"uv":[4.0,1.25,5.5,0.0],"rotation":180,"texture":"#0","tintindex":0},"down":{"uv":[4.0,1.25,5.5,0.0],"rotation":180,"texture":"#0","tintindex":0}}},{"from":[7.6901484,3.1661935,6.9585934],"to":[8.763429,4.0248175,9.105153],"rotation":{"angle":-45.0,"axis":"x","origin":[7.4754925,1.4135337,3.9420915]},"faces":{"east":{"uv":[4.0,1.25,6.5,0.0],"rotation":180,"texture":"#0","tintindex":0},"south":{"uv":[4.0,1.25,6.5,0.0],"rotation":180,"texture":"#0","tintindex":0},"north":{"uv":[4.0,1.25,6.5,0.0],"rotation":180,"texture":"#0","tintindex":0},"west":{"uv":[4.0,1.25,6.5,0.0],"rotation":180,"texture":"#0","tintindex":0},"up":{"uv":[4.0,1.75,5.5,0.0],"rotation":180,"texture":"#0","tintindex":0},"down":{"uv":[4.0,1.75,5.5,0.0],"rotation":180,"texture":"#0","tintindex":0}}},{"from":[7.9048047,3.0198784,4.697789],"to":[8.548773,3.663846,5.985725],"rotation":{"angle":-22.5,"axis":"x","origin":[7.4754925,1.1988778,0.50759506]},"faces":{"east":{"uv":[4.0,0.75,5.75,0.0],"rotation":180,"texture":"#0","tintindex":0},"south":{"uv":[4.0,0.75,4.75,0.0],"rotation":180,"texture":"#0","tintindex":0},"north":{"uv":[4.0,0.75,4.75,0.0],"rotation":180,"texture":"#0","tintindex":0},"west":{"uv":[4.0,0.75,5.75,0.0],"rotation":180,"texture":"#0","tintindex":0},"up":{"uv":[4.0,0.75,5.75,0.0],"rotation":90,"texture":"#0","tintindex":0},"down":{"uv":[4.0,0.75,5.75,0.0],"rotation":90,"texture":"#0","tintindex":0}}},{"from":[7.6901484,2.9515371,5.2413454],"to":[8.763429,4.2394733,6.3146253],"rotation":{"angle":-45.0,"axis":"x","origin":[7.4754925,1.6281896,1.5808759]},"faces":{"east":{"uv":[4.0,1.0,4.75,0.0],"rotation":180,"texture":"#0","tintindex":0},"south":{"uv":[4.0,1.0,4.75,0.0],"rotation":180,"texture":"#0","tintindex":0},"north":{"uv":[4.0,1.0,4.75,0.0],"rotation":180,"texture":"#0","tintindex":0},"west":{"uv":[4.0,1.0,4.75,0.0],"rotation":180,"texture":"#0","tintindex":0},"up":{"uv":[4.0,1.0,4.75,0.0],"rotation":180,"texture":"#0","tintindex":0},"down":{"uv":[4.0,1.0,4.75,0.0],"rotation":180,"texture":"#0","tintindex":0}}},{"from":[7.9048047,4.4257183,2.4853334],"to":[8.548773,5.9283104,3.3439574],"rotation":{"angle":0.0,"axis":"y","origin":[7.4754925,3.5600939,-1.4243078]},"faces":{"east":{"uv":[4.0,1.25,4.75,0.0],"rotation":180,"texture":"#0","tintindex":0},"south":{"uv":[4.0,1.25,4.75,0.0],"rotation":180,"texture":"#0","tintindex":0},"north":{"uv":[4.0,1.25,4.75,0.0],"rotation":180,"texture":"#0","tintindex":0},"west":{"uv":[4.0,1.25,4.75,0.0],"rotation":180,"texture":"#0","tintindex":0},"up":{"uv":[4.0,1.25,4.75,0.0],"rotation":180,"texture":"#0","tintindex":0},"down":{"uv":[4.0,1.25,4.75,0.0],"rotation":180,"texture":"#0","tintindex":0}}},{"from":[6.8088684,4.75203,6.0886517],"to":[9.8593645,7.693214,9.308492],"rotation":{"angle":-22.5,"axis":"x","origin":[7.4754925,4.8480296,3.7274356]},"faces":{"east":{"uv":[6.25,6.5,8.0,3.75],"rotation":180,"texture":"#0","tintindex":0},"south":{"uv":[6.25,6.5,8.0,3.75],"rotation":180,"texture":"#0","tintindex":0},"north":{"uv":[6.25,6.5,8.0,3.75],"rotation":180,"texture":"#0","tintindex":0},"west":{"uv":[6.25,6.5,8.0,3.75],"rotation":180,"texture":"#0","tintindex":0},"up":{"uv":[6.25,6.5,8.0,3.75],"rotation":180,"texture":"#0","tintindex":0},"down":{"uv":[6.25,6.5,8.0,3.75],"rotation":180,"texture":"#0","tintindex":0}}},{"from":[6.1688685,4.5280294,7.656652],"to":[10.499365,8.013214,9.308492],"rotation":{"angle":-22.5,"axis":"x","origin":[7.4754925,4.8480296,3.7274356]},"faces":{"east":{"uv":[6.75,6.5,8.0,3.75],"rotation":180,"texture":"#0","tintindex":0},"south":{"uv":[6.25,6.5,8.0,3.75],"rotation":180,"texture":"#0","tintindex":0},"north":{"uv":[6.25,6.5,8.0,3.75],"rotation":180,"texture":"#0","tintindex":0},"west":{"uv":[6.75,6.75,8.0,4.0],"rotation":180,"texture":"#0","tintindex":0},"up":{"uv":[5.75,4.75,8.0,3.75],"rotation":180,"texture":"#0","tintindex":0},"down":{"uv":[6.0,4.5,7.75,3.75],"rotation":180,"texture":"#0","tintindex":0}}},{"from":[6.8728685,5.232177,5.3554525],"to":[9.635365,7.5973606,8.575293],"rotation":{"angle":-22.5,"axis":"x","origin":[7.4754925,4.8480296,3.7274356]},"faces":{"east":{"uv":[6.0,5.75,8.0,3.75],"rotation":180,"texture":"#0","tintindex":0},"south":{"uv":[6.25,6.5,8.0,3.75],"rotation":180,"texture":"#0","tintindex":0},"north":{"uv":[6.25,5.5,8.0,3.75],"rotation":180,"texture":"#0","tintindex":0},"west":{"uv":[6.0,5.75,8.0,3.75],"rotation":180,"texture":"#0","tintindex":0},"up":{"uv":[6.25,6.5,8.0,3.75],"rotation":180,"texture":"#0","tintindex":0},"down":{"uv":[6.25,6.5,8.0,3.75],"rotation":180,"texture":"#0","tintindex":0}}},{"from":[6.5095406,7.693823,5.0014267],"to":[7.1535087,8.3377905,6.289363],"rotation":{"angle":-22.5,"axis":"x","origin":[6.6168685,7.853214,6.0886517]},"faces":{"east":{"uv":[0.0,3.75,3.5,0.0],"rotation":180,"texture":"#0","tintindex":0},"south":{"uv":[14.0,4.75,15.0,4.0],"rotation":180,"texture":"#0","tintindex":0},"north":{"uv":[15.75,4.75,15.0,4.0],"rotation":180,"texture":"#0","tintindex":0},"west":{"uv":[14.0,4.75,15.75,4.0],"rotation":180,"texture":"#0","tintindex":0},"up":{"uv":[0.0,3.75,3.5,0.0],"rotation":180,"texture":"#0","tintindex":0},"down":{"uv":[0.0,3.75,3.5,0.0],"rotation":180,"texture":"#0","tintindex":0}}},{"from":[9.322724,7.693823,5.0014267],"to":[9.966693,8.3377905,6.289363],"rotation":{"angle":-22.5,"axis":"x","origin":[10.051365,7.853214,6.0886517]},"faces":{"east":{"uv":[15.75,4.75,14.0,4.0],"rotation":180,"texture":"#0","tintindex":0},"south":{"uv":[14.0,4.75,15.0,4.0],"rotation":180,"texture":"#0","tintindex":0},"north":{"uv":[15.0,4.75,15.75,4.0],"rotation":180,"texture":"#0","tintindex":0},"west":{"uv":[0.0,3.75,3.5,0.0],"rotation":180,"texture":"#0","tintindex":0},"up":{"uv":[0.0,3.75,3.5,0.0],"rotation":180,"texture":"#0","tintindex":0},"down":{"uv":[0.0,3.75,3.5,0.0],"rotation":180,"texture":"#0","tintindex":0}}},{"from":[6.2948847,8.3377905,4.786771],"to":[7.3681645,8.981759,6.7186747],"rotation":{"angle":-22.5,"axis":"x","origin":[6.6168685,7.853214,6.0886517]},"faces":{"east":{"uv":[6.5,4.5,8.0,3.75],"rotation":180,"texture":"#0","tintindex":0},"south":{"uv":[6.75,4.5,8.0,3.75],"rotation":180,"texture":"#0","tintindex":0},"north":{"uv":[6.75,4.5,8.0,3.75],"rotation":180,"texture":"#0","tintindex":0},"west":{"uv":[6.5,4.5,8.0,3.75],"rotation":180,"texture":"#0","tintindex":0},"up":{"uv":[7.0,6.0,8.0,4.5],"rotation":180,"texture":"#0","tintindex":0},"down":{"uv":[7.0,6.0,8.0,4.5],"rotation":180,"texture":"#0","tintindex":0}}},{"from":[9.300069,8.3377905,4.786771],"to":[10.373348,8.981759,6.7186747],"rotation":{"angle":-22.5,"axis":"x","origin":[10.051365,7.853214,6.0886517]},"faces":{"east":{"uv":[6.75,4.5,8.0,3.75],"rotation":180,"texture":"#0","tintindex":0},"south":{"uv":[6.75,4.5,8.0,3.75],"rotation":180,"texture":"#0","tintindex":0},"north":{"uv":[6.75,4.5,8.0,3.75],"rotation":180,"texture":"#0","tintindex":0},"west":{"uv":[6.75,4.5,8.0,3.75],"rotation":180,"texture":"#0","tintindex":0},"up":{"uv":[6.75,4.5,8.0,3.75],"rotation":180,"texture":"#0","tintindex":0},"down":{"uv":[6.75,4.5,8.0,3.75],"rotation":180,"texture":"#0","tintindex":0}}},{"from":[6.2948847,7.2645106,5.430739],"to":[7.3681645,7.9084787,7.362643],"rotation":{"angle":-22.5,"axis":"x","origin":[6.6168685,6.779934,6.73262]},"faces":{"east":{"uv":[6.75,4.5,8.0,3.75],"rotation":180,"texture":"#0","tintindex":0},"south":{"uv":[6.75,4.5,8.0,3.75],"rotation":180,"texture":"#0","tintindex":0},"north":{"uv":[6.75,4.5,8.0,3.75],"rotation":180,"texture":"#0","tintindex":0},"west":{"uv":[6.75,4.5,8.0,3.75],"rotation":180,"texture":"#0","tintindex":0},"up":{"uv":[6.75,4.5,8.0,3.75],"rotation":180,"texture":"#0","tintindex":0},"down":{"uv":[6.75,4.5,8.0,3.75],"rotation":180,"texture":"#0","tintindex":0}}},{"from":[9.300069,7.2645106,5.430739],"to":[10.373348,7.9084787,7.362643],"rotation":{"angle":-22.5,"axis":"x","origin":[10.051365,6.779934,6.73262]},"faces":{"east":{"uv":[6.75,4.5,8.0,3.75],"rotation":180,"texture":"#0","tintindex":0},"south":{"uv":[6.75,4.5,8.0,3.75],"rotation":180,"texture":"#0","tintindex":0},"north":{"uv":[6.75,4.5,8.0,3.75],"rotation":180,"texture":"#0","tintindex":0},"west":{"uv":[6.75,4.5,8.0,3.75],"rotation":180,"texture":"#0","tintindex":0},"up":{"uv":[6.75,4.5,8.0,3.75],"rotation":180,"texture":"#0","tintindex":0},"down":{"uv":[6.75,4.5,8.0,3.75],"rotation":180,"texture":"#0","tintindex":0}}}],"display":{"head":{"translation":[0.0,-6.4,0.0],"scale":[4.0,4.0,4.0]}}}