{"textures":{"0":"modelengine:entity/rocdarkbrown"},"elements":[{"from":[-1.8214388,8.273794,1.0380144],"to":[11.745471,8.273794,14.872992],"rotation":{"angle":0.0,"axis":"y","origin":[-6.8609962,12.087569,17.959599]},"faces":{"east":{"uv":[0.0,3.75,3.5,0.0],"rotation":180,"texture":"#0","tintindex":0},"south":{"uv":[0.0,3.75,3.5,0.0],"rotation":180,"texture":"#0","tintindex":0},"north":{"uv":[0.0,3.75,3.5,0.0],"rotation":180,"texture":"#0","tintindex":0},"west":{"uv":[0.0,3.75,3.5,0.0],"rotation":180,"texture":"#0","tintindex":0},"up":{"uv":[16.0,16.0,8.0,7.25],"rotation":180,"texture":"#0","tintindex":0},"down":{"uv":[16.0,7.25,8.0,16.0],"rotation":180,"texture":"#0","tintindex":0}}},{"from":[-16.0,8.273794,1.0748782],"to":[-1.7128954,8.273794,14.845857],"rotation":{"angle":0.0,"axis":"y","origin":[-6.8609962,12.087569,32.246704]},"faces":{"east":{"uv":[0.0,3.75,3.5,0.0],"rotation":180,"texture":"#0","tintindex":0},"south":{"uv":[0.0,3.75,3.5,0.0],"rotation":180,"texture":"#0","tintindex":0},"north":{"uv":[0.0,3.75,3.5,0.0],"rotation":180,"texture":"#0","tintindex":0},"west":{"uv":[0.0,3.75,3.5,0.0],"rotation":180,"texture":"#0","tintindex":0},"up":{"uv":[8.0,16.0,0.0,7.25],"rotation":180,"texture":"#0","tintindex":0},"down":{"uv":[8.0,7.25,0.0,16.0],"rotation":180,"texture":"#0","tintindex":0}}},{"from":[6.221856,6.851036,7.0994287],"to":[11.341856,8.771036,8.699429],"rotation":{"angle":0.0,"axis":"y","origin":[9.042848,21.62643,2.6194282]},"faces":{"east":{"uv":[0.0,0.0,2.5,1.0],"rotation":0,"texture":"#0","tintindex":0},"south":{"uv":[0.0,0.0,2.5,1.0],"rotation":0,"texture":"#0","tintindex":0},"north":{"uv":[0.0,0.0,2.5,1.0],"rotation":0,"texture":"#0","tintindex":0},"west":{"uv":[0.0,0.0,2.5,1.0],"rotation":0,"texture":"#0","tintindex":0},"up":{"uv":[0.0,0.0,2.5,1.0],"rotation":0,"texture":"#0","tintindex":0},"down":{"uv":[0.0,0.0,2.5,1.0],"rotation":0,"texture":"#0","tintindex":0}}},{"from":[0.9418564,7.1710362,5.0194283],"to":[6.0618563,8.771036,6.6194286],"rotation":{"angle":-45.0,"axis":"y","origin":[3.6618562,8.291037,7.8994284]},"faces":{"east":{"uv":[0.0,0.0,2.5,1.0],"rotation":0,"texture":"#0","tintindex":0},"south":{"uv":[0.0,0.0,2.5,1.0],"rotation":0,"texture":"#0","tintindex":0},"north":{"uv":[0.0,0.0,2.5,1.0],"rotation":0,"texture":"#0","tintindex":0},"west":{"uv":[0.0,0.0,2.5,1.0],"rotation":0,"texture":"#0","tintindex":0},"up":{"uv":[0.0,0.0,2.5,1.0],"rotation":0,"texture":"#0","tintindex":0},"down":{"uv":[0.0,0.0,2.5,1.0],"rotation":0,"texture":"#0","tintindex":0}}},{"from":[-3.474145,7.4910364,5.0194283],"to":[0.9418564,8.771036,6.6194286],"rotation":{"angle":-45.0,"axis":"y","origin":[3.6618562,8.291037,7.8994284]},"faces":{"east":{"uv":[0.0,0.0,2.5,1.0],"rotation":0,"texture":"#0","tintindex":0},"south":{"uv":[0.0,0.0,2.5,1.0],"rotation":0,"texture":"#0","tintindex":0},"north":{"uv":[0.0,0.0,2.5,1.0],"rotation":0,"texture":"#0","tintindex":0},"west":{"uv":[0.0,0.0,2.5,1.0],"rotation":0,"texture":"#0","tintindex":0},"up":{"uv":[0.0,0.0,2.5,1.0],"rotation":0,"texture":"#0","tintindex":0},"down":{"uv":[0.0,0.0,2.5,1.0],"rotation":0,"texture":"#0","tintindex":0}}},{"from":[-3.762144,7.811036,0.8594279],"to":[0.6538563,8.771036,2.4594283],"rotation":{"angle":0.0,"axis":"y","origin":[3.6618562,8.291037,7.8994284]},"faces":{"east":{"uv":[0.0,0.0,2.5,1.0],"rotation":0,"texture":"#0","tintindex":0},"south":{"uv":[0.0,0.0,2.5,1.0],"rotation":0,"texture":"#0","tintindex":0},"north":{"uv":[0.0,0.0,2.5,1.0],"rotation":0,"texture":"#0","tintindex":0},"west":{"uv":[0.0,0.0,2.5,1.0],"rotation":0,"texture":"#0","tintindex":0},"up":{"uv":[0.0,0.0,2.5,1.0],"rotation":0,"texture":"#0","tintindex":0},"down":{"uv":[0.0,0.0,2.5,1.0],"rotation":0,"texture":"#0","tintindex":0}}},{"from":[-8.146145,7.811036,1.0834284],"to":[-3.7301445,8.771036,2.4594283],"rotation":{"angle":0.0,"axis":"y","origin":[3.6618562,8.291037,7.8994284]},"faces":{"east":{"uv":[0.0,0.0,2.5,1.0],"rotation":0,"texture":"#0","tintindex":0},"south":{"uv":[0.0,0.0,2.5,1.0],"rotation":0,"texture":"#0","tintindex":0},"north":{"uv":[0.0,0.0,2.5,1.0],"rotation":0,"texture":"#0","tintindex":0},"west":{"uv":[0.0,0.0,2.5,1.0],"rotation":0,"texture":"#0","tintindex":0},"up":{"uv":[0.0,0.0,2.5,1.0],"rotation":0,"texture":"#0","tintindex":0},"down":{"uv":[0.0,0.0,2.5,1.0],"rotation":0,"texture":"#0","tintindex":0}}}],"display":{"head":{"translation":[-10.97641,-6.4,0.0],"scale":[4.0,4.0,4.0]}}}