{"textures":{"0":"modelengine:entity/rocdarkbrown"},"elements":[{"from":[7.1682925,4.7357874,8.0558405],"to":[9.366308,10.153797,10.218965],"rotation":{"angle":-45.0,"axis":"x","origin":[8.267301,7.2047925,9.649403]},"faces":{"east":{"uv":[0.0,3.25,1.25,0.0],"rotation":180,"texture":"#0","tintindex":0},"south":{"uv":[0.0,3.25,1.25,0.0],"rotation":180,"texture":"#0","tintindex":0},"north":{"uv":[0.0,3.25,1.25,0.0],"rotation":180,"texture":"#0","tintindex":0},"west":{"uv":[0.0,3.25,1.25,0.0],"rotation":180,"texture":"#0","tintindex":0},"up":{"uv":[0.0,3.25,1.25,0.0],"rotation":180,"texture":"#0","tintindex":0},"down":{"uv":[0.0,3.25,1.25,0.0],"rotation":180,"texture":"#0","tintindex":0}}},{"from":[7.8082924,2.975788,8.695841],"to":[8.726309,8.873797,10.122965],"rotation":{"angle":-45.0,"axis":"x","origin":[8.267301,7.2047925,9.649403]},"faces":{"east":{"uv":[4.0,3.25,5.0,0.0],"rotation":180,"texture":"#0","tintindex":0},"south":{"uv":[4.0,3.25,5.0,0.0],"rotation":180,"texture":"#0","tintindex":0},"north":{"uv":[4.0,3.25,5.0,0.0],"rotation":180,"texture":"#0","tintindex":0},"west":{"uv":[4.0,3.25,5.0,0.0],"rotation":180,"texture":"#0","tintindex":0},"up":{"uv":[4.0,3.25,5.0,0.0],"rotation":180,"texture":"#0","tintindex":0},"down":{"uv":[4.0,3.25,5.0,0.0],"rotation":180,"texture":"#0","tintindex":0}}},{"from":[9.197541,3.8398447,15.365657],"to":[10.032787,4.675091,16.200905],"rotation":{"angle":0.0,"axis":"y","origin":[7.594606,4.4011946,15.334572]},"faces":{"east":{"uv":[4.0,0.75,4.5,0.0],"rotation":180,"texture":"#0","tintindex":0},"south":{"uv":[4.0,0.75,4.75,0.0],"rotation":180,"texture":"#0","tintindex":0},"north":{"uv":[4.0,0.75,4.5,0.0],"rotation":180,"texture":"#0","tintindex":0},"west":{"uv":[4.0,0.75,4.5,0.0],"rotation":180,"texture":"#0","tintindex":0},"up":{"uv":[4.0,0.75,4.5,0.0],"rotation":180,"texture":"#0","tintindex":0},"down":{"uv":[4.0,0.75,4.5,0.0],"rotation":180,"texture":"#0","tintindex":0}}},{"from":[6.9289713,3.8398447,15.365657],"to":[7.7642174,4.675091,16.200905],"rotation":{"angle":0.0,"axis":"y","origin":[7.594606,4.4011946,15.334572]},"faces":{"east":{"uv":[4.0,0.75,4.5,0.0],"rotation":180,"texture":"#0","tintindex":0},"south":{"uv":[4.0,0.75,4.75,0.0],"rotation":180,"texture":"#0","tintindex":0},"north":{"uv":[4.0,0.75,4.5,0.0],"rotation":180,"texture":"#0","tintindex":0},"west":{"uv":[4.0,0.75,4.5,0.0],"rotation":180,"texture":"#0","tintindex":0},"up":{"uv":[4.0,0.75,4.5,0.0],"rotation":180,"texture":"#0","tintindex":0},"down":{"uv":[4.0,0.75,4.5,0.0],"rotation":180,"texture":"#0","tintindex":0}}},{"from":[8.063256,3.8398447,15.365657],"to":[8.898502,4.675091,16.200905],"rotation":{"angle":0.0,"axis":"y","origin":[7.594606,4.4011946,15.334572]},"faces":{"east":{"uv":[4.0,0.75,4.5,0.0],"rotation":180,"texture":"#0","tintindex":0},"south":{"uv":[4.0,0.75,4.75,0.0],"rotation":180,"texture":"#0","tintindex":0},"north":{"uv":[4.0,0.75,4.5,0.0],"rotation":180,"texture":"#0","tintindex":0},"west":{"uv":[4.0,0.75,4.5,0.0],"rotation":180,"texture":"#0","tintindex":0},"up":{"uv":[4.0,0.75,4.5,0.0],"rotation":180,"texture":"#0","tintindex":0},"down":{"uv":[4.0,0.75,4.5,0.0],"rotation":180,"texture":"#0","tintindex":0}}},{"from":[9.475957,4.1806726,15.965453],"to":[9.754372,4.7375035,16.522285],"rotation":{"angle":0.0,"axis":"y","origin":[7.594606,4.4011946,15.334572]},"faces":{"east":{"uv":[4.0,0.75,4.25,0.0],"rotation":180,"texture":"#0","tintindex":0},"south":{"uv":[4.0,0.75,4.25,0.0],"rotation":180,"texture":"#0","tintindex":0},"north":{"uv":[4.0,0.75,4.25,0.0],"rotation":180,"texture":"#0","tintindex":0},"west":{"uv":[4.0,0.75,4.25,0.0],"rotation":180,"texture":"#0","tintindex":0},"up":{"uv":[4.0,0.75,4.25,0.0],"rotation":180,"texture":"#0","tintindex":0},"down":{"uv":[4.0,0.75,4.25,0.0],"rotation":180,"texture":"#0","tintindex":0}}},{"from":[7.207387,4.1806726,15.965453],"to":[7.485802,4.7375035,16.522285],"rotation":{"angle":0.0,"axis":"y","origin":[7.594606,4.4011946,15.334572]},"faces":{"east":{"uv":[4.0,0.75,4.25,0.0],"rotation":180,"texture":"#0","tintindex":0},"south":{"uv":[4.0,0.75,4.25,0.0],"rotation":180,"texture":"#0","tintindex":0},"north":{"uv":[4.0,0.75,4.25,0.0],"rotation":180,"texture":"#0","tintindex":0},"west":{"uv":[4.0,0.75,4.25,0.0],"rotation":180,"texture":"#0","tintindex":0},"up":{"uv":[4.0,0.75,4.25,0.0],"rotation":180,"texture":"#0","tintindex":0},"down":{"uv":[4.0,0.75,4.25,0.0],"rotation":180,"texture":"#0","tintindex":0}}},{"from":[8.341672,4.1806726,15.965453],"to":[8.620087,4.7375035,16.522285],"rotation":{"angle":0.0,"axis":"y","origin":[7.594606,4.4011946,15.334572]},"faces":{"east":{"uv":[4.0,0.75,4.25,0.0],"rotation":180,"texture":"#0","tintindex":0},"south":{"uv":[4.0,0.75,4.25,0.0],"rotation":180,"texture":"#0","tintindex":0},"north":{"uv":[4.0,0.75,4.25,0.0],"rotation":180,"texture":"#0","tintindex":0},"west":{"uv":[4.0,0.75,4.25,0.0],"rotation":180,"texture":"#0","tintindex":0},"up":{"uv":[4.0,0.75,4.25,0.0],"rotation":180,"texture":"#0","tintindex":0},"down":{"uv":[4.0,0.75,4.25,0.0],"rotation":180,"texture":"#0","tintindex":0}}},{"from":[9.030492,3.4578786,13.976656],"to":[10.144154,4.6550646,15.535782],"rotation":{"angle":0.0,"axis":"y","origin":[7.594606,4.4011946,15.334572]},"faces":{"east":{"uv":[4.0,1.0,4.75,0.0],"rotation":180,"texture":"#0","tintindex":0},"south":{"uv":[4.0,1.0,4.75,0.0],"rotation":180,"texture":"#0","tintindex":0},"north":{"uv":[4.0,1.0,4.75,0.0],"rotation":180,"texture":"#0","tintindex":0},"west":{"uv":[4.0,1.0,4.75,0.0],"rotation":180,"texture":"#0","tintindex":0},"up":{"uv":[4.0,1.0,4.75,0.0],"rotation":180,"texture":"#0","tintindex":0},"down":{"uv":[4.0,1.0,4.75,0.0],"rotation":180,"texture":"#0","tintindex":0}}},{"from":[6.7619224,3.4578786,13.976656],"to":[7.8755836,4.6550646,15.535782],"rotation":{"angle":0.0,"axis":"y","origin":[7.594606,4.4011946,15.334572]},"faces":{"east":{"uv":[4.0,1.0,4.75,0.0],"rotation":180,"texture":"#0","tintindex":0},"south":{"uv":[4.0,1.0,4.75,0.0],"rotation":180,"texture":"#0","tintindex":0},"north":{"uv":[4.0,1.0,4.75,0.0],"rotation":180,"texture":"#0","tintindex":0},"west":{"uv":[4.0,1.0,4.75,0.0],"rotation":180,"texture":"#0","tintindex":0},"up":{"uv":[4.0,1.0,4.75,0.0],"rotation":180,"texture":"#0","tintindex":0},"down":{"uv":[4.0,1.0,4.75,0.0],"rotation":180,"texture":"#0","tintindex":0}}},{"from":[7.896207,3.4578786,13.976656],"to":[9.009869,4.6550646,15.535782],"rotation":{"angle":0.0,"axis":"y","origin":[7.594606,4.4011946,15.334572]},"faces":{"east":{"uv":[4.0,1.0,4.75,0.0],"rotation":180,"texture":"#0","tintindex":0},"south":{"uv":[4.0,1.0,4.75,0.0],"rotation":180,"texture":"#0","tintindex":0},"north":{"uv":[4.0,1.0,4.75,0.0],"rotation":180,"texture":"#0","tintindex":0},"west":{"uv":[4.0,1.0,4.75,0.0],"rotation":180,"texture":"#0","tintindex":0},"up":{"uv":[4.0,1.0,4.75,0.0],"rotation":180,"texture":"#0","tintindex":0},"down":{"uv":[4.0,1.0,4.75,0.0],"rotation":180,"texture":"#0","tintindex":0}}},{"from":[7.22801,3.536034,12.021165],"to":[9.455333,4.6496954,13.970072],"rotation":{"angle":0.0,"axis":"y","origin":[7.594606,4.4011946,15.334572]},"faces":{"east":{"uv":[4.0,1.25,5.25,0.0],"rotation":180,"texture":"#0","tintindex":0},"south":{"uv":[4.0,1.25,5.25,0.0],"rotation":180,"texture":"#0","tintindex":0},"north":{"uv":[4.0,1.25,5.25,0.0],"rotation":180,"texture":"#0","tintindex":0},"west":{"uv":[4.0,1.25,5.25,0.0],"rotation":180,"texture":"#0","tintindex":0},"up":{"uv":[4.0,1.25,5.25,0.0],"rotation":180,"texture":"#0","tintindex":0},"down":{"uv":[4.0,1.25,5.25,0.0],"rotation":180,"texture":"#0","tintindex":0}}}],"display":{"head":{"translation":[0.0,-6.4,0.0],"scale":[4.0,4.0,4.0]}}}