{"textures":{"0":"modelengine:entity/rocdarkbrown"},"elements":[{"from":[4.2545304,8.021085,1.2094431],"to":[17.821442,8.021085,15.04442],"rotation":{"angle":0.0,"axis":"y","origin":[22.860998,11.83486,18.13103]},"faces":{"east":{"uv":[3.5,3.75,0.0,0.0],"rotation":180,"texture":"#0","tintindex":0},"south":{"uv":[3.5,3.75,0.0,0.0],"rotation":180,"texture":"#0","tintindex":0},"north":{"uv":[3.5,3.75,0.0,0.0],"rotation":180,"texture":"#0","tintindex":0},"west":{"uv":[3.5,3.75,0.0,0.0],"rotation":180,"texture":"#0","tintindex":0},"up":{"uv":[8.0,16.0,16.0,7.25],"rotation":180,"texture":"#0","tintindex":0},"down":{"uv":[8.0,7.25,16.0,16.0],"rotation":180,"texture":"#0","tintindex":0}}},{"from":[17.712898,8.021085,1.2463069],"to":[32.0,8.021085,15.017284],"rotation":{"angle":0.0,"axis":"y","origin":[22.860998,11.83486,32.418133]},"faces":{"east":{"uv":[3.5,3.75,0.0,0.0],"rotation":180,"texture":"#0","tintindex":0},"south":{"uv":[3.5,3.75,0.0,0.0],"rotation":180,"texture":"#0","tintindex":0},"north":{"uv":[3.5,3.75,0.0,0.0],"rotation":180,"texture":"#0","tintindex":0},"west":{"uv":[3.5,3.75,0.0,0.0],"rotation":180,"texture":"#0","tintindex":0},"up":{"uv":[0.0,16.0,8.0,7.25],"rotation":180,"texture":"#0","tintindex":0},"down":{"uv":[0.0,7.25,8.0,16.0],"rotation":180,"texture":"#0","tintindex":0}}},{"from":[4.658145,6.598326,7.270857],"to":[9.778145,8.518327,8.870857],"rotation":{"angle":0.0,"axis":"y","origin":[6.957154,21.373722,2.7908568]},"faces":{"east":{"uv":[2.5,0.0,0.0,1.0],"rotation":0,"texture":"#0","tintindex":0},"south":{"uv":[2.5,0.0,0.0,1.0],"rotation":0,"texture":"#0","tintindex":0},"north":{"uv":[2.5,0.0,0.0,1.0],"rotation":0,"texture":"#0","tintindex":0},"west":{"uv":[2.5,0.0,0.0,1.0],"rotation":0,"texture":"#0","tintindex":0},"up":{"uv":[2.5,0.0,0.0,1.0],"rotation":0,"texture":"#0","tintindex":0},"down":{"uv":[2.5,0.0,0.0,1.0],"rotation":0,"texture":"#0","tintindex":0}}},{"from":[9.938145,6.9183264,5.190857],"to":[15.0581455,8.518327,6.7908573],"rotation":{"angle":45.0,"axis":"y","origin":[12.338145,8.038326,8.070857]},"faces":{"east":{"uv":[2.5,0.0,0.0,1.0],"rotation":0,"texture":"#0","tintindex":0},"south":{"uv":[2.5,0.0,0.0,1.0],"rotation":0,"texture":"#0","tintindex":0},"north":{"uv":[2.5,0.0,0.0,1.0],"rotation":0,"texture":"#0","tintindex":0},"west":{"uv":[2.5,0.0,0.0,1.0],"rotation":0,"texture":"#0","tintindex":0},"up":{"uv":[2.5,0.0,0.0,1.0],"rotation":0,"texture":"#0","tintindex":0},"down":{"uv":[2.5,0.0,0.0,1.0],"rotation":0,"texture":"#0","tintindex":0}}},{"from":[15.0581455,7.2383265,5.190857],"to":[19.474146,8.518327,6.7908573],"rotation":{"angle":45.0,"axis":"y","origin":[12.338145,8.038326,8.070857]},"faces":{"east":{"uv":[2.5,0.0,0.0,1.0],"rotation":0,"texture":"#0","tintindex":0},"south":{"uv":[2.5,0.0,0.0,1.0],"rotation":0,"texture":"#0","tintindex":0},"north":{"uv":[2.5,0.0,0.0,1.0],"rotation":0,"texture":"#0","tintindex":0},"west":{"uv":[2.5,0.0,0.0,1.0],"rotation":0,"texture":"#0","tintindex":0},"up":{"uv":[2.5,0.0,0.0,1.0],"rotation":0,"texture":"#0","tintindex":0},"down":{"uv":[2.5,0.0,0.0,1.0],"rotation":0,"texture":"#0","tintindex":0}}},{"from":[15.346146,7.5583262,1.0308566],"to":[19.762146,8.518327,2.630857],"rotation":{"angle":0.0,"axis":"y","origin":[12.338145,8.038326,8.070857]},"faces":{"east":{"uv":[2.5,0.0,0.0,1.0],"rotation":0,"texture":"#0","tintindex":0},"south":{"uv":[2.5,0.0,0.0,1.0],"rotation":0,"texture":"#0","tintindex":0},"north":{"uv":[2.5,0.0,0.0,1.0],"rotation":0,"texture":"#0","tintindex":0},"west":{"uv":[2.5,0.0,0.0,1.0],"rotation":0,"texture":"#0","tintindex":0},"up":{"uv":[2.5,0.0,0.0,1.0],"rotation":0,"texture":"#0","tintindex":0},"down":{"uv":[2.5,0.0,0.0,1.0],"rotation":0,"texture":"#0","tintindex":0}}},{"from":[19.730146,7.5583262,1.2548571],"to":[24.146147,8.518327,2.630857],"rotation":{"angle":0.0,"axis":"y","origin":[12.338145,8.038326,8.070857]},"faces":{"east":{"uv":[2.5,0.0,0.0,1.0],"rotation":0,"texture":"#0","tintindex":0},"south":{"uv":[2.5,0.0,0.0,1.0],"rotation":0,"texture":"#0","tintindex":0},"north":{"uv":[2.5,0.0,0.0,1.0],"rotation":0,"texture":"#0","tintindex":0},"west":{"uv":[2.5,0.0,0.0,1.0],"rotation":0,"texture":"#0","tintindex":0},"up":{"uv":[2.5,0.0,0.0,1.0],"rotation":0,"texture":"#0","tintindex":0},"down":{"uv":[2.5,0.0,0.0,1.0],"rotation":0,"texture":"#0","tintindex":0}}}],"display":{"head":{"translation":[8.85807,-6.4,0.0],"scale":[4.0,4.0,4.0]}}}