{"textures":{"0":"modelengine:entity/boar_female"},"elements":[{"from":[5.532834,5.19768,5.8982573],"to":[9.766588,8.350291,10.8023205],"rotation":{"angle":0.0,"axis":"y","origin":[6.2485485,5.0225315,10.101743]},"faces":{"east":{"uv":[2.125,8.625,3.375,9.375],"rotation":0,"texture":"#0","tintindex":0},"south":{"uv":[9.0,0.0,10.125,0.75],"rotation":0,"texture":"#0","tintindex":0},"north":{"uv":[5.0,8.875,6.125,9.625],"rotation":0,"texture":"#0","tintindex":0},"west":{"uv":[8.625,6.0,9.875,6.75],"rotation":0,"texture":"#0","tintindex":0},"up":{"uv":[5.75,5.0,4.625,3.75],"rotation":0,"texture":"#0","tintindex":0},"down":{"uv":[6.125,0.0,5.0,1.25],"rotation":0,"texture":"#0","tintindex":0}}},{"from":[5.19768,6.773983,0.29361105],"to":[10.276886,10.276886,2.7456455],"rotation":{"angle":45.0,"axis":"x","origin":[6.2485485,6.5988398,3.0959368]},"faces":{"east":{"uv":[3.25,11.75,3.875,12.625],"rotation":0,"texture":"#0","tintindex":0},"south":{"uv":[7.25,6.25,8.5,7.125],"rotation":0,"texture":"#0","tintindex":0},"north":{"uv":[7.125,3.75,8.375,4.625],"rotation":0,"texture":"#0","tintindex":0},"west":{"uv":[4.0,11.75,4.625,12.625],"rotation":0,"texture":"#0","tintindex":0},"up":{"uv":[5.5,10.375,4.25,9.75],"rotation":0,"texture":"#0","tintindex":0},"down":{"uv":[11.0,8.625,9.75,9.25],"rotation":0,"texture":"#0","tintindex":0}}},{"from":[5.0225315,7.6497087,0.118468285],"to":[10.452034,10.452034,2.7456455],"rotation":{"angle":45.0,"axis":"x","origin":[6.2485485,6.5988398,3.0959368]},"faces":{"east":{"uv":[12.25,11.875,12.875,12.625],"rotation":0,"texture":"#0","tintindex":0},"south":{"uv":[7.5,0.0,8.875,0.75],"rotation":0,"texture":"#0","tintindex":0},"north":{"uv":[7.375,2.375,8.75,3.125],"rotation":0,"texture":"#0","tintindex":0},"west":{"uv":[5.75,12.375,6.375,13.125],"rotation":0,"texture":"#0","tintindex":0},"up":{"uv":[10.25,2.75,8.875,2.125],"rotation":0,"texture":"#0","tintindex":0},"down":{"uv":[4.875,8.875,3.5,9.5],"rotation":0,"texture":"#0","tintindex":0}}},{"from":[4.6722403,6.2485485,3.6213713],"to":[10.627177,10.310892,5.5479655],"rotation":{"angle":22.5,"axis":"x","origin":[6.2485485,6.5988398,3.0959368]},"faces":{"east":{"uv":[9.625,11.125,10.125,12.25],"rotation":0,"texture":"#0","tintindex":0},"south":{"uv":[0.0,2.75,1.5,3.875],"rotation":0,"texture":"#0","tintindex":0},"north":{"uv":[1.75,2.5,3.25,3.625],"rotation":0,"texture":"#0","tintindex":0},"west":{"uv":[1.75,11.25,2.25,12.375],"rotation":0,"texture":"#0","tintindex":0},"up":{"uv":[11.875,2.625,10.375,2.125],"rotation":0,"texture":"#0","tintindex":0},"down":{"uv":[11.875,2.75,10.375,3.25],"rotation":0,"texture":"#0","tintindex":0}}},{"from":[4.8473883,4.497097,2.3953538],"to":[10.452034,8.7005825,6.9491315],"rotation":{"angle":22.5,"axis":"x","origin":[6.2485485,4.8473883,7.6497087]},"faces":{"east":{"uv":[5.625,5.125,6.75,6.25],"rotation":0,"texture":"#0","tintindex":0},"south":{"uv":[3.5,0.0,4.875,1.125],"rotation":0,"texture":"#0","tintindex":0},"north":{"uv":[3.375,2.5,4.75,3.625],"rotation":0,"texture":"#0","tintindex":0},"west":{"uv":[5.875,3.75,7.0,4.875],"rotation":0,"texture":"#0","tintindex":0},"up":{"uv":[4.875,2.375,3.5,1.25],"rotation":0,"texture":"#0","tintindex":0},"down":{"uv":[3.0,3.75,1.625,4.875],"rotation":0,"texture":"#0","tintindex":0}}},{"from":[4.497097,4.321954,2.2202115],"to":[10.8023205,8.875726,7.1242743],"rotation":{"angle":22.5,"axis":"x","origin":[6.2485485,4.8473883,7.6497087]},"faces":{"east":{"uv":[4.875,2.5,6.125,3.625],"rotation":0,"texture":"#0","tintindex":0},"south":{"uv":[1.75,1.25,3.375,2.375],"rotation":0,"texture":"#0","tintindex":0},"north":{"uv":[1.75,0.0,3.375,1.125],"rotation":0,"texture":"#0","tintindex":0},"west":{"uv":[1.5,5.0,2.75,6.125],"rotation":0,"texture":"#0","tintindex":0},"up":{"uv":[1.625,1.25,0.0,0.0],"rotation":0,"texture":"#0","tintindex":0},"down":{"uv":[1.625,1.375,0.0,2.625],"rotation":0,"texture":"#0","tintindex":0}}},{"from":[5.0225315,4.6722403,2.5705023],"to":[10.276886,8.5254345,6.773983],"rotation":{"angle":22.5,"axis":"x","origin":[6.2485485,4.8473883,7.6497087]},"faces":{"east":{"uv":[6.25,0.0,7.375,1.0],"rotation":0,"texture":"#0","tintindex":0},"south":{"uv":[0.0,5.25,1.375,6.25],"rotation":0,"texture":"#0","tintindex":0},"north":{"uv":[5.0,1.375,6.375,2.375],"rotation":0,"texture":"#0","tintindex":0},"west":{"uv":[1.5,6.25,2.625,7.25],"rotation":0,"texture":"#0","tintindex":0},"up":{"uv":[4.5,4.875,3.125,3.75],"rotation":0,"texture":"#0","tintindex":0},"down":{"uv":[1.375,4.0,0.0,5.125],"rotation":0,"texture":"#0","tintindex":0}}},{"from":[5.723114,6.0734057,8.175143],"to":[9.576308,9.050869,11.678046],"rotation":{"angle":22.5,"axis":"x","origin":[6.2485485,5.19768,10.276886]},"faces":{"east":{"uv":[10.75,10.125,11.625,10.875],"rotation":0,"texture":"#0","tintindex":0},"south":{"uv":[10.25,4.125,11.25,4.875],"rotation":0,"texture":"#0","tintindex":0},"north":{"uv":[10.25,0.0,11.25,0.75],"rotation":0,"texture":"#0","tintindex":0},"west":{"uv":[0.75,10.875,1.625,11.625],"rotation":0,"texture":"#0","tintindex":0},"up":{"uv":[9.625,9.5,8.625,8.625],"rotation":0,"texture":"#0","tintindex":0},"down":{"uv":[1.0,8.75,0.0,9.625],"rotation":0,"texture":"#0","tintindex":0}}},{"from":[5.5479655,6.4236913,8.0],"to":[9.7514515,9.576308,10.627177],"rotation":{"angle":22.5,"axis":"x","origin":[6.2485485,5.5479655,10.101743]},"faces":{"east":{"uv":[12.25,0.0,12.875,0.75],"rotation":0,"texture":"#0","tintindex":0},"south":{"uv":[2.125,9.5,3.25,10.25],"rotation":0,"texture":"#0","tintindex":0},"north":{"uv":[9.0,4.5,10.125,5.25],"rotation":0,"texture":"#0","tintindex":0},"west":{"uv":[12.25,4.125,12.875,4.875],"rotation":0,"texture":"#0","tintindex":0},"up":{"uv":[11.5,4.0,10.375,3.375],"rotation":0,"texture":"#0","tintindex":0},"down":{"uv":[6.875,10.75,5.75,11.375],"rotation":0,"texture":"#0","tintindex":0}}},{"from":[5.8982573,6.5988398,5.723114],"to":[9.40116,10.9774685,8.175143],"rotation":{"angle":22.5,"axis":"x","origin":[6.2485485,6.5988398,7.824857]},"faces":{"east":{"uv":[0.0,10.75,0.625,11.875],"rotation":0,"texture":"#0","tintindex":0},"south":{"uv":[3.625,7.625,4.5,8.75],"rotation":0,"texture":"#0","tintindex":0},"north":{"uv":[7.625,0.875,8.5,2.0],"rotation":0,"texture":"#0","tintindex":0},"west":{"uv":[7.0,10.75,7.625,11.875],"rotation":0,"texture":"#0","tintindex":0},"up":{"uv":[12.625,7.75,11.75,7.125],"rotation":0,"texture":"#0","tintindex":0},"down":{"uv":[8.625,11.75,7.75,12.375],"rotation":0,"texture":"#0","tintindex":0}}},{"from":[5.8982573,7.1242743,4.321954],"to":[9.40116,11.32776,7.6497087],"rotation":{"angle":0.0,"axis":"y","origin":[6.2485485,7.1242743,6.773983]},"faces":{"east":{"uv":[5.625,7.625,6.5,8.75],"rotation":0,"texture":"#0","tintindex":0},"south":{"uv":[8.0,4.75,8.875,5.875],"rotation":0,"texture":"#0","tintindex":0},"north":{"uv":[4.625,7.625,5.5,8.75],"rotation":0,"texture":"#0","tintindex":0},"west":{"uv":[6.625,8.25,7.5,9.375],"rotation":0,"texture":"#0","tintindex":0},"up":{"uv":[0.875,10.625,0.0,9.75],"rotation":0,"texture":"#0","tintindex":0},"down":{"uv":[10.875,6.125,10.0,7.0],"rotation":0,"texture":"#0","tintindex":0}}},{"from":[5.8982573,7.1242743,4.321954],"to":[9.40116,11.32776,7.6497087],"rotation":{"angle":0.0,"axis":"y","origin":[6.2485485,7.1242743,6.773983]},"faces":{"east":{"uv":[1.125,8.375,2.0,9.5],"rotation":0,"texture":"#0","tintindex":0},"south":{"uv":[8.5,3.25,9.375,4.375],"rotation":0,"texture":"#0","tintindex":0},"north":{"uv":[7.625,8.25,8.5,9.375],"rotation":0,"texture":"#0","tintindex":0},"west":{"uv":[8.625,0.875,9.5,2.0],"rotation":0,"texture":"#0","tintindex":0},"up":{"uv":[10.875,8.0,10.0,7.125],"rotation":0,"texture":"#0","tintindex":0},"down":{"uv":[10.625,10.125,9.75,11.0],"rotation":0,"texture":"#0","tintindex":0}}},{"from":[5.723114,7.1242743,3.7322397],"to":[9.576308,11.404617,7.551423],"rotation":{"angle":0.0,"axis":"y","origin":[6.2485485,7.1242743,6.773983]},"faces":{"east":{"uv":[3.875,6.375,4.875,7.5],"rotation":0,"texture":"#0","tintindex":0},"south":{"uv":[5.0,6.375,6.0,7.5],"rotation":0,"texture":"#0","tintindex":0},"north":{"uv":[0.0,6.375,1.0,7.5],"rotation":0,"texture":"#0","tintindex":0},"west":{"uv":[6.125,6.375,7.125,7.5],"rotation":0,"texture":"#0","tintindex":0},"up":{"uv":[3.5,8.5,2.5,7.5],"rotation":0,"texture":"#0","tintindex":0},"down":{"uv":[1.0,7.625,0.0,8.625],"rotation":0,"texture":"#0","tintindex":0}}},{"from":[5.1548223,6.773983,5.723114],"to":[10.095451,10.9774685,8.875726],"rotation":{"angle":22.5,"axis":"x","origin":[6.2485485,6.773983,8.0]},"faces":{"east":{"uv":[7.125,9.5,7.875,10.625],"rotation":0,"texture":"#0","tintindex":0},"south":{"uv":[4.25,5.125,5.5,6.25],"rotation":0,"texture":"#0","tintindex":0},"north":{"uv":[2.875,5.0,4.125,6.125],"rotation":0,"texture":"#0","tintindex":0},"west":{"uv":[9.625,0.875,10.375,2.0],"rotation":0,"texture":"#0","tintindex":0},"up":{"uv":[9.875,7.625,8.625,6.875],"rotation":0,"texture":"#0","tintindex":0},"down":{"uv":[9.875,7.75,8.625,8.5],"rotation":0,"texture":"#0","tintindex":0}}},{"from":[6.0734057,5.3728228,8.5254345],"to":[9.226017,9.576308,11.32776],"rotation":{"angle":22.5,"axis":"x","origin":[6.2485485,5.3728228,10.8023205]},"faces":{"east":{"uv":[3.375,9.625,4.125,10.75],"rotation":0,"texture":"#0","tintindex":0},"south":{"uv":[8.0,9.625,8.75,10.75],"rotation":0,"texture":"#0","tintindex":0},"north":{"uv":[1.125,9.625,1.875,10.75],"rotation":0,"texture":"#0","tintindex":0},"west":{"uv":[8.875,9.625,9.625,10.75],"rotation":0,"texture":"#0","tintindex":0},"up":{"uv":[1.5,12.5,0.75,11.75],"rotation":0,"texture":"#0","tintindex":0},"down":{"uv":[3.125,11.75,2.375,12.5],"rotation":0,"texture":"#0","tintindex":0}}},{"from":[7.299417,7.1242743,10.8023205],"to":[8.175143,8.0,13.954937],"rotation":{"angle":45.0,"axis":"x","origin":[6.2485485,6.0734057,12.72892]},"faces":{"east":{"uv":[10.25,5.0,11.0,5.25],"rotation":0,"texture":"#0","tintindex":0},"south":{"uv":[10.75,8.25,11.0,8.5],"rotation":0,"texture":"#0","tintindex":0},"north":{"uv":[6.25,8.875,6.5,9.125],"rotation":0,"texture":"#0","tintindex":0},"west":{"uv":[11.875,6.75,12.625,7.0],"rotation":0,"texture":"#0","tintindex":0},"up":{"uv":[1.375,7.125,1.125,6.375],"rotation":0,"texture":"#0","tintindex":0},"down":{"uv":[10.0,13.375,9.75,14.125],"rotation":0,"texture":"#0","tintindex":0}}}],"display":{"head":{"translation":[0.0,-6.4,0.0],"scale":[4.0,4.0,4.0]}}}