{
	"credit": "Made with Blockbench",
	"texture_size": [128, 128],
	"textures": {
		"0": "mccosmetics:cosmetics/toffy_backpack"
	},
	"elements": [
		{
			"from": [0, 8.07612, 5.38268],
			"to": [16, 14.07612, 11.38268],
			"rotation": {"angle": 22.5, "axis": "x", "origin": [8, 11.07612, 8.38268]},
			"faces": {
				"north": {"uv": [0, 0, 2, 0.75], "texture": "#0"},
				"east": {"uv": [4.25, 0, 5, 0.75], "texture": "#0"},
				"south": {"uv": [0, 0.875, 2, 1.625], "texture": "#0"},
				"west": {"uv": [2.75, 3.375, 3.5, 4.125], "texture": "#0"},
				"up": {"uv": [2, 2.5, 0, 1.75], "texture": "#0"},
				"down": {"uv": [4.125, 0, 2.125, 0.75], "texture": "#0"}
			}
		},
		{
			"from": [3, 0, 5],
			"to": [13, 9, 14],
			"rotation": {"angle": 0, "axis": "y", "origin": [2.66667, -2, 6.66667]},
			"faces": {
				"north": {"uv": [2.125, 0.875, 3.375, 2], "texture": "#0"},
				"east": {"uv": [3.5, 2.125, 4.625, 3.25], "texture": "#0"},
				"south": {"uv": [2.125, 2.125, 3.375, 3.25], "texture": "#0"},
				"west": {"uv": [0, 3.875, 1.125, 5], "texture": "#0"},
				"up": {"uv": [1.25, 3.75, 0, 2.625], "texture": "#0"},
				"down": {"uv": [2.625, 3.375, 1.375, 4.5], "texture": "#0"}
			}
		},
		{
			"from": [10.975, 5, 0],
			"to": [12.975, 10, 1],
			"rotation": {"angle": 0, "axis": "y", "origin": [-0.025, 0, 0]},
			"faces": {
				"north": {"uv": [4.75, 1.125, 5, 1.75], "texture": "#0"},
				"east": {"uv": [5.125, 1.875, 5.25, 2.5], "texture": "#0"},
				"south": {"uv": [4.75, 1.875, 5, 2.5], "texture": "#0"},
				"west": {"uv": [5.125, 1.125, 5.25, 1.75], "texture": "#0"},
				"up": {"uv": [5.125, 2.625, 5.375, 2.75], "texture": "#0"},
				"down": {"uv": [4.75, 2.625, 5, 2.75], "texture": "#0"}
			}
		},
		{
			"from": [10.975, 9, 1],
			"to": [12.975, 10, 5],
			"rotation": {"angle": 0, "axis": "y", "origin": [-0.025, 0, 0]},
			"faces": {
				"north": {"uv": [5.75, 0.25, 6, 0.375], "texture": "#0"},
				"east": {"uv": [5.125, 0, 5.625, 0.125], "texture": "#0"},
				"south": {"uv": [5.75, 0, 6, 0.125], "texture": "#0"},
				"west": {"uv": [5.125, 0.25, 5.625, 0.375], "texture": "#0"},
				"up": {"uv": [5.5, 0.5, 5.75, 1], "texture": "#0"},
				"down": {"uv": [5.125, 0.5, 5.375, 1], "texture": "#0"}
			}
		},
		{
			"from": [10.95, 1.26777, -1.06066],
			"to": [12.95, 2.26777, 5.93934],
			"rotation": {"angle": 45, "axis": "x", "origin": [11.975, 1.76777, 3.93934]},
			"faces": {
				"north": {"uv": [4.375, 3.625, 4.625, 3.75], "texture": "#0"},
				"east": {"uv": [3.625, 4.625, 4.5, 4.75], "texture": "#0"},
				"south": {"uv": [4.375, 3.375, 4.625, 3.5], "texture": "#0"},
				"west": {"uv": [3.625, 4.375, 4.5, 4.5], "texture": "#0"},
				"up": {"uv": [4, 3.375, 4.25, 4.25], "texture": "#0"},
				"down": {"uv": [3.625, 3.375, 3.875, 4.25], "texture": "#0"}
			}
		},
		{
			"from": [3.05, 1.26777, -1.06066],
			"to": [5.05, 2.26777, 5.93934],
			"rotation": {"angle": 45, "axis": "x", "origin": [4.025, 1.76777, 3.93934]},
			"faces": {
				"north": {"uv": [4.625, 3.625, 4.375, 3.75], "texture": "#0"},
				"east": {"uv": [4.5, 4.375, 3.625, 4.5], "texture": "#0"},
				"south": {"uv": [4.625, 3.375, 4.375, 3.5], "texture": "#0"},
				"west": {"uv": [4.5, 4.625, 3.625, 4.75], "texture": "#0"},
				"up": {"uv": [4.25, 3.375, 4, 4.25], "texture": "#0"},
				"down": {"uv": [3.875, 3.375, 3.625, 4.25], "texture": "#0"}
			}
		},
		{
			"from": [3.025, 5, 0],
			"to": [5.025, 10, 1],
			"rotation": {"angle": 0, "axis": "y", "origin": [16.025, 0, 0]},
			"faces": {
				"north": {"uv": [5, 1.125, 4.75, 1.75], "texture": "#0"},
				"east": {"uv": [5.25, 1.125, 5.125, 1.75], "texture": "#0"},
				"south": {"uv": [5, 1.875, 4.75, 2.5], "texture": "#0"},
				"west": {"uv": [5.25, 1.875, 5.125, 2.5], "texture": "#0"},
				"up": {"uv": [5.375, 2.625, 5.125, 2.75], "texture": "#0"},
				"down": {"uv": [5, 2.625, 4.75, 2.75], "texture": "#0"}
			}
		},
		{
			"from": [3.025, 9, 1],
			"to": [5.025, 10, 5],
			"rotation": {"angle": 0, "axis": "y", "origin": [16.025, 0, 0]},
			"faces": {
				"north": {"uv": [6, 0.25, 5.75, 0.375], "texture": "#0"},
				"east": {"uv": [5.625, 0.25, 5.125, 0.375], "texture": "#0"},
				"south": {"uv": [6, 0, 5.75, 0.125], "texture": "#0"},
				"west": {"uv": [5.625, 0, 5.125, 0.125], "texture": "#0"},
				"up": {"uv": [5.75, 0.5, 5.5, 1], "texture": "#0"},
				"down": {"uv": [5.375, 0.5, 5.125, 1], "texture": "#0"}
			}
		}
	],
	"gui_light": "front",
	"display": {
		"thirdperson_righthand": {
			"rotation": [0, -180, 0],
			"translation": [-1.25, 0, -1.5],
			"scale": [0.5, 0.5, 0.5]
		},
		"thirdperson_lefthand": {
			"rotation": [0, -180, 0],
			"translation": [-1.25, 0, -1.5],
			"scale": [0.5, 0.5, 0.5]
		},
		"firstperson_righthand": {
			"rotation": [180, -13.25, 180],
			"translation": [0, 2.25, 0.25],
			"scale": [0.5, 0.5, 0.5]
		},
		"firstperson_lefthand": {
			"rotation": [180, -13.25, 180],
			"translation": [0, 2.25, 0.25],
			"scale": [0.5, 0.5, 0.5]
		},
		"ground": {
			"translation": [0, 0.5, 0],
			"scale": [0.5, 0.5, 0.5]
		},
		"gui": {
			"rotation": [16, -46, 0],
			"translation": [0, 0.5, 0],
			"scale": [0.85, 0.85, 0.85]
		},
		"head": {
			"translation": [0, -45, 8.25],
			"scale": [1.6, 1.6, 1.6]
		},
		"fixed": {
			"rotation": [-16, -180, 0],
			"translation": [0, 1, -4.5]
		}
	}
}