{"textures":{"0":"modelengine:entity/bugtexture"},"elements":[{"from":[7.5714283,8.0,7.142857],"to":[8.428572,8.857143,8.857143],"rotation":{"angle":0.0,"axis":"y","origin":[8.0,8.0,8.0]},"faces":{"east":{"uv":[0.0,0.0,3.0,2.0],"rotation":0,"texture":"#0","tintindex":0},"south":{"uv":[2.0,6.0,4.0,8.0],"rotation":0,"texture":"#0","tintindex":0},"north":{"uv":[0.0,6.0,2.0,8.0],"rotation":0,"texture":"#0","tintindex":0},"west":{"uv":[0.0,2.0,3.0,4.0],"rotation":0,"texture":"#0","tintindex":0},"up":{"uv":[5.0,3.0,3.0,0.0],"rotation":0,"texture":"#0","tintindex":0},"down":{"uv":[5.0,3.0,3.0,6.0],"rotation":0,"texture":"#0","tintindex":0}}}],"display":{"head":{"translation":[0.0,-6.4,0.0],"scale":[4.0,4.0,4.0]}}}