{"textures":{"0":"modelengine:entity/bugtexture"},"elements":[{"from":[6.5714283,7.785714,7.357143],"to":[8.0,7.928571,8.642858],"rotation":{"angle":0.0,"axis":"y","origin":[8.0,7.857143,8.0]},"faces":{"east":{"uv":[8.0,1.0,10.0,2.0],"rotation":0,"texture":"#0","tintindex":0},"south":{"uv":[7.0,7.0,10.0,8.0],"rotation":0,"texture":"#0","tintindex":0},"north":{"uv":[7.0,6.0,10.0,7.0],"rotation":0,"texture":"#0","tintindex":0},"west":{"uv":[2.0,8.0,4.0,9.0],"rotation":0,"texture":"#0","tintindex":0},"up":{"uv":[8.0,4.0,5.0,2.0],"rotation":0,"texture":"#0","tintindex":0},"down":{"uv":[8.0,4.0,5.0,6.0],"rotation":0,"texture":"#0","tintindex":0}}}],"display":{"head":{"translation":[0.0,-6.4,0.0],"scale":[4.0,4.0,4.0]}}}