{"textures":{"0":"modelengine:entity/boar_female"},"elements":[{"from":[6.766416,6.598839,6.949129],"to":[8.883294,8.175145,9.401161],"rotation":{"angle":0.0,"axis":"y","origin":[7.1242743,6.511266,9.050871]},"faces":{"east":{"uv":[2.125,8.625,3.375,9.375],"rotation":0,"texture":"#0","tintindex":0},"south":{"uv":[9.0,0.0,10.125,0.75],"rotation":0,"texture":"#0","tintindex":0},"north":{"uv":[5.0,8.875,6.125,9.625],"rotation":0,"texture":"#0","tintindex":0},"west":{"uv":[8.625,6.0,9.875,6.75],"rotation":0,"texture":"#0","tintindex":0},"up":{"uv":[5.75,5.0,4.625,3.75],"rotation":0,"texture":"#0","tintindex":0},"down":{"uv":[6.125,0.0,5.0,1.25],"rotation":0,"texture":"#0","tintindex":0}}},{"from":[6.598839,7.386992,4.1468067],"to":[9.138443,9.138443,5.3728228],"rotation":{"angle":45.0,"axis":"x","origin":[7.1242743,7.2994194,5.547968]},"faces":{"east":{"uv":[3.25,11.75,3.875,12.625],"rotation":0,"texture":"#0","tintindex":0},"south":{"uv":[7.25,6.25,8.5,7.125],"rotation":0,"texture":"#0","tintindex":0},"north":{"uv":[7.125,3.75,8.375,4.625],"rotation":0,"texture":"#0","tintindex":0},"west":{"uv":[4.0,11.75,4.625,12.625],"rotation":0,"texture":"#0","tintindex":0},"up":{"uv":[5.5,10.375,4.25,9.75],"rotation":0,"texture":"#0","tintindex":0},"down":{"uv":[11.0,8.625,9.75,9.25],"rotation":0,"texture":"#0","tintindex":0}}},{"from":[6.511266,7.824855,4.059234],"to":[9.226016,9.226016,5.3728228],"rotation":{"angle":45.0,"axis":"x","origin":[7.1242743,7.2994194,5.547968]},"faces":{"east":{"uv":[12.25,11.875,12.875,12.625],"rotation":0,"texture":"#0","tintindex":0},"south":{"uv":[7.5,0.0,8.875,0.75],"rotation":0,"texture":"#0","tintindex":0},"north":{"uv":[7.375,2.375,8.75,3.125],"rotation":0,"texture":"#0","tintindex":0},"west":{"uv":[5.75,12.375,6.375,13.125],"rotation":0,"texture":"#0","tintindex":0},"up":{"uv":[10.25,2.75,8.875,2.125],"rotation":0,"texture":"#0","tintindex":0},"down":{"uv":[4.875,8.875,3.5,9.5],"rotation":0,"texture":"#0","tintindex":0}}},{"from":[6.336121,7.1242743,5.8106856],"to":[9.313589,9.155447,6.773984],"rotation":{"angle":22.5,"axis":"x","origin":[7.1242743,7.2994194,5.547968]},"faces":{"east":{"uv":[9.625,11.125,10.125,12.25],"rotation":0,"texture":"#0","tintindex":0},"south":{"uv":[0.0,2.75,1.5,3.875],"rotation":0,"texture":"#0","tintindex":0},"north":{"uv":[1.75,2.5,3.25,3.625],"rotation":0,"texture":"#0","tintindex":0},"west":{"uv":[1.75,11.25,2.25,12.375],"rotation":0,"texture":"#0","tintindex":0},"up":{"uv":[11.875,2.625,10.375,2.125],"rotation":0,"texture":"#0","tintindex":0},"down":{"uv":[11.875,2.75,10.375,3.25],"rotation":0,"texture":"#0","tintindex":0}}},{"from":[6.4236937,6.2485485,5.1976776],"to":[9.226016,8.35029,7.4745646],"rotation":{"angle":22.5,"axis":"x","origin":[7.1242743,6.4236937,7.824855]},"faces":{"east":{"uv":[5.625,5.125,6.75,6.25],"rotation":0,"texture":"#0","tintindex":0},"south":{"uv":[3.5,0.0,4.875,1.125],"rotation":0,"texture":"#0","tintindex":0},"north":{"uv":[3.375,2.5,4.75,3.625],"rotation":0,"texture":"#0","tintindex":0},"west":{"uv":[5.875,3.75,7.0,4.875],"rotation":0,"texture":"#0","tintindex":0},"up":{"uv":[4.875,2.375,3.5,1.25],"rotation":0,"texture":"#0","tintindex":0},"down":{"uv":[3.0,3.75,1.625,4.875],"rotation":0,"texture":"#0","tintindex":0}}},{"from":[6.2485485,6.160976,5.110105],"to":[9.401161,8.437863,7.562137],"rotation":{"angle":22.5,"axis":"x","origin":[7.1242743,6.4236937,7.824855]},"faces":{"east":{"uv":[4.875,2.5,6.125,3.625],"rotation":0,"texture":"#0","tintindex":0},"south":{"uv":[1.75,1.25,3.375,2.375],"rotation":0,"texture":"#0","tintindex":0},"north":{"uv":[1.75,0.0,3.375,1.125],"rotation":0,"texture":"#0","tintindex":0},"west":{"uv":[1.5,5.0,2.75,6.125],"rotation":0,"texture":"#0","tintindex":0},"up":{"uv":[1.625,1.25,0.0,0.0],"rotation":0,"texture":"#0","tintindex":0},"down":{"uv":[1.625,1.375,0.0,2.625],"rotation":0,"texture":"#0","tintindex":0}}},{"from":[6.511266,6.336121,5.28525],"to":[9.138443,8.262718,7.386992],"rotation":{"angle":22.5,"axis":"x","origin":[7.1242743,6.4236937,7.824855]},"faces":{"east":{"uv":[6.25,0.0,7.375,1.0],"rotation":0,"texture":"#0","tintindex":0},"south":{"uv":[0.0,5.25,1.375,6.25],"rotation":0,"texture":"#0","tintindex":0},"north":{"uv":[5.0,1.375,6.375,2.375],"rotation":0,"texture":"#0","tintindex":0},"west":{"uv":[1.5,6.25,2.625,7.25],"rotation":0,"texture":"#0","tintindex":0},"up":{"uv":[4.5,4.875,3.125,3.75],"rotation":0,"texture":"#0","tintindex":0},"down":{"uv":[1.375,4.0,0.0,5.125],"rotation":0,"texture":"#0","tintindex":0}}},{"from":[6.8615565,7.0367017,8.087573],"to":[8.788154,8.525435,9.839024],"rotation":{"angle":22.5,"axis":"x","origin":[7.1242743,6.598839,9.138443]},"faces":{"east":{"uv":[10.75,10.125,11.625,10.875],"rotation":0,"texture":"#0","tintindex":0},"south":{"uv":[10.25,4.125,11.25,4.875],"rotation":0,"texture":"#0","tintindex":0},"north":{"uv":[10.25,0.0,11.25,0.75],"rotation":0,"texture":"#0","tintindex":0},"west":{"uv":[0.75,10.875,1.625,11.625],"rotation":0,"texture":"#0","tintindex":0},"up":{"uv":[9.625,9.5,8.625,8.625],"rotation":0,"texture":"#0","tintindex":0},"down":{"uv":[1.0,8.75,0.0,9.625],"rotation":0,"texture":"#0","tintindex":0}}},{"from":[6.773984,7.211847,8.0],"to":[8.875726,8.788154,9.313589],"rotation":{"angle":22.5,"axis":"x","origin":[7.1242743,6.773984,9.050871]},"faces":{"east":{"uv":[12.25,0.0,12.875,0.75],"rotation":0,"texture":"#0","tintindex":0},"south":{"uv":[2.125,9.5,3.25,10.25],"rotation":0,"texture":"#0","tintindex":0},"north":{"uv":[9.0,4.5,10.125,5.25],"rotation":0,"texture":"#0","tintindex":0},"west":{"uv":[12.25,4.125,12.875,4.875],"rotation":0,"texture":"#0","tintindex":0},"up":{"uv":[11.5,4.0,10.375,3.375],"rotation":0,"texture":"#0","tintindex":0},"down":{"uv":[6.875,10.75,5.75,11.375],"rotation":0,"texture":"#0","tintindex":0}}},{"from":[6.949129,7.2994194,6.8615565],"to":[8.700581,9.488733,8.087573],"rotation":{"angle":22.5,"axis":"x","origin":[7.1242743,7.2994194,7.9124274]},"faces":{"east":{"uv":[0.0,10.75,0.625,11.875],"rotation":0,"texture":"#0","tintindex":0},"south":{"uv":[3.625,7.625,4.5,8.75],"rotation":0,"texture":"#0","tintindex":0},"north":{"uv":[7.625,0.875,8.5,2.0],"rotation":0,"texture":"#0","tintindex":0},"west":{"uv":[7.0,10.75,7.625,11.875],"rotation":0,"texture":"#0","tintindex":0},"up":{"uv":[12.625,7.75,11.75,7.125],"rotation":0,"texture":"#0","tintindex":0},"down":{"uv":[8.625,11.75,7.75,12.375],"rotation":0,"texture":"#0","tintindex":0}}},{"from":[6.949129,7.562137,6.160976],"to":[8.700581,9.663879,7.824855],"rotation":{"angle":0.0,"axis":"y","origin":[7.1242743,7.562137,7.386992]},"faces":{"east":{"uv":[5.625,7.625,6.5,8.75],"rotation":0,"texture":"#0","tintindex":0},"south":{"uv":[8.0,4.75,8.875,5.875],"rotation":0,"texture":"#0","tintindex":0},"north":{"uv":[4.625,7.625,5.5,8.75],"rotation":0,"texture":"#0","tintindex":0},"west":{"uv":[6.625,8.25,7.5,9.375],"rotation":0,"texture":"#0","tintindex":0},"up":{"uv":[0.875,10.625,0.0,9.75],"rotation":0,"texture":"#0","tintindex":0},"down":{"uv":[10.875,6.125,10.0,7.0],"rotation":0,"texture":"#0","tintindex":0}}},{"from":[6.949129,7.562137,6.160976],"to":[8.700581,9.663879,7.824855],"rotation":{"angle":0.0,"axis":"y","origin":[7.1242743,7.562137,7.386992]},"faces":{"east":{"uv":[1.125,8.375,2.0,9.5],"rotation":0,"texture":"#0","tintindex":0},"south":{"uv":[8.5,3.25,9.375,4.375],"rotation":0,"texture":"#0","tintindex":0},"north":{"uv":[7.625,8.25,8.5,9.375],"rotation":0,"texture":"#0","tintindex":0},"west":{"uv":[8.625,0.875,9.5,2.0],"rotation":0,"texture":"#0","tintindex":0},"up":{"uv":[10.875,8.0,10.0,7.125],"rotation":0,"texture":"#0","tintindex":0},"down":{"uv":[10.625,10.125,9.75,11.0],"rotation":0,"texture":"#0","tintindex":0}}},{"from":[6.8615565,7.562137,5.8661184],"to":[8.788154,9.702309,7.775712],"rotation":{"angle":0.0,"axis":"y","origin":[7.1242743,7.562137,7.386992]},"faces":{"east":{"uv":[3.875,6.375,4.875,7.5],"rotation":0,"texture":"#0","tintindex":0},"south":{"uv":[5.0,6.375,6.0,7.5],"rotation":0,"texture":"#0","tintindex":0},"north":{"uv":[0.0,6.375,1.0,7.5],"rotation":0,"texture":"#0","tintindex":0},"west":{"uv":[6.125,6.375,7.125,7.5],"rotation":0,"texture":"#0","tintindex":0},"up":{"uv":[3.5,8.5,2.5,7.5],"rotation":0,"texture":"#0","tintindex":0},"down":{"uv":[1.0,7.625,0.0,8.625],"rotation":0,"texture":"#0","tintindex":0}}},{"from":[6.5774126,7.386992,6.8615565],"to":[9.047726,9.488733,8.437863],"rotation":{"angle":22.5,"axis":"x","origin":[7.1242743,7.386992,8.0]},"faces":{"east":{"uv":[7.125,9.5,7.875,10.625],"rotation":0,"texture":"#0","tintindex":0},"south":{"uv":[4.25,5.125,5.5,6.25],"rotation":0,"texture":"#0","tintindex":0},"north":{"uv":[2.875,5.0,4.125,6.125],"rotation":0,"texture":"#0","tintindex":0},"west":{"uv":[9.625,0.875,10.375,2.0],"rotation":0,"texture":"#0","tintindex":0},"up":{"uv":[9.875,7.625,8.625,6.875],"rotation":0,"texture":"#0","tintindex":0},"down":{"uv":[9.875,7.75,8.625,8.5],"rotation":0,"texture":"#0","tintindex":0}}},{"from":[7.0367017,6.6864114,8.262718],"to":[8.6130085,8.788154,9.663879],"rotation":{"angle":22.5,"axis":"x","origin":[7.1242743,6.6864114,9.401161]},"faces":{"east":{"uv":[3.375,9.625,4.125,10.75],"rotation":0,"texture":"#0","tintindex":0},"south":{"uv":[8.0,9.625,8.75,10.75],"rotation":0,"texture":"#0","tintindex":0},"north":{"uv":[1.125,9.625,1.875,10.75],"rotation":0,"texture":"#0","tintindex":0},"west":{"uv":[8.875,9.625,9.625,10.75],"rotation":0,"texture":"#0","tintindex":0},"up":{"uv":[1.5,12.5,0.75,11.75],"rotation":0,"texture":"#0","tintindex":0},"down":{"uv":[3.125,11.75,2.375,12.5],"rotation":0,"texture":"#0","tintindex":0}}},{"from":[7.6497097,7.562137,9.401161],"to":[8.087573,8.0,10.977468],"rotation":{"angle":45.0,"axis":"x","origin":[7.1242743,7.0367017,10.36446]},"faces":{"east":{"uv":[10.25,5.0,11.0,5.25],"rotation":0,"texture":"#0","tintindex":0},"south":{"uv":[10.75,8.25,11.0,8.5],"rotation":0,"texture":"#0","tintindex":0},"north":{"uv":[6.25,8.875,6.5,9.125],"rotation":0,"texture":"#0","tintindex":0},"west":{"uv":[11.875,6.75,12.625,7.0],"rotation":0,"texture":"#0","tintindex":0},"up":{"uv":[1.375,7.125,1.125,6.375],"rotation":0,"texture":"#0","tintindex":0},"down":{"uv":[10.0,13.375,9.75,14.125],"rotation":0,"texture":"#0","tintindex":0}}}],"display":{"head":{"translation":[0.0,-6.4,0.0],"scale":[4.0,4.0,4.0]}}}