{
	"credit": "Made with Blockbench",
	"texture_size": [32, 32],
	"textures": {
		"0": "item/aura/aura",
		"particle": "aura/aura"
	},
	"elements": [
		{
			"from": [0, 0, 0],
			"to": [16, 0, 16],
			"rotation": {"angle": 0, "axis": "y", "origin": [8, 0, 8]},
			"faces": {
				"north": {"uv": [0, 0, 8, 0], "texture": "#0"},
				"east": {"uv": [0, 0, 8, 0], "texture": "#0"},
				"south": {"uv": [0, 0, 8, 0], "texture": "#0"},
				"west": {"uv": [0, 0, 8, 0], "texture": "#0"},
				"up": {"uv": [8, 8, 0, 0], "rotation": 90, "texture": "#0", "tintindex":0},
				"down": {"uv": [8, 8, 0, 16], "rotation": 270, "texture": "#0", "tintindex":0}
			}
		}
	],
	"display": {
		"thirdperson_righthand": {
			"rotation": [120, 0, 0],
			"translation": [-6, -4.75, 0]
		}
	}
}