{
	"format_version": "1.21.6",
	"credit": "Made with Blockbench",
	"texture_size": [48, 48],
	"textures": {
		"0": "item/masks/mask_itachi",
		"particle": "item/masks/mask_itachi"
	},
	"elements": [
		{
			"from": [4, 0.5, 3.5],
			"to": [12, 4.3, 4],
			"rotation": {"angle": 0, "axis": "y", "origin": [7, -3, 2]},
			"faces": {
				"north": {"uv": [2.66667, 0, 5.33333, 1.33333], "texture": "#0"},
				"east": {"uv": [2, 5.66667, 2.33333, 7], "texture": "#0"},
				"south": {"uv": [2.66667, 1.33333, 5.33333, 2.66667], "texture": "#0"},
				"west": {"uv": [2, 7, 2.33333, 8.33333], "texture": "#0"},
				"up": {"uv": [7.33333, 3.33333, 4.66667, 3], "texture": "#0"},
				"down": {"uv": [7.33333, 3.33333, 4.66667, 3.66667], "texture": "#0"}
			}
		},
		{
			"from": [5, 1, 3],
			"to": [11, 3.55, 3.5],
			"rotation": {"angle": 0, "axis": "y", "origin": [7, -1, 1.5]},
			"faces": {
				"north": {"uv": [2.66667, 2.66667, 4.66667, 3.66667], "texture": "#0"},
				"east": {"uv": [3.66667, 7.33333, 4, 8.33333], "texture": "#0"},
				"south": {"uv": [2.66667, 3.66667, 4.66667, 4.66667], "texture": "#0"},
				"west": {"uv": [4, 7.33333, 4.33333, 8.33333], "texture": "#0"},
				"up": {"uv": [7.33333, 1.33333, 5.33333, 1], "texture": "#0"},
				"down": {"uv": [7.33333, 1.33333, 5.33333, 1.66667], "texture": "#0"}
			}
		},
		{
			"from": [5.75, 0.5, 3],
			"to": [10.25, 1, 3.5],
			"rotation": {"angle": 0, "axis": "y", "origin": [7, -1.5, 1.5]},
			"faces": {
				"north": {"uv": [5.33333, 6, 7, 6.33333], "texture": "#0"},
				"east": {"uv": [1.66667, 9.33333, 2, 9.66667], "texture": "#0"},
				"south": {"uv": [3.66667, 6.33333, 5.33333, 6.66667], "texture": "#0"},
				"west": {"uv": [9.33333, 1.66667, 9.66667, 2], "texture": "#0"},
				"up": {"uv": [7, 6.66667, 5.33333, 6.33333], "texture": "#0"},
				"down": {"uv": [5.33333, 6.66667, 3.66667, 7], "texture": "#0"}
			}
		},
		{
			"from": [5.75, 3.55, 3],
			"to": [10.25, 3.8, 3.5],
			"rotation": {"angle": 0, "axis": "y", "origin": [7, 1.55, 1.5]},
			"faces": {
				"north": {"uv": [5.33333, 6.66667, 7, 7], "texture": "#0"},
				"east": {"uv": [7.33333, 10, 7.66667, 10.33333], "texture": "#0"},
				"south": {"uv": [3.66667, 7, 5.33333, 7.33333], "texture": "#0"},
				"west": {"uv": [10, 7.33333, 10.33333, 7.66667], "texture": "#0"},
				"up": {"uv": [8.66667, 4, 7, 3.66667], "texture": "#0"},
				"down": {"uv": [8.66667, 4, 7, 4.33333], "texture": "#0"}
			}
		},
		{
			"from": [6.5, 3.8, 3],
			"to": [9.5, 4.05, 3.5],
			"rotation": {"angle": 0, "axis": "y", "origin": [7, 1.8, 1.5]},
			"faces": {
				"north": {"uv": [7.33333, 3.33333, 8.33333, 3.66667], "texture": "#0"},
				"east": {"uv": [7.66667, 10, 8, 10.33333], "texture": "#0"},
				"south": {"uv": [4.33333, 7.33333, 5.33333, 7.66667], "texture": "#0"},
				"west": {"uv": [10, 7.66667, 10.33333, 8], "texture": "#0"},
				"up": {"uv": [8.33333, 5, 7.33333, 4.66667], "texture": "#0"},
				"down": {"uv": [6.33333, 7.33333, 5.33333, 7.66667], "texture": "#0"}
			}
		},
		{
			"from": [5.75, 1.5, 2.5],
			"to": [10.25, 2.9, 3],
			"rotation": {"angle": 0, "axis": "y", "origin": [7, -1, 1]},
			"faces": {
				"north": {"uv": [7, 4.33333, 8.66667, 4.66667], "texture": "#0"},
				"east": {"uv": [10.33333, 2.66667, 10.66667, 3], "texture": "#0"},
				"south": {"uv": [7, 5, 8.66667, 5.33333], "texture": "#0"},
				"west": {"uv": [3, 10.33333, 3.33333, 10.66667], "texture": "#0"},
				"up": {"uv": [7, 7.33333, 5.33333, 7], "texture": "#0"},
				"down": {"uv": [8.66667, 5.66667, 7, 6], "texture": "#0"}
			}
		},
		{
			"from": [6.25, 2.9, 2.5],
			"to": [9.75, 3.4, 3],
			"rotation": {"angle": 0, "axis": "y", "origin": [7, 0.4, 1]},
			"faces": {
				"north": {"uv": [7, 6, 8.33333, 6.33333], "texture": "#0"},
				"east": {"uv": [1.33333, 9.33333, 1.66667, 9.66667], "texture": "#0"},
				"south": {"uv": [7, 6.33333, 8.33333, 6.66667], "texture": "#0"},
				"west": {"uv": [9.33333, 1.33333, 9.66667, 1.66667], "texture": "#0"},
				"up": {"uv": [8.33333, 7, 7, 6.66667], "texture": "#0"},
				"down": {"uv": [8.33333, 7, 7, 7.33333], "texture": "#0"}
			}
		},
		{
			"from": [7.8, 3.1, 2.45],
			"to": [8.2, 3.2, 2.55],
			"rotation": {"angle": 0, "axis": "y", "origin": [6.95, 0.4, 0.95]},
			"faces": {
				"north": {"uv": [9, 10, 9.33333, 10.33333], "texture": "#0"},
				"east": {"uv": [10, 9, 10.33333, 9.33333], "texture": "#0"},
				"south": {"uv": [9.33333, 10, 9.66667, 10.33333], "texture": "#0"},
				"west": {"uv": [10, 9.33333, 10.33333, 9.66667], "texture": "#0"},
				"up": {"uv": [10, 10.33333, 9.66667, 10], "texture": "#0"},
				"down": {"uv": [10.33333, 9.66667, 10, 10], "texture": "#0"}
			}
		},
		{
			"from": [7.7, 2.5, 2.45],
			"to": [8.3, 2.6, 2.55],
			"rotation": {"angle": 0, "axis": "y", "origin": [6.95, -0.2, 0.95]},
			"faces": {
				"north": {"uv": [10.33333, 3, 10.66667, 3.33333], "texture": "#0"},
				"east": {"uv": [3.33333, 10.33333, 3.66667, 10.66667], "texture": "#0"},
				"south": {"uv": [10.33333, 3.33333, 10.66667, 3.66667], "texture": "#0"},
				"west": {"uv": [3.66667, 10.33333, 4, 10.66667], "texture": "#0"},
				"up": {"uv": [10.66667, 4, 10.33333, 3.66667], "texture": "#0"},
				"down": {"uv": [4.33333, 10.33333, 4, 10.66667], "texture": "#0"}
			}
		},
		{
			"from": [7.55, 3.175, 2.45],
			"to": [7.8, 3.275, 2.55],
			"rotation": {"angle": 0, "axis": "y", "origin": [6.55, 0.475, 0.95]},
			"faces": {
				"north": {"uv": [10.33333, 1.66667, 10.66667, 2], "texture": "#0"},
				"east": {"uv": [2, 10.33333, 2.33333, 10.66667], "texture": "#0"},
				"south": {"uv": [10.33333, 2, 10.66667, 2.33333], "texture": "#0"},
				"west": {"uv": [2.33333, 10.33333, 2.66667, 10.66667], "texture": "#0"},
				"up": {"uv": [10.66667, 2.66667, 10.33333, 2.33333], "texture": "#0"},
				"down": {"uv": [3, 10.33333, 2.66667, 10.66667], "texture": "#0"}
			}
		},
		{
			"from": [7.475, 2.4, 2.45],
			"to": [7.725, 2.5, 2.55],
			"rotation": {"angle": 0, "axis": "y", "origin": [6.475, -0.3, 0.95]},
			"faces": {
				"north": {"uv": [10.33333, 4, 10.66667, 4.33333], "texture": "#0"},
				"east": {"uv": [4.33333, 10.33333, 4.66667, 10.66667], "texture": "#0"},
				"south": {"uv": [10.33333, 4.33333, 10.66667, 4.66667], "texture": "#0"},
				"west": {"uv": [4.66667, 10.33333, 5, 10.66667], "texture": "#0"},
				"up": {"uv": [10.66667, 5, 10.33333, 4.66667], "texture": "#0"},
				"down": {"uv": [5.33333, 10.33333, 5, 10.66667], "texture": "#0"}
			}
		},
		{
			"from": [8.275, 2.4, 2.45],
			"to": [8.525, 2.5, 2.55],
			"rotation": {"angle": 0, "axis": "y", "origin": [7.275, -0.3, 0.95]},
			"faces": {
				"north": {"uv": [10.33333, 5, 10.66667, 5.33333], "texture": "#0"},
				"east": {"uv": [5.33333, 10.33333, 5.66667, 10.66667], "texture": "#0"},
				"south": {"uv": [10.33333, 5.33333, 10.66667, 5.66667], "texture": "#0"},
				"west": {"uv": [5.66667, 10.33333, 6, 10.66667], "texture": "#0"},
				"up": {"uv": [10.66667, 6, 10.33333, 5.66667], "texture": "#0"},
				"down": {"uv": [6.33333, 10.33333, 6, 10.66667], "texture": "#0"}
			}
		},
		{
			"from": [8.5, 2.3, 2.45],
			"to": [8.725, 2.4, 2.55],
			"rotation": {"angle": 0, "axis": "y", "origin": [7.5, -0.4, 0.95]},
			"faces": {
				"north": {"uv": [10.33333, 6, 10.66667, 6.33333], "texture": "#0"},
				"east": {"uv": [6.33333, 10.33333, 6.66667, 10.66667], "texture": "#0"},
				"south": {"uv": [10.33333, 6.33333, 10.66667, 6.66667], "texture": "#0"},
				"west": {"uv": [6.66667, 10.33333, 7, 10.66667], "texture": "#0"},
				"up": {"uv": [10.66667, 7, 10.33333, 6.66667], "texture": "#0"},
				"down": {"uv": [7.33333, 10.33333, 7, 10.66667], "texture": "#0"}
			}
		},
		{
			"from": [7.275, 2.3, 2.45],
			"to": [7.5, 2.4, 2.55],
			"rotation": {"angle": 0, "axis": "y", "origin": [6.25, -0.4, 0.95]},
			"faces": {
				"north": {"uv": [10.33333, 7, 10.66667, 7.33333], "texture": "#0"},
				"east": {"uv": [7.33333, 10.33333, 7.66667, 10.66667], "texture": "#0"},
				"south": {"uv": [10.33333, 7.33333, 10.66667, 7.66667], "texture": "#0"},
				"west": {"uv": [7.66667, 10.33333, 8, 10.66667], "texture": "#0"},
				"up": {"uv": [10.66667, 8, 10.33333, 7.66667], "texture": "#0"},
				"down": {"uv": [8.33333, 10.33333, 8, 10.66667], "texture": "#0"}
			}
		},
		{
			"from": [6.85, 2, 2.45],
			"to": [7.05, 2.1, 2.55],
			"rotation": {"angle": 0, "axis": "y", "origin": [5.825, -0.7, 0.95]},
			"faces": {
				"north": {"uv": [1.66667, 10.66667, 2, 11], "texture": "#0"},
				"east": {"uv": [10.66667, 1.66667, 11, 2], "texture": "#0"},
				"south": {"uv": [2, 10.66667, 2.33333, 11], "texture": "#0"},
				"west": {"uv": [10.66667, 2, 11, 2.33333], "texture": "#0"},
				"up": {"uv": [2.66667, 11, 2.33333, 10.66667], "texture": "#0"},
				"down": {"uv": [11, 2.33333, 10.66667, 2.66667], "texture": "#0"}
			}
		},
		{
			"from": [6.625, 1.9, 2.45],
			"to": [6.875, 2, 2.55],
			"rotation": {"angle": 0, "axis": "y", "origin": [5.65, -0.8, 0.95]},
			"faces": {
				"north": {"uv": [3.66667, 10.66667, 4, 11], "texture": "#0"},
				"east": {"uv": [10.66667, 3.66667, 11, 4], "texture": "#0"},
				"south": {"uv": [4, 10.66667, 4.33333, 11], "texture": "#0"},
				"west": {"uv": [10.66667, 4, 11, 4.33333], "texture": "#0"},
				"up": {"uv": [4.66667, 11, 4.33333, 10.66667], "texture": "#0"},
				"down": {"uv": [11, 4.33333, 10.66667, 4.66667], "texture": "#0"}
			}
		},
		{
			"from": [6.35, 1.8, 2.45],
			"to": [6.625, 1.9, 2.55],
			"rotation": {"angle": 0, "axis": "y", "origin": [5.4, -0.9, 0.95]},
			"faces": {
				"north": {"uv": [5.66667, 10.66667, 6, 11], "texture": "#0"},
				"east": {"uv": [10.66667, 5.66667, 11, 6], "texture": "#0"},
				"south": {"uv": [6, 10.66667, 6.33333, 11], "texture": "#0"},
				"west": {"uv": [10.66667, 6, 11, 6.33333], "texture": "#0"},
				"up": {"uv": [6.66667, 11, 6.33333, 10.66667], "texture": "#0"},
				"down": {"uv": [11, 6.33333, 10.66667, 6.66667], "texture": "#0"}
			}
		},
		{
			"from": [9.375, 1.8, 2.45],
			"to": [9.65, 1.9, 2.55],
			"rotation": {"angle": 0, "axis": "y", "origin": [8.375, -0.9, 0.95]},
			"faces": {
				"north": {"uv": [6.66667, 10.66667, 7, 11], "texture": "#0"},
				"east": {"uv": [10.66667, 6.66667, 11, 7], "texture": "#0"},
				"south": {"uv": [7, 10.66667, 7.33333, 11], "texture": "#0"},
				"west": {"uv": [10.66667, 7, 11, 7.33333], "texture": "#0"},
				"up": {"uv": [7.66667, 11, 7.33333, 10.66667], "texture": "#0"},
				"down": {"uv": [11, 7.33333, 10.66667, 7.66667], "texture": "#0"}
			}
		},
		{
			"from": [9.125, 1.9, 2.45],
			"to": [9.375, 2, 2.55],
			"rotation": {"angle": 0, "axis": "y", "origin": [8.125, -0.8, 0.95]},
			"faces": {
				"north": {"uv": [4.66667, 10.66667, 5, 11], "texture": "#0"},
				"east": {"uv": [10.66667, 4.66667, 11, 5], "texture": "#0"},
				"south": {"uv": [5, 10.66667, 5.33333, 11], "texture": "#0"},
				"west": {"uv": [10.66667, 5, 11, 5.33333], "texture": "#0"},
				"up": {"uv": [5.66667, 11, 5.33333, 10.66667], "texture": "#0"},
				"down": {"uv": [11, 5.33333, 10.66667, 5.66667], "texture": "#0"}
			}
		},
		{
			"from": [8.95, 2, 2.45],
			"to": [9.15, 2.1, 2.55],
			"rotation": {"angle": 0, "axis": "y", "origin": [7.925, -0.7, 0.95]},
			"faces": {
				"north": {"uv": [2.66667, 10.66667, 3, 11], "texture": "#0"},
				"east": {"uv": [10.66667, 2.66667, 11, 3], "texture": "#0"},
				"south": {"uv": [3, 10.66667, 3.33333, 11], "texture": "#0"},
				"west": {"uv": [10.66667, 3, 11, 3.33333], "texture": "#0"},
				"up": {"uv": [3.66667, 11, 3.33333, 10.66667], "texture": "#0"},
				"down": {"uv": [11, 3.33333, 10.66667, 3.66667], "texture": "#0"}
			}
		},
		{
			"from": [7.15, 2.2, 2.45],
			"to": [7.325, 2.3, 2.55],
			"rotation": {"angle": 0, "axis": "y", "origin": [6.1, -0.5, 0.95]},
			"faces": {
				"north": {"uv": [10.33333, 8, 10.66667, 8.33333], "texture": "#0"},
				"east": {"uv": [8.33333, 10.33333, 8.66667, 10.66667], "texture": "#0"},
				"south": {"uv": [10.33333, 8.33333, 10.66667, 8.66667], "texture": "#0"},
				"west": {"uv": [8.66667, 10.33333, 9, 10.66667], "texture": "#0"},
				"up": {"uv": [10.66667, 9, 10.33333, 8.66667], "texture": "#0"},
				"down": {"uv": [9.33333, 10.33333, 9, 10.66667], "texture": "#0"}
			}
		},
		{
			"from": [7.025, 2.1, 2.45],
			"to": [7.2, 2.2, 2.55],
			"rotation": {"angle": 0, "axis": "y", "origin": [5.975, -0.6, 0.95]},
			"faces": {
				"north": {"uv": [10.33333, 10, 10.66667, 10.33333], "texture": "#0"},
				"east": {"uv": [10.33333, 10.33333, 10.66667, 10.66667], "texture": "#0"},
				"south": {"uv": [0, 10.66667, 0.33333, 11], "texture": "#0"},
				"west": {"uv": [10.66667, 0, 11, 0.33333], "texture": "#0"},
				"up": {"uv": [0.66667, 11, 0.33333, 10.66667], "texture": "#0"},
				"down": {"uv": [11, 0.33333, 10.66667, 0.66667], "texture": "#0"}
			}
		},
		{
			"from": [8.8, 2.1, 2.45],
			"to": [8.975, 2.2, 2.55],
			"rotation": {"angle": 0, "axis": "y", "origin": [7.75, -0.6, 0.95]},
			"faces": {
				"north": {"uv": [0.66667, 10.66667, 1, 11], "texture": "#0"},
				"east": {"uv": [10.66667, 0.66667, 11, 1], "texture": "#0"},
				"south": {"uv": [1, 10.66667, 1.33333, 11], "texture": "#0"},
				"west": {"uv": [10.66667, 1, 11, 1.33333], "texture": "#0"},
				"up": {"uv": [1.66667, 11, 1.33333, 10.66667], "texture": "#0"},
				"down": {"uv": [11, 1.33333, 10.66667, 1.66667], "texture": "#0"}
			}
		},
		{
			"from": [8.675, 2.2, 2.45],
			"to": [8.85, 2.3, 2.55],
			"rotation": {"angle": 0, "axis": "y", "origin": [7.625, -0.5, 0.95]},
			"faces": {
				"north": {"uv": [10.33333, 9, 10.66667, 9.33333], "texture": "#0"},
				"east": {"uv": [9.33333, 10.33333, 9.66667, 10.66667], "texture": "#0"},
				"south": {"uv": [10.33333, 9.33333, 10.66667, 9.66667], "texture": "#0"},
				"west": {"uv": [9.66667, 10.33333, 10, 10.66667], "texture": "#0"},
				"up": {"uv": [10.66667, 10, 10.33333, 9.66667], "texture": "#0"},
				"down": {"uv": [10.33333, 10.33333, 10, 10.66667], "texture": "#0"}
			}
		},
		{
			"from": [7.95, 2.6, 2.45],
			"to": [8.05, 3.1, 2.55],
			"rotation": {"angle": 0, "axis": "y", "origin": [7, 0, 0.95]},
			"faces": {
				"north": {"uv": [10.33333, 0.66667, 10.66667, 1], "texture": "#0"},
				"east": {"uv": [1, 10.33333, 1.33333, 10.66667], "texture": "#0"},
				"south": {"uv": [10.33333, 1, 10.66667, 1.33333], "texture": "#0"},
				"west": {"uv": [1.33333, 10.33333, 1.66667, 10.66667], "texture": "#0"},
				"up": {"uv": [10.66667, 1.66667, 10.33333, 1.33333], "texture": "#0"},
				"down": {"uv": [2, 10.33333, 1.66667, 10.66667], "texture": "#0"}
			}
		},
		{
			"from": [8.2, 3.175, 2.45],
			"to": [8.45, 3.275, 2.55],
			"rotation": {"angle": 0, "axis": "y", "origin": [7.35, 0.475, 0.95]},
			"faces": {
				"north": {"uv": [10, 10, 10.33333, 10.33333], "texture": "#0"},
				"east": {"uv": [0, 10.33333, 0.33333, 10.66667], "texture": "#0"},
				"south": {"uv": [10.33333, 0, 10.66667, 0.33333], "texture": "#0"},
				"west": {"uv": [0.33333, 10.33333, 0.66667, 10.66667], "texture": "#0"},
				"up": {"uv": [10.66667, 0.66667, 10.33333, 0.33333], "texture": "#0"},
				"down": {"uv": [1, 10.33333, 0.66667, 10.66667], "texture": "#0"}
			}
		},
		{
			"from": [6.25, 1, 2.5],
			"to": [9.75, 1.5, 3],
			"rotation": {"angle": 0, "axis": "y", "origin": [7, -1.5, 1]},
			"faces": {
				"north": {"uv": [7.33333, 1, 8.66667, 1.33333], "texture": "#0"},
				"east": {"uv": [8.66667, 10, 9, 10.33333], "texture": "#0"},
				"south": {"uv": [7.33333, 1.33333, 8.66667, 1.66667], "texture": "#0"},
				"west": {"uv": [10, 8.66667, 10.33333, 9], "texture": "#0"},
				"up": {"uv": [8.66667, 2, 7.33333, 1.66667], "texture": "#0"},
				"down": {"uv": [8.66667, 2, 7.33333, 2.33333], "texture": "#0"}
			}
		},
		{
			"from": [7, 3.4, 2.5],
			"to": [9, 3.65, 3],
			"rotation": {"angle": 0, "axis": "y", "origin": [7, 0.65, 1]},
			"faces": {
				"north": {"uv": [8.66667, 1, 9.33333, 1.33333], "texture": "#0"},
				"east": {"uv": [8, 10, 8.33333, 10.33333], "texture": "#0"},
				"south": {"uv": [1.33333, 8.66667, 2, 9], "texture": "#0"},
				"west": {"uv": [10, 8, 10.33333, 8.33333], "texture": "#0"},
				"up": {"uv": [9.33333, 1.66667, 8.66667, 1.33333], "texture": "#0"},
				"down": {"uv": [9.33333, 1.66667, 8.66667, 2], "texture": "#0"}
			}
		},
		{
			"from": [7, 3.65, 2.75],
			"to": [9, 3.9, 3.25],
			"rotation": {"angle": 0, "axis": "y", "origin": [7, 0.9, 1.25]},
			"faces": {
				"north": {"uv": [8.66667, 2, 9.33333, 2.33333], "texture": "#0"},
				"east": {"uv": [8.33333, 10, 8.66667, 10.33333], "texture": "#0"},
				"south": {"uv": [2.33333, 8.66667, 3, 9], "texture": "#0"},
				"west": {"uv": [10, 8.33333, 10.33333, 8.66667], "texture": "#0"},
				"up": {"uv": [9.33333, 2.66667, 8.66667, 2.33333], "texture": "#0"},
				"down": {"uv": [9.33333, 2.66667, 8.66667, 3], "texture": "#0"}
			}
		},
		{
			"from": [4.5, 5.75, 3.5],
			"to": [11.5, 8, 4],
			"rotation": {"angle": 0, "axis": "y", "origin": [7, 1, 2]},
			"faces": {
				"north": {"uv": [0, 4, 2.33333, 4.66667], "texture": "#0"},
				"east": {"uv": [2.33333, 4, 2.66667, 4.66667], "texture": "#0"},
				"south": {"uv": [0, 4.66667, 2.33333, 5.33333], "texture": "#0"},
				"west": {"uv": [2, 8.33333, 2.33333, 9], "texture": "#0"},
				"up": {"uv": [7, 4, 4.66667, 3.66667], "texture": "#0"},
				"down": {"uv": [7, 4, 4.66667, 4.33333], "texture": "#0"}
			}
		},
		{
			"from": [6.6, 4.3, 3.5],
			"to": [9.4, 5.75, 4],
			"rotation": {"angle": 0, "axis": "y", "origin": [7, -0.4, 2]},
			"faces": {
				"north": {"uv": [7.33333, 5.33333, 8.33333, 5.66667], "texture": "#0"},
				"east": {"uv": [7.66667, 10.66667, 8, 11], "texture": "#0"},
				"south": {"uv": [6.33333, 7.33333, 7.33333, 7.66667], "texture": "#0"},
				"west": {"uv": [10.66667, 7.66667, 11, 8], "texture": "#0"},
				"up": {"uv": [8.33333, 7.66667, 7.33333, 7.33333], "texture": "#0"},
				"down": {"uv": [1, 7.66667, 0, 8], "texture": "#0"}
			}
		},
		{
			"from": [6.225, 5.425, 3.5],
			"to": [6.6, 5.75, 4],
			"rotation": {"angle": 0, "axis": "y", "origin": [6.2, -0.4, 2]},
			"faces": {
				"north": {"uv": [10.66667, 10.66667, 11, 11], "texture": "#0"},
				"east": {"uv": [0, 11, 0.33333, 11.33333], "texture": "#0"},
				"south": {"uv": [11, 0, 11.33333, 0.33333], "texture": "#0"},
				"west": {"uv": [0.33333, 11, 0.66667, 11.33333], "texture": "#0"},
				"up": {"uv": [11.33333, 0.66667, 11, 0.33333], "texture": "#0"},
				"down": {"uv": [1, 11, 0.66667, 11.33333], "texture": "#0"}
			}
		},
		{
			"from": [10.45, 5.575, 3.5],
			"to": [10.625, 5.75, 4],
			"rotation": {"angle": 0, "axis": "y", "origin": [10.225, -0.4, 2]},
			"faces": {
				"north": {"uv": [11, 7.66667, 11.33333, 8], "texture": "#0"},
				"east": {"uv": [8, 11, 8.33333, 11.33333], "texture": "#0"},
				"south": {"uv": [11, 8, 11.33333, 8.33333], "texture": "#0"},
				"west": {"uv": [8.33333, 11, 8.66667, 11.33333], "texture": "#0"},
				"up": {"uv": [11.33333, 8.66667, 11, 8.33333], "texture": "#0"},
				"down": {"uv": [9, 11, 8.66667, 11.33333], "texture": "#0"}
			}
		},
		{
			"from": [9.775, 5.575, 3.5],
			"to": [10.45, 5.75, 4],
			"rotation": {"angle": 0, "axis": "y", "origin": [9.55, -0.4, 2]},
			"faces": {
				"north": {"uv": [11, 8.66667, 11.33333, 9], "texture": "#0"},
				"east": {"uv": [9, 11, 9.33333, 11.33333], "texture": "#0"},
				"south": {"uv": [11, 9, 11.33333, 9.33333], "texture": "#0"},
				"west": {"uv": [9.33333, 11, 9.66667, 11.33333], "texture": "#0"},
				"up": {"uv": [11.33333, 9.66667, 11, 9.33333], "texture": "#0"},
				"down": {"uv": [10, 11, 9.66667, 11.33333], "texture": "#0"}
			}
		},
		{
			"from": [9.4, 5.25, 3.5],
			"to": [9.575, 5.425, 4],
			"rotation": {"angle": 0, "axis": "y", "origin": [9.175, -0.725, 2]},
			"faces": {
				"north": {"uv": [11, 9.66667, 11.33333, 10], "texture": "#0"},
				"east": {"uv": [10, 11, 10.33333, 11.33333], "texture": "#0"},
				"south": {"uv": [11, 10, 11.33333, 10.33333], "texture": "#0"},
				"west": {"uv": [10.33333, 11, 10.66667, 11.33333], "texture": "#0"},
				"up": {"uv": [11.33333, 10.66667, 11, 10.33333], "texture": "#0"},
				"down": {"uv": [11, 11, 10.66667, 11.33333], "texture": "#0"}
			}
		},
		{
			"from": [7.9, 5.45, 3.45],
			"to": [8.075, 5.625, 3.95],
			"rotation": {"angle": 0, "axis": "y", "origin": [7.675, -0.525, 1.95]},
			"faces": {
				"north": {"uv": [11.66667, 3, 12, 3.33333], "texture": "#0"},
				"east": {"uv": [3.33333, 11.66667, 3.66667, 12], "texture": "#0"},
				"south": {"uv": [11.66667, 3.33333, 12, 3.66667], "texture": "#0"},
				"west": {"uv": [3.66667, 11.66667, 4, 12], "texture": "#0"},
				"up": {"uv": [12, 4, 11.66667, 3.66667], "texture": "#0"},
				"down": {"uv": [4.33333, 11.66667, 4, 12], "texture": "#0"}
			}
		},
		{
			"from": [7.8, 5.625, 3.45],
			"to": [8.175, 5.8, 3.95],
			"rotation": {"angle": 0, "axis": "y", "origin": [7.675, -0.35, 1.95]},
			"faces": {
				"north": {"uv": [11.66667, 4, 12, 4.33333], "texture": "#0"},
				"east": {"uv": [4.33333, 11.66667, 4.66667, 12], "texture": "#0"},
				"south": {"uv": [11.66667, 4.33333, 12, 4.66667], "texture": "#0"},
				"west": {"uv": [4.66667, 11.66667, 5, 12], "texture": "#0"},
				"up": {"uv": [12, 5, 11.66667, 4.66667], "texture": "#0"},
				"down": {"uv": [5.33333, 11.66667, 5, 12], "texture": "#0"}
			}
		},
		{
			"from": [7.7, 5.8, 3.45],
			"to": [8.275, 5.975, 3.95],
			"rotation": {"angle": 0, "axis": "y", "origin": [7.675, -0.175, 1.95]},
			"faces": {
				"north": {"uv": [11.66667, 5, 12, 5.33333], "texture": "#0"},
				"east": {"uv": [5.33333, 11.66667, 5.66667, 12], "texture": "#0"},
				"south": {"uv": [11.66667, 5.33333, 12, 5.66667], "texture": "#0"},
				"west": {"uv": [5.66667, 11.66667, 6, 12], "texture": "#0"},
				"up": {"uv": [12, 6, 11.66667, 5.66667], "texture": "#0"},
				"down": {"uv": [6.33333, 11.66667, 6, 12], "texture": "#0"}
			}
		},
		{
			"from": [7.6, 5.975, 3.45],
			"to": [8.375, 6.15, 3.95],
			"rotation": {"angle": 0, "axis": "y", "origin": [7.675, 0, 1.95]},
			"faces": {
				"north": {"uv": [11.66667, 6, 12, 6.33333], "texture": "#0"},
				"east": {"uv": [6.33333, 11.66667, 6.66667, 12], "texture": "#0"},
				"south": {"uv": [11.66667, 6.33333, 12, 6.66667], "texture": "#0"},
				"west": {"uv": [6.66667, 11.66667, 7, 12], "texture": "#0"},
				"up": {"uv": [12, 7, 11.66667, 6.66667], "texture": "#0"},
				"down": {"uv": [7.33333, 11.66667, 7, 12], "texture": "#0"}
			}
		},
		{
			"from": [7.5, 6.15, 3.45],
			"to": [8.475, 6.325, 3.95],
			"rotation": {"angle": 0, "axis": "y", "origin": [7.675, 0.175, 1.95]},
			"faces": {
				"north": {"uv": [11.66667, 7, 12, 7.33333], "texture": "#0"},
				"east": {"uv": [7.33333, 11.66667, 7.66667, 12], "texture": "#0"},
				"south": {"uv": [11.66667, 7.33333, 12, 7.66667], "texture": "#0"},
				"west": {"uv": [7.66667, 11.66667, 8, 12], "texture": "#0"},
				"up": {"uv": [12, 8, 11.66667, 7.66667], "texture": "#0"},
				"down": {"uv": [8.33333, 11.66667, 8, 12], "texture": "#0"}
			}
		},
		{
			"from": [7.4, 6.325, 3.45],
			"to": [8.575, 6.5, 3.95],
			"rotation": {"angle": 0, "axis": "y", "origin": [7.675, 0.35, 1.95]},
			"faces": {
				"north": {"uv": [11.66667, 8, 12, 8.33333], "texture": "#0"},
				"east": {"uv": [8.33333, 11.66667, 8.66667, 12], "texture": "#0"},
				"south": {"uv": [11.66667, 8.33333, 12, 8.66667], "texture": "#0"},
				"west": {"uv": [8.66667, 11.66667, 9, 12], "texture": "#0"},
				"up": {"uv": [12, 9, 11.66667, 8.66667], "texture": "#0"},
				"down": {"uv": [9.33333, 11.66667, 9, 12], "texture": "#0"}
			}
		},
		{
			"from": [7.3, 6.5, 3.45],
			"to": [8.675, 6.675, 3.95],
			"rotation": {"angle": 0, "axis": "y", "origin": [7.675, 0.525, 1.95]},
			"faces": {
				"north": {"uv": [11.66667, 9, 12, 9.33333], "texture": "#0"},
				"east": {"uv": [9.33333, 11.66667, 9.66667, 12], "texture": "#0"},
				"south": {"uv": [11.66667, 9.33333, 12, 9.66667], "texture": "#0"},
				"west": {"uv": [9.66667, 11.66667, 10, 12], "texture": "#0"},
				"up": {"uv": [12, 10, 11.66667, 9.66667], "texture": "#0"},
				"down": {"uv": [10.33333, 11.66667, 10, 12], "texture": "#0"}
			}
		},
		{
			"from": [7.2, 6.675, 3.45],
			"to": [8.775, 6.85, 3.95],
			"rotation": {"angle": 0, "axis": "y", "origin": [7.675, 0.7, 1.95]},
			"faces": {
				"north": {"uv": [3, 8.66667, 3.66667, 9], "texture": "#0"},
				"east": {"uv": [11.66667, 10, 12, 10.33333], "texture": "#0"},
				"south": {"uv": [8.66667, 3, 9.33333, 3.33333], "texture": "#0"},
				"west": {"uv": [10.33333, 11.66667, 10.66667, 12], "texture": "#0"},
				"up": {"uv": [4.33333, 9, 3.66667, 8.66667], "texture": "#0"},
				"down": {"uv": [9.33333, 3.66667, 8.66667, 4], "texture": "#0"}
			}
		},
		{
			"from": [7.1, 6.85, 3.45],
			"to": [8.875, 7.025, 3.95],
			"rotation": {"angle": 0, "axis": "y", "origin": [7.675, 0.875, 1.95]},
			"faces": {
				"north": {"uv": [8.66667, 4, 9.33333, 4.33333], "texture": "#0"},
				"east": {"uv": [11.66667, 10.33333, 12, 10.66667], "texture": "#0"},
				"south": {"uv": [4.33333, 8.66667, 5, 9], "texture": "#0"},
				"west": {"uv": [10.66667, 11.66667, 11, 12], "texture": "#0"},
				"up": {"uv": [9.33333, 4.66667, 8.66667, 4.33333], "texture": "#0"},
				"down": {"uv": [5.66667, 8.66667, 5, 9], "texture": "#0"}
			}
		},
		{
			"from": [7, 7.025, 3.45],
			"to": [8.975, 7.2, 3.95],
			"rotation": {"angle": 0, "axis": "y", "origin": [7.675, 1.05, 1.95]},
			"faces": {
				"north": {"uv": [8.66667, 5, 9.33333, 5.33333], "texture": "#0"},
				"east": {"uv": [11.66667, 10.66667, 12, 11], "texture": "#0"},
				"south": {"uv": [5.66667, 8.66667, 6.33333, 9], "texture": "#0"},
				"west": {"uv": [11, 11.66667, 11.33333, 12], "texture": "#0"},
				"up": {"uv": [9.33333, 6, 8.66667, 5.66667], "texture": "#0"},
				"down": {"uv": [7, 8.66667, 6.33333, 9], "texture": "#0"}
			}
		},
		{
			"from": [6.9, 7.2, 3.45],
			"to": [9.075, 7.375, 3.95],
			"rotation": {"angle": 0, "axis": "y", "origin": [7.675, 1.225, 1.95]},
			"faces": {
				"north": {"uv": [7, 8.66667, 7.66667, 9], "texture": "#0"},
				"east": {"uv": [11.66667, 11, 12, 11.33333], "texture": "#0"},
				"south": {"uv": [8.66667, 7.33333, 9.33333, 7.66667], "texture": "#0"},
				"west": {"uv": [11.33333, 11.66667, 11.66667, 12], "texture": "#0"},
				"up": {"uv": [9.33333, 8, 8.66667, 7.66667], "texture": "#0"},
				"down": {"uv": [9.33333, 8, 8.66667, 8.33333], "texture": "#0"}
			}
		},
		{
			"from": [6.8, 7.375, 3.45],
			"to": [9.175, 7.55, 3.95],
			"rotation": {"angle": 0, "axis": "y", "origin": [7.675, 1.4, 1.95]},
			"faces": {
				"north": {"uv": [8.33333, 8.66667, 9, 9], "texture": "#0"},
				"east": {"uv": [11.66667, 11.33333, 12, 11.66667], "texture": "#0"},
				"south": {"uv": [8.66667, 8.33333, 9.33333, 8.66667], "texture": "#0"},
				"west": {"uv": [11.66667, 11.66667, 12, 12], "texture": "#0"},
				"up": {"uv": [9.66667, 0.33333, 9, 0], "texture": "#0"},
				"down": {"uv": [9.66667, 0.33333, 9, 0.66667], "texture": "#0"}
			}
		},
		{
			"from": [6.7, 7.55, 3.45],
			"to": [9.275, 7.725, 3.95],
			"rotation": {"angle": 0, "axis": "y", "origin": [7.675, 1.575, 1.95]},
			"faces": {
				"north": {"uv": [4.33333, 7.66667, 5.33333, 8], "texture": "#0"},
				"east": {"uv": [0, 12, 0.33333, 12.33333], "texture": "#0"},
				"south": {"uv": [5.33333, 7.66667, 6.33333, 8], "texture": "#0"},
				"west": {"uv": [12, 0, 12.33333, 0.33333], "texture": "#0"},
				"up": {"uv": [7.33333, 8, 6.33333, 7.66667], "texture": "#0"},
				"down": {"uv": [8.33333, 7.66667, 7.33333, 8], "texture": "#0"}
			}
		},
		{
			"from": [6.6, 7.725, 3.45],
			"to": [9.375, 7.9, 3.95],
			"rotation": {"angle": 0, "axis": "y", "origin": [7.675, 1.75, 1.95]},
			"faces": {
				"north": {"uv": [0, 8, 1, 8.33333], "texture": "#0"},
				"east": {"uv": [0.33333, 12, 0.66667, 12.33333], "texture": "#0"},
				"south": {"uv": [8, 0, 9, 0.33333], "texture": "#0"},
				"west": {"uv": [12, 0.33333, 12.33333, 0.66667], "texture": "#0"},
				"up": {"uv": [9, 0.66667, 8, 0.33333], "texture": "#0"},
				"down": {"uv": [9, 0.66667, 8, 1], "texture": "#0"}
			}
		},
		{
			"from": [6.5, 7.9, 3.45],
			"to": [9.475, 8.025, 4],
			"rotation": {"angle": 0, "axis": "y", "origin": [7.675, 1.875, 1.95]},
			"faces": {
				"north": {"uv": [4.33333, 8, 5.33333, 8.33333], "texture": "#0"},
				"east": {"uv": [0.66667, 12, 1, 12.33333], "texture": "#0"},
				"south": {"uv": [5.33333, 8, 6.33333, 8.33333], "texture": "#0"},
				"west": {"uv": [12, 0.66667, 12.33333, 1], "texture": "#0"},
				"up": {"uv": [7.33333, 8.33333, 6.33333, 8], "texture": "#0"},
				"down": {"uv": [8.33333, 8, 7.33333, 8.33333], "texture": "#0"}
			}
		},
		{
			"from": [6.9, 8.025, 3.45],
			"to": [9.075, 8.1, 4],
			"rotation": {"angle": 0, "axis": "y", "origin": [7.675, 1.95, 1.95]},
			"faces": {
				"north": {"uv": [9, 0.66667, 9.66667, 1], "texture": "#0"},
				"east": {"uv": [2, 12, 2.33333, 12.33333], "texture": "#0"},
				"south": {"uv": [1.33333, 9, 2, 9.33333], "texture": "#0"},
				"west": {"uv": [12, 2, 12.33333, 2.33333], "texture": "#0"},
				"up": {"uv": [2.66667, 9.33333, 2, 9], "texture": "#0"},
				"down": {"uv": [3.33333, 9, 2.66667, 9.33333], "texture": "#0"}
			}
		},
		{
			"from": [9.4, 4.625, 3.5],
			"to": [9.575, 5.25, 4],
			"rotation": {"angle": 0, "axis": "y", "origin": [9.175, -1.35, 2]},
			"faces": {
				"north": {"uv": [11, 10.66667, 11.33333, 11], "texture": "#0"},
				"east": {"uv": [11, 11, 11.33333, 11.33333], "texture": "#0"},
				"south": {"uv": [0, 11.33333, 0.33333, 11.66667], "texture": "#0"},
				"west": {"uv": [11.33333, 0, 11.66667, 0.33333], "texture": "#0"},
				"up": {"uv": [0.66667, 11.66667, 0.33333, 11.33333], "texture": "#0"},
				"down": {"uv": [11.66667, 0.33333, 11.33333, 0.66667], "texture": "#0"}
			}
		},
		{
			"from": [9.775, 4.3, 3.5],
			"to": [9.95, 4.475, 4],
			"rotation": {"angle": 0, "axis": "y", "origin": [9.55, -1.675, 2]},
			"faces": {
				"north": {"uv": [0.66667, 11.33333, 1, 11.66667], "texture": "#0"},
				"east": {"uv": [11.33333, 0.66667, 11.66667, 1], "texture": "#0"},
				"south": {"uv": [1, 11.33333, 1.33333, 11.66667], "texture": "#0"},
				"west": {"uv": [11.33333, 1, 11.66667, 1.33333], "texture": "#0"},
				"up": {"uv": [1.66667, 11.66667, 1.33333, 11.33333], "texture": "#0"},
				"down": {"uv": [11.66667, 1.33333, 11.33333, 1.66667], "texture": "#0"}
			}
		},
		{
			"from": [9.95, 4.3, 3.5],
			"to": [10.625, 4.475, 4],
			"rotation": {"angle": 0, "axis": "y", "origin": [10.225, -1.675, 2]},
			"faces": {
				"north": {"uv": [1.66667, 11.33333, 2, 11.66667], "texture": "#0"},
				"east": {"uv": [11.33333, 1.66667, 11.66667, 2], "texture": "#0"},
				"south": {"uv": [2, 11.33333, 2.33333, 11.66667], "texture": "#0"},
				"west": {"uv": [11.33333, 2, 11.66667, 2.33333], "texture": "#0"},
				"up": {"uv": [2.66667, 11.66667, 2.33333, 11.33333], "texture": "#0"},
				"down": {"uv": [11.66667, 2.33333, 11.33333, 2.66667], "texture": "#0"}
			}
		},
		{
			"from": [10.825, 4.625, 3.5],
			"to": [11, 5.25, 4],
			"rotation": {"angle": 0, "axis": "y", "origin": [10.6, -1.35, 2]},
			"faces": {
				"north": {"uv": [2.66667, 11.33333, 3, 11.66667], "texture": "#0"},
				"east": {"uv": [11.33333, 2.66667, 11.66667, 3], "texture": "#0"},
				"south": {"uv": [3, 11.33333, 3.33333, 11.66667], "texture": "#0"},
				"west": {"uv": [11.33333, 3, 11.66667, 3.33333], "texture": "#0"},
				"up": {"uv": [3.66667, 11.66667, 3.33333, 11.33333], "texture": "#0"},
				"down": {"uv": [11.66667, 3.33333, 11.33333, 3.66667], "texture": "#0"}
			}
		},
		{
			"from": [10.825, 5.25, 3.5],
			"to": [11, 5.425, 4],
			"rotation": {"angle": 0, "axis": "y", "origin": [10.6, -0.725, 2]},
			"faces": {
				"north": {"uv": [3.66667, 11.33333, 4, 11.66667], "texture": "#0"},
				"east": {"uv": [11.33333, 3.66667, 11.66667, 4], "texture": "#0"},
				"south": {"uv": [4, 11.33333, 4.33333, 11.66667], "texture": "#0"},
				"west": {"uv": [11.33333, 4, 11.66667, 4.33333], "texture": "#0"},
				"up": {"uv": [4.66667, 11.66667, 4.33333, 11.33333], "texture": "#0"},
				"down": {"uv": [11.66667, 4.33333, 11.33333, 4.66667], "texture": "#0"}
			}
		},
		{
			"from": [6.425, 5.25, 3.5],
			"to": [6.6, 5.425, 4],
			"rotation": {"angle": 0, "axis": "y", "origin": [6.2, -0.725, 2]},
			"faces": {
				"north": {"uv": [11.66667, 0, 12, 0.33333], "texture": "#0"},
				"east": {"uv": [0.33333, 11.66667, 0.66667, 12], "texture": "#0"},
				"south": {"uv": [11.66667, 0.33333, 12, 0.66667], "texture": "#0"},
				"west": {"uv": [0.66667, 11.66667, 1, 12], "texture": "#0"},
				"up": {"uv": [12, 1, 11.66667, 0.66667], "texture": "#0"},
				"down": {"uv": [1.33333, 11.66667, 1, 12], "texture": "#0"}
			}
		},
		{
			"from": [6.425, 4.625, 3.5],
			"to": [6.6, 5.25, 4],
			"rotation": {"angle": 0, "axis": "y", "origin": [6.2, -1.35, 2]},
			"faces": {
				"north": {"uv": [10.66667, 11.33333, 11, 11.66667], "texture": "#0"},
				"east": {"uv": [11.33333, 10.66667, 11.66667, 11], "texture": "#0"},
				"south": {"uv": [11, 11.33333, 11.33333, 11.66667], "texture": "#0"},
				"west": {"uv": [11.33333, 11, 11.66667, 11.33333], "texture": "#0"},
				"up": {"uv": [11.66667, 11.66667, 11.33333, 11.33333], "texture": "#0"},
				"down": {"uv": [0.33333, 11.66667, 0, 12], "texture": "#0"}
			}
		},
		{
			"from": [5.55, 4.3, 3.5],
			"to": [6.225, 4.475, 4],
			"rotation": {"angle": 0, "axis": "y", "origin": [5.825, -1.675, 2]},
			"faces": {
				"north": {"uv": [9.66667, 11.33333, 10, 11.66667], "texture": "#0"},
				"east": {"uv": [11.33333, 9.66667, 11.66667, 10], "texture": "#0"},
				"south": {"uv": [10, 11.33333, 10.33333, 11.66667], "texture": "#0"},
				"west": {"uv": [11.33333, 10, 11.66667, 10.33333], "texture": "#0"},
				"up": {"uv": [10.66667, 11.66667, 10.33333, 11.33333], "texture": "#0"},
				"down": {"uv": [11.66667, 10.33333, 11.33333, 10.66667], "texture": "#0"}
			}
		},
		{
			"from": [5.375, 4.3, 3.5],
			"to": [5.55, 4.475, 4],
			"rotation": {"angle": 0, "axis": "y", "origin": [5.15, -1.675, 2]},
			"faces": {
				"north": {"uv": [8.66667, 11.33333, 9, 11.66667], "texture": "#0"},
				"east": {"uv": [11.33333, 8.66667, 11.66667, 9], "texture": "#0"},
				"south": {"uv": [9, 11.33333, 9.33333, 11.66667], "texture": "#0"},
				"west": {"uv": [11.33333, 9, 11.66667, 9.33333], "texture": "#0"},
				"up": {"uv": [9.66667, 11.66667, 9.33333, 11.33333], "texture": "#0"},
				"down": {"uv": [11.66667, 9.33333, 11.33333, 9.66667], "texture": "#0"}
			}
		},
		{
			"from": [5, 4.625, 3.5],
			"to": [5.175, 5.25, 4],
			"rotation": {"angle": 0, "axis": "y", "origin": [4.775, -1.35, 2]},
			"faces": {
				"north": {"uv": [7.66667, 11.33333, 8, 11.66667], "texture": "#0"},
				"east": {"uv": [11.33333, 7.66667, 11.66667, 8], "texture": "#0"},
				"south": {"uv": [8, 11.33333, 8.33333, 11.66667], "texture": "#0"},
				"west": {"uv": [11.33333, 8, 11.66667, 8.33333], "texture": "#0"},
				"up": {"uv": [8.66667, 11.66667, 8.33333, 11.33333], "texture": "#0"},
				"down": {"uv": [11.66667, 8.33333, 11.33333, 8.66667], "texture": "#0"}
			}
		},
		{
			"from": [5, 5.25, 3.5],
			"to": [5.175, 5.425, 4],
			"rotation": {"angle": 0, "axis": "y", "origin": [4.775, -0.725, 2]},
			"faces": {
				"north": {"uv": [6.66667, 11.33333, 7, 11.66667], "texture": "#0"},
				"east": {"uv": [11.33333, 6.66667, 11.66667, 7], "texture": "#0"},
				"south": {"uv": [7, 11.33333, 7.33333, 11.66667], "texture": "#0"},
				"west": {"uv": [11.33333, 7, 11.66667, 7.33333], "texture": "#0"},
				"up": {"uv": [7.66667, 11.66667, 7.33333, 11.33333], "texture": "#0"},
				"down": {"uv": [11.66667, 7.33333, 11.33333, 7.66667], "texture": "#0"}
			}
		},
		{
			"from": [5.375, 5.575, 3.5],
			"to": [6.05, 5.75, 4],
			"rotation": {"angle": 0, "axis": "y", "origin": [5.15, -0.4, 2]},
			"faces": {
				"north": {"uv": [5.66667, 11.33333, 6, 11.66667], "texture": "#0"},
				"east": {"uv": [11.33333, 5.66667, 11.66667, 6], "texture": "#0"},
				"south": {"uv": [6, 11.33333, 6.33333, 11.66667], "texture": "#0"},
				"west": {"uv": [11.33333, 6, 11.66667, 6.33333], "texture": "#0"},
				"up": {"uv": [6.66667, 11.66667, 6.33333, 11.33333], "texture": "#0"},
				"down": {"uv": [11.66667, 6.33333, 11.33333, 6.66667], "texture": "#0"}
			}
		},
		{
			"from": [6.05, 5.575, 3.5],
			"to": [6.225, 5.75, 4],
			"rotation": {"angle": 0, "axis": "y", "origin": [5.825, -0.4, 2]},
			"faces": {
				"north": {"uv": [4.66667, 11.33333, 5, 11.66667], "texture": "#0"},
				"east": {"uv": [11.33333, 4.66667, 11.66667, 5], "texture": "#0"},
				"south": {"uv": [5, 11.33333, 5.33333, 11.66667], "texture": "#0"},
				"west": {"uv": [11.33333, 5, 11.66667, 5.33333], "texture": "#0"},
				"up": {"uv": [5.66667, 11.66667, 5.33333, 11.33333], "texture": "#0"},
				"down": {"uv": [11.66667, 5.33333, 11.33333, 5.66667], "texture": "#0"}
			}
		},
		{
			"from": [6.225, 4.3, 3.5],
			"to": [6.6, 4.625, 4],
			"rotation": {"angle": 0, "axis": "y", "origin": [6.2, -1.525, 2]},
			"faces": {
				"north": {"uv": [11, 0.66667, 11.33333, 1], "texture": "#0"},
				"east": {"uv": [1, 11, 1.33333, 11.33333], "texture": "#0"},
				"south": {"uv": [11, 1, 11.33333, 1.33333], "texture": "#0"},
				"west": {"uv": [1.33333, 11, 1.66667, 11.33333], "texture": "#0"},
				"up": {"uv": [11.33333, 1.66667, 11, 1.33333], "texture": "#0"},
				"down": {"uv": [2, 11, 1.66667, 11.33333], "texture": "#0"}
			}
		},
		{
			"from": [5, 4.3, 3.5],
			"to": [5.375, 4.625, 4],
			"rotation": {"angle": 0, "axis": "y", "origin": [4.975, -1.525, 2]},
			"faces": {
				"north": {"uv": [11, 1.66667, 11.33333, 2], "texture": "#0"},
				"east": {"uv": [2, 11, 2.33333, 11.33333], "texture": "#0"},
				"south": {"uv": [11, 2, 11.33333, 2.33333], "texture": "#0"},
				"west": {"uv": [2.33333, 11, 2.66667, 11.33333], "texture": "#0"},
				"up": {"uv": [11.33333, 2.66667, 11, 2.33333], "texture": "#0"},
				"down": {"uv": [3, 11, 2.66667, 11.33333], "texture": "#0"}
			}
		},
		{
			"from": [5, 5.425, 3.5],
			"to": [5.375, 5.75, 4],
			"rotation": {"angle": 0, "axis": "y", "origin": [4.975, -0.4, 2]},
			"faces": {
				"north": {"uv": [11, 2.66667, 11.33333, 3], "texture": "#0"},
				"east": {"uv": [3, 11, 3.33333, 11.33333], "texture": "#0"},
				"south": {"uv": [11, 3, 11.33333, 3.33333], "texture": "#0"},
				"west": {"uv": [3.33333, 11, 3.66667, 11.33333], "texture": "#0"},
				"up": {"uv": [11.33333, 3.66667, 11, 3.33333], "texture": "#0"},
				"down": {"uv": [4, 11, 3.66667, 11.33333], "texture": "#0"}
			}
		},
		{
			"from": [9.4, 5.425, 3.5],
			"to": [9.775, 5.75, 4],
			"rotation": {"angle": 0, "axis": "y", "origin": [9.375, -0.4, 2]},
			"faces": {
				"north": {"uv": [11, 3.66667, 11.33333, 4], "texture": "#0"},
				"east": {"uv": [4, 11, 4.33333, 11.33333], "texture": "#0"},
				"south": {"uv": [11, 4, 11.33333, 4.33333], "texture": "#0"},
				"west": {"uv": [4.33333, 11, 4.66667, 11.33333], "texture": "#0"},
				"up": {"uv": [11.33333, 4.66667, 11, 4.33333], "texture": "#0"},
				"down": {"uv": [5, 11, 4.66667, 11.33333], "texture": "#0"}
			}
		},
		{
			"from": [10.625, 5.425, 3.5],
			"to": [11, 5.75, 4],
			"rotation": {"angle": 0, "axis": "y", "origin": [10.6, -0.4, 2]},
			"faces": {
				"north": {"uv": [11, 4.66667, 11.33333, 5], "texture": "#0"},
				"east": {"uv": [5, 11, 5.33333, 11.33333], "texture": "#0"},
				"south": {"uv": [11, 5, 11.33333, 5.33333], "texture": "#0"},
				"west": {"uv": [5.33333, 11, 5.66667, 11.33333], "texture": "#0"},
				"up": {"uv": [11.33333, 5.66667, 11, 5.33333], "texture": "#0"},
				"down": {"uv": [6, 11, 5.66667, 11.33333], "texture": "#0"}
			}
		},
		{
			"from": [10.625, 4.3, 3.5],
			"to": [11, 4.625, 4],
			"rotation": {"angle": 0, "axis": "y", "origin": [10.6, -1.525, 2]},
			"faces": {
				"north": {"uv": [11, 5.66667, 11.33333, 6], "texture": "#0"},
				"east": {"uv": [6, 11, 6.33333, 11.33333], "texture": "#0"},
				"south": {"uv": [11, 6, 11.33333, 6.33333], "texture": "#0"},
				"west": {"uv": [6.33333, 11, 6.66667, 11.33333], "texture": "#0"},
				"up": {"uv": [11.33333, 6.66667, 11, 6.33333], "texture": "#0"},
				"down": {"uv": [7, 11, 6.66667, 11.33333], "texture": "#0"}
			}
		},
		{
			"from": [9.4, 4.3, 3.5],
			"to": [9.775, 4.625, 4],
			"rotation": {"angle": 0, "axis": "y", "origin": [9.375, -1.525, 2]},
			"faces": {
				"north": {"uv": [11, 6.66667, 11.33333, 7], "texture": "#0"},
				"east": {"uv": [7, 11, 7.33333, 11.33333], "texture": "#0"},
				"south": {"uv": [11, 7, 11.33333, 7.33333], "texture": "#0"},
				"west": {"uv": [7.33333, 11, 7.66667, 11.33333], "texture": "#0"},
				"up": {"uv": [11.33333, 7.66667, 11, 7.33333], "texture": "#0"},
				"down": {"uv": [8, 11, 7.66667, 11.33333], "texture": "#0"}
			}
		},
		{
			"from": [4.5, 4.3, 3.5],
			"to": [5, 5.75, 4],
			"rotation": {"angle": 0, "axis": "y", "origin": [5, -0.4, 2]},
			"faces": {
				"north": {"uv": [8.66667, 10.66667, 9, 11], "texture": "#0"},
				"east": {"uv": [10.66667, 8.66667, 11, 9], "texture": "#0"},
				"south": {"uv": [9, 10.66667, 9.33333, 11], "texture": "#0"},
				"west": {"uv": [10.66667, 9, 11, 9.33333], "texture": "#0"},
				"up": {"uv": [9.66667, 11, 9.33333, 10.66667], "texture": "#0"},
				"down": {"uv": [11, 9.33333, 10.66667, 9.66667], "texture": "#0"}
			}
		},
		{
			"from": [11, 4.3, 3.5],
			"to": [11.5, 5.75, 4],
			"rotation": {"angle": 0, "axis": "y", "origin": [11.5, -0.4, 2]},
			"faces": {
				"north": {"uv": [9.66667, 10.66667, 10, 11], "texture": "#0"},
				"east": {"uv": [10.66667, 9.66667, 11, 10], "texture": "#0"},
				"south": {"uv": [10, 10.66667, 10.33333, 11], "texture": "#0"},
				"west": {"uv": [10.66667, 10, 11, 10.33333], "texture": "#0"},
				"up": {"uv": [10.66667, 11, 10.33333, 10.66667], "texture": "#0"},
				"down": {"uv": [11, 10.33333, 10.66667, 10.66667], "texture": "#0"}
			}
		},
		{
			"from": [11.5, 4.3, 3.5],
			"to": [12, 7, 4],
			"rotation": {"angle": 0, "axis": "y", "origin": [10, -0.4, 2]},
			"faces": {
				"north": {"uv": [7.66667, 0, 8, 1], "texture": "#0"},
				"east": {"uv": [1, 7.66667, 1.33333, 8.66667], "texture": "#0"},
				"south": {"uv": [1.33333, 7.66667, 1.66667, 8.66667], "texture": "#0"},
				"west": {"uv": [1.66667, 7.66667, 2, 8.66667], "texture": "#0"},
				"up": {"uv": [8.33333, 11, 8, 10.66667], "texture": "#0"},
				"down": {"uv": [11, 8, 10.66667, 8.33333], "texture": "#0"}
			}
		},
		{
			"from": [4, 4.3, 3.5],
			"to": [4.5, 7, 4],
			"rotation": {"angle": 0, "axis": "y", "origin": [2.525, -0.4, 2]},
			"faces": {
				"north": {"uv": [2.33333, 7.66667, 2.66667, 8.66667], "texture": "#0"},
				"east": {"uv": [2.66667, 7.66667, 3, 8.66667], "texture": "#0"},
				"south": {"uv": [3, 7.66667, 3.33333, 8.66667], "texture": "#0"},
				"west": {"uv": [3.33333, 7.66667, 3.66667, 8.66667], "texture": "#0"},
				"up": {"uv": [8.66667, 11, 8.33333, 10.66667], "texture": "#0"},
				"down": {"uv": [11, 8.33333, 10.66667, 8.66667], "texture": "#0"}
			}
		},
		{
			"from": [5.5, 8, 4],
			"to": [10.5, 8.5, 4.5],
			"rotation": {"angle": 0, "axis": "y", "origin": [7, 2, 2.5]},
			"faces": {
				"north": {"uv": [3.66667, 5.66667, 5.33333, 6], "texture": "#0"},
				"east": {"uv": [4.66667, 9, 5, 9.33333], "texture": "#0"},
				"south": {"uv": [5.33333, 5.66667, 7, 6], "texture": "#0"},
				"west": {"uv": [5, 9, 5.33333, 9.33333], "texture": "#0"},
				"up": {"uv": [7.33333, 5.66667, 5.66667, 5.33333], "texture": "#0"},
				"down": {"uv": [5.33333, 6, 3.66667, 6.33333], "texture": "#0"}
			}
		},
		{
			"from": [6.375, 8, 3.95],
			"to": [9.575, 8.15, 4.225],
			"rotation": {"angle": 0, "axis": "y", "origin": [7, 2, 2.45]},
			"faces": {
				"north": {"uv": [0, 8.33333, 1, 8.66667], "texture": "#0"},
				"east": {"uv": [1, 12, 1.33333, 12.33333], "texture": "#0"},
				"south": {"uv": [8.33333, 3.33333, 9.33333, 3.66667], "texture": "#0"},
				"west": {"uv": [12, 1, 12.33333, 1.33333], "texture": "#0"},
				"up": {"uv": [4.66667, 8.66667, 3.66667, 8.33333], "texture": "#0"},
				"down": {"uv": [5.66667, 8.33333, 4.66667, 8.66667], "texture": "#0"}
			}
		},
		{
			"from": [6.275, 8.15, 3.95],
			"to": [9.675, 8.3, 4.225],
			"rotation": {"angle": 0, "axis": "y", "origin": [7, 2.15, 2.45]},
			"faces": {
				"north": {"uv": [8.33333, 4.66667, 9.33333, 5], "texture": "#0"},
				"east": {"uv": [1.33333, 12, 1.66667, 12.33333], "texture": "#0"},
				"south": {"uv": [8.33333, 5.33333, 9.33333, 5.66667], "texture": "#0"},
				"west": {"uv": [12, 1.33333, 12.33333, 1.66667], "texture": "#0"},
				"up": {"uv": [6.66667, 8.66667, 5.66667, 8.33333], "texture": "#0"},
				"down": {"uv": [9.33333, 6, 8.33333, 6.33333], "texture": "#0"}
			}
		},
		{
			"from": [6.175, 8.3, 3.95],
			"to": [9.775, 8.525, 4.475],
			"rotation": {"angle": 0, "axis": "y", "origin": [7, 2.3, 2.45]},
			"faces": {
				"north": {"uv": [2.33333, 7.33333, 3.66667, 7.66667], "texture": "#0"},
				"east": {"uv": [1.66667, 12, 2, 12.33333], "texture": "#0"},
				"south": {"uv": [7.33333, 2.33333, 8.66667, 2.66667], "texture": "#0"},
				"west": {"uv": [12, 1.66667, 12.33333, 2], "texture": "#0"},
				"up": {"uv": [8.66667, 3, 7.33333, 2.66667], "texture": "#0"},
				"down": {"uv": [8.66667, 3, 7.33333, 3.33333], "texture": "#0"}
			}
		},
		{
			"from": [6.675, 8.525, 3.95],
			"to": [9.275, 8.575, 4.475],
			"rotation": {"angle": 0, "axis": "y", "origin": [7, 2.35, 2.45]},
			"faces": {
				"north": {"uv": [8.33333, 6.33333, 9.33333, 6.66667], "texture": "#0"},
				"east": {"uv": [2.33333, 12, 2.66667, 12.33333], "texture": "#0"},
				"south": {"uv": [6.66667, 8.33333, 7.66667, 8.66667], "texture": "#0"},
				"west": {"uv": [12, 2.33333, 12.33333, 2.66667], "texture": "#0"},
				"up": {"uv": [9.33333, 7, 8.33333, 6.66667], "texture": "#0"},
				"down": {"uv": [9.33333, 7, 8.33333, 7.33333], "texture": "#0"}
			}
		},
		{
			"from": [12.1, 7.75, 4],
			"to": [12.6, 9, 4.5],
			"rotation": {"angle": 0, "axis": "y", "origin": [12.1, 7, 2.5]},
			"faces": {
				"north": {"uv": [3, 9.33333, 3.33333, 9.66667], "texture": "#0"},
				"east": {"uv": [9.33333, 3, 9.66667, 3.33333], "texture": "#0"},
				"south": {"uv": [3.33333, 9.33333, 3.66667, 9.66667], "texture": "#0"},
				"west": {"uv": [9.33333, 3.33333, 9.66667, 3.66667], "texture": "#0"},
				"up": {"uv": [4, 9.66667, 3.66667, 9.33333], "texture": "#0"},
				"down": {"uv": [9.66667, 3.66667, 9.33333, 4], "texture": "#0"}
			}
		},
		{
			"from": [11.5, 7, 4.25],
			"to": [12.1, 9, 4.5],
			"rotation": {"angle": 0, "axis": "y", "origin": [11.5, 2, 2.75]},
			"faces": {
				"north": {"uv": [8.33333, 7.33333, 8.66667, 8], "texture": "#0"},
				"east": {"uv": [7.66667, 8.33333, 8, 9], "texture": "#0"},
				"south": {"uv": [8, 8.33333, 8.33333, 9], "texture": "#0"},
				"west": {"uv": [8.33333, 8, 8.66667, 8.66667], "texture": "#0"},
				"up": {"uv": [9.33333, 9.66667, 9, 9.33333], "texture": "#0"},
				"down": {"uv": [9.66667, 9, 9.33333, 9.33333], "texture": "#0"}
			}
		},
		{
			"from": [3.9, 7, 4.25],
			"to": [4.5, 9, 4.5],
			"rotation": {"angle": 0, "axis": "y", "origin": [4, 2, 2.75]},
			"faces": {
				"north": {"uv": [0, 8.66667, 0.33333, 9.33333], "texture": "#0"},
				"east": {"uv": [0.33333, 8.66667, 0.66667, 9.33333], "texture": "#0"},
				"south": {"uv": [0.66667, 8.66667, 1, 9.33333], "texture": "#0"},
				"west": {"uv": [1, 8.66667, 1.33333, 9.33333], "texture": "#0"},
				"up": {"uv": [1.33333, 10.33333, 1, 10], "texture": "#0"},
				"down": {"uv": [10.33333, 1, 10, 1.33333], "texture": "#0"}
			}
		},
		{
			"from": [4.75, 8, 4.25],
			"to": [5, 8.75, 4.5],
			"rotation": {"angle": 0, "axis": "y", "origin": [4.5, 2, 2.75]},
			"faces": {
				"north": {"uv": [1.33333, 10, 1.66667, 10.33333], "texture": "#0"},
				"east": {"uv": [10, 1.33333, 10.33333, 1.66667], "texture": "#0"},
				"south": {"uv": [1.66667, 10, 2, 10.33333], "texture": "#0"},
				"west": {"uv": [10, 1.66667, 10.33333, 2], "texture": "#0"},
				"up": {"uv": [2.33333, 10.33333, 2, 10], "texture": "#0"},
				"down": {"uv": [10.33333, 2, 10, 2.33333], "texture": "#0"}
			}
		},
		{
			"from": [4.5, 8, 4.25],
			"to": [4.75, 9, 4.5],
			"rotation": {"angle": 0, "axis": "y", "origin": [4.25, 2, 2.75]},
			"faces": {
				"north": {"uv": [2.33333, 10, 2.66667, 10.33333], "texture": "#0"},
				"east": {"uv": [10, 2.33333, 10.33333, 2.66667], "texture": "#0"},
				"south": {"uv": [2.66667, 10, 3, 10.33333], "texture": "#0"},
				"west": {"uv": [10, 2.66667, 10.33333, 3], "texture": "#0"},
				"up": {"uv": [3.33333, 10.33333, 3, 10], "texture": "#0"},
				"down": {"uv": [10.33333, 3, 10, 3.33333], "texture": "#0"}
			}
		},
		{
			"from": [11.75, 9, 4.25],
			"to": [11.95, 9.5, 4.5],
			"rotation": {"angle": 0, "axis": "y", "origin": [11.25, 3, 2.75]},
			"faces": {
				"north": {"uv": [9.33333, 9.33333, 9.66667, 9.66667], "texture": "#0"},
				"east": {"uv": [0, 9.66667, 0.33333, 10], "texture": "#0"},
				"south": {"uv": [9.66667, 0, 10, 0.33333], "texture": "#0"},
				"west": {"uv": [0.33333, 9.66667, 0.66667, 10], "texture": "#0"},
				"up": {"uv": [10, 0.66667, 9.66667, 0.33333], "texture": "#0"},
				"down": {"uv": [1, 9.66667, 0.66667, 10], "texture": "#0"}
			}
		},
		{
			"from": [4.05, 9, 4.25],
			"to": [4.5, 9.5, 4.5],
			"rotation": {"angle": 0, "axis": "y", "origin": [4, 3, 2.75]},
			"faces": {
				"north": {"uv": [3.33333, 10, 3.66667, 10.33333], "texture": "#0"},
				"east": {"uv": [10, 3.33333, 10.33333, 3.66667], "texture": "#0"},
				"south": {"uv": [3.66667, 10, 4, 10.33333], "texture": "#0"},
				"west": {"uv": [10, 3.66667, 10.33333, 4], "texture": "#0"},
				"up": {"uv": [4.33333, 10.33333, 4, 10], "texture": "#0"},
				"down": {"uv": [10.33333, 4, 10, 4.33333], "texture": "#0"}
			}
		},
		{
			"from": [4.5, 9, 4.25],
			"to": [4.75, 9.25, 4.5],
			"rotation": {"angle": 0, "axis": "y", "origin": [4.25, 3, 2.75]},
			"faces": {
				"north": {"uv": [4.33333, 10, 4.66667, 10.33333], "texture": "#0"},
				"east": {"uv": [10, 4.33333, 10.33333, 4.66667], "texture": "#0"},
				"south": {"uv": [4.66667, 10, 5, 10.33333], "texture": "#0"},
				"west": {"uv": [10, 4.66667, 10.33333, 5], "texture": "#0"},
				"up": {"uv": [5.33333, 10.33333, 5, 10], "texture": "#0"},
				"down": {"uv": [10.33333, 5, 10, 5.33333], "texture": "#0"}
			}
		},
		{
			"from": [10.5, 8, 4],
			"to": [11, 8.75, 4.5],
			"rotation": {"angle": 0, "axis": "y", "origin": [12, 7, 2.5]},
			"faces": {
				"north": {"uv": [4, 9.33333, 4.33333, 9.66667], "texture": "#0"},
				"east": {"uv": [9.33333, 4, 9.66667, 4.33333], "texture": "#0"},
				"south": {"uv": [4.33333, 9.33333, 4.66667, 9.66667], "texture": "#0"},
				"west": {"uv": [9.33333, 4.33333, 9.66667, 4.66667], "texture": "#0"},
				"up": {"uv": [5, 9.66667, 4.66667, 9.33333], "texture": "#0"},
				"down": {"uv": [9.66667, 4.66667, 9.33333, 5], "texture": "#0"}
			}
		},
		{
			"from": [10.75, 8.75, 4],
			"to": [11.25, 9.25, 4.5],
			"rotation": {"angle": 0, "axis": "y", "origin": [12, 7, 2.5]},
			"faces": {
				"north": {"uv": [5, 9.33333, 5.33333, 9.66667], "texture": "#0"},
				"east": {"uv": [9.33333, 5, 9.66667, 5.33333], "texture": "#0"},
				"south": {"uv": [5.33333, 9.33333, 5.66667, 9.66667], "texture": "#0"},
				"west": {"uv": [9.33333, 5.33333, 9.66667, 5.66667], "texture": "#0"},
				"up": {"uv": [6, 9.66667, 5.66667, 9.33333], "texture": "#0"},
				"down": {"uv": [9.66667, 5.66667, 9.33333, 6], "texture": "#0"}
			}
		},
		{
			"from": [4.5, 7, 4],
			"to": [5, 8, 4.5],
			"rotation": {"angle": 0, "axis": "y", "origin": [4.5, 1.5, 2.5]},
			"faces": {
				"north": {"uv": [8.66667, 9, 9, 9.33333], "texture": "#0"},
				"east": {"uv": [9, 8.66667, 9.33333, 9], "texture": "#0"},
				"south": {"uv": [9, 9, 9.33333, 9.33333], "texture": "#0"},
				"west": {"uv": [0, 9.33333, 0.33333, 9.66667], "texture": "#0"},
				"up": {"uv": [0.66667, 9.66667, 0.33333, 9.33333], "texture": "#0"},
				"down": {"uv": [1, 9.33333, 0.66667, 9.66667], "texture": "#0"}
			}
		},
		{
			"from": [11.5, 7, 4],
			"to": [12, 7, 4.5],
			"rotation": {"angle": 0, "axis": "y", "origin": [11.5, 1.5, 2.5]},
			"faces": {
				"north": {"uv": [0, 0, 0.33333, 0], "texture": "#0"},
				"east": {"uv": [0, 0, 0.33333, 0], "texture": "#0"},
				"south": {"uv": [0, 0, 0.33333, 0], "texture": "#0"},
				"west": {"uv": [0, 0, 0.33333, 0], "texture": "#0"},
				"up": {"uv": [5.66667, 9.33333, 5.33333, 9], "texture": "#0"},
				"down": {"uv": [6, 9, 5.66667, 9.33333], "texture": "#0"}
			}
		},
		{
			"from": [4, 7, 4],
			"to": [4.5, 7, 4.5],
			"rotation": {"angle": 0, "axis": "y", "origin": [4, 1.5, 2.5]},
			"faces": {
				"north": {"uv": [0, 0, 0.33333, 0], "texture": "#0"},
				"east": {"uv": [0, 0, 0.33333, 0], "texture": "#0"},
				"south": {"uv": [0, 0, 0.33333, 0], "texture": "#0"},
				"west": {"uv": [0, 0, 0.33333, 0], "texture": "#0"},
				"up": {"uv": [1.33333, 9.66667, 1, 9.33333], "texture": "#0"},
				"down": {"uv": [9.66667, 1, 9.33333, 1.33333], "texture": "#0"}
			}
		},
		{
			"from": [11, 8, 4.25],
			"to": [11.25, 8.75, 4.5],
			"rotation": {"angle": 0, "axis": "y", "origin": [10.75, 2, 2.75]},
			"faces": {
				"north": {"uv": [9.66667, 3.66667, 10, 4], "texture": "#0"},
				"east": {"uv": [4, 9.66667, 4.33333, 10], "texture": "#0"},
				"south": {"uv": [9.66667, 4, 10, 4.33333], "texture": "#0"},
				"west": {"uv": [4.33333, 9.66667, 4.66667, 10], "texture": "#0"},
				"up": {"uv": [10, 4.66667, 9.66667, 4.33333], "texture": "#0"},
				"down": {"uv": [5, 9.66667, 4.66667, 10], "texture": "#0"}
			}
		},
		{
			"from": [11.25, 8, 4.25],
			"to": [11.5, 9, 4.5],
			"rotation": {"angle": 0, "axis": "y", "origin": [11, 2, 2.75]},
			"faces": {
				"north": {"uv": [9.66667, 2.66667, 10, 3], "texture": "#0"},
				"east": {"uv": [3, 9.66667, 3.33333, 10], "texture": "#0"},
				"south": {"uv": [9.66667, 3, 10, 3.33333], "texture": "#0"},
				"west": {"uv": [3.33333, 9.66667, 3.66667, 10], "texture": "#0"},
				"up": {"uv": [10, 3.66667, 9.66667, 3.33333], "texture": "#0"},
				"down": {"uv": [4, 9.66667, 3.66667, 10], "texture": "#0"}
			}
		},
		{
			"from": [11.25, 9, 4.25],
			"to": [11.5, 9.25, 4.5],
			"rotation": {"angle": 0, "axis": "y", "origin": [11, 3, 2.75]},
			"faces": {
				"north": {"uv": [9.66667, 1.66667, 10, 2], "texture": "#0"},
				"east": {"uv": [2, 9.66667, 2.33333, 10], "texture": "#0"},
				"south": {"uv": [9.66667, 2, 10, 2.33333], "texture": "#0"},
				"west": {"uv": [2.33333, 9.66667, 2.66667, 10], "texture": "#0"},
				"up": {"uv": [10, 2.66667, 9.66667, 2.33333], "texture": "#0"},
				"down": {"uv": [3, 9.66667, 2.66667, 10], "texture": "#0"}
			}
		},
		{
			"from": [11.5, 9, 4.25],
			"to": [11.75, 9.5, 4.5],
			"rotation": {"angle": 0, "axis": "y", "origin": [11.25, 3, 2.75]},
			"faces": {
				"north": {"uv": [9.66667, 0.66667, 10, 1], "texture": "#0"},
				"east": {"uv": [1, 9.66667, 1.33333, 10], "texture": "#0"},
				"south": {"uv": [9.66667, 1, 10, 1.33333], "texture": "#0"},
				"west": {"uv": [1.33333, 9.66667, 1.66667, 10], "texture": "#0"},
				"up": {"uv": [10, 1.66667, 9.66667, 1.33333], "texture": "#0"},
				"down": {"uv": [2, 9.66667, 1.66667, 10], "texture": "#0"}
			}
		},
		{
			"from": [11, 7, 4],
			"to": [11.5, 8, 4.5],
			"rotation": {"angle": 0, "axis": "y", "origin": [11, 1.5, 2.5]},
			"faces": {
				"north": {"uv": [6.66667, 9, 7, 9.33333], "texture": "#0"},
				"east": {"uv": [7, 9, 7.33333, 9.33333], "texture": "#0"},
				"south": {"uv": [7.33333, 9, 7.66667, 9.33333], "texture": "#0"},
				"west": {"uv": [7.66667, 9, 8, 9.33333], "texture": "#0"},
				"up": {"uv": [8.33333, 9.33333, 8, 9], "texture": "#0"},
				"down": {"uv": [8.66667, 9, 8.33333, 9.33333], "texture": "#0"}
			}
		},
		{
			"from": [11.5, 7, 4],
			"to": [12, 7, 4.5],
			"rotation": {"angle": 0, "axis": "y", "origin": [11.5, 1.5, 2.5]},
			"faces": {
				"north": {"uv": [0, 0, 0.33333, 0], "texture": "#0"},
				"east": {"uv": [0, 0, 0.33333, 0], "texture": "#0"},
				"south": {"uv": [0, 0, 0.33333, 0], "texture": "#0"},
				"west": {"uv": [0, 0, 0.33333, 0], "texture": "#0"},
				"up": {"uv": [6.33333, 9.33333, 6, 9], "texture": "#0"},
				"down": {"uv": [6.66667, 9, 6.33333, 9.33333], "texture": "#0"}
			}
		},
		{
			"from": [11.95, 9, 4],
			"to": [12.45, 9.5, 4.5],
			"rotation": {"angle": 0, "axis": "y", "origin": [12.2, 7, 2.5]},
			"faces": {
				"north": {"uv": [6, 9.33333, 6.33333, 9.66667], "texture": "#0"},
				"east": {"uv": [9.33333, 6, 9.66667, 6.33333], "texture": "#0"},
				"south": {"uv": [6.33333, 9.33333, 6.66667, 9.66667], "texture": "#0"},
				"west": {"uv": [9.33333, 6.33333, 9.66667, 6.66667], "texture": "#0"},
				"up": {"uv": [7, 9.66667, 6.66667, 9.33333], "texture": "#0"},
				"down": {"uv": [9.66667, 6.66667, 9.33333, 7], "texture": "#0"}
			}
		},
		{
			"from": [11.1, 9.25, 4],
			"to": [11.6, 9.75, 4.5],
			"rotation": {"angle": 0, "axis": "y", "origin": [12, 7, 2.5]},
			"faces": {
				"north": {"uv": [7, 9.33333, 7.33333, 9.66667], "texture": "#0"},
				"east": {"uv": [9.33333, 7, 9.66667, 7.33333], "texture": "#0"},
				"south": {"uv": [7.33333, 9.33333, 7.66667, 9.66667], "texture": "#0"},
				"west": {"uv": [9.33333, 7.33333, 9.66667, 7.66667], "texture": "#0"},
				"up": {"uv": [8, 9.66667, 7.66667, 9.33333], "texture": "#0"},
				"down": {"uv": [9.66667, 7.66667, 9.33333, 8], "texture": "#0"}
			}
		},
		{
			"from": [11.6, 9.5, 4],
			"to": [12.1, 10, 4.5],
			"rotation": {"angle": 0, "axis": "y", "origin": [12.1, 7, 2.5]},
			"faces": {
				"north": {"uv": [8, 9.33333, 8.33333, 9.66667], "texture": "#0"},
				"east": {"uv": [9.33333, 8, 9.66667, 8.33333], "texture": "#0"},
				"south": {"uv": [8.33333, 9.33333, 8.66667, 9.66667], "texture": "#0"},
				"west": {"uv": [9.33333, 8.33333, 9.66667, 8.66667], "texture": "#0"},
				"up": {"uv": [9, 9.66667, 8.66667, 9.33333], "texture": "#0"},
				"down": {"uv": [9.66667, 8.66667, 9.33333, 9], "texture": "#0"}
			}
		},
		{
			"from": [3.4, 7.75, 4],
			"to": [3.9, 9, 4.5],
			"rotation": {"angle": 0, "axis": "y", "origin": [3.9, 7, 6]},
			"faces": {
				"north": {"uv": [0, 10, 0.33333, 10.33333], "texture": "#0"},
				"east": {"uv": [10, 0, 10.33333, 0.33333], "texture": "#0"},
				"south": {"uv": [0.33333, 10, 0.66667, 10.33333], "texture": "#0"},
				"west": {"uv": [10, 0.33333, 10.33333, 0.66667], "texture": "#0"},
				"up": {"uv": [1, 10.33333, 0.66667, 10], "texture": "#0"},
				"down": {"uv": [10.33333, 0.66667, 10, 1], "texture": "#0"}
			}
		},
		{
			"from": [3.3, 7, 4],
			"to": [3.9, 7.75, 4.5],
			"rotation": {"angle": 0, "axis": "y", "origin": [3.9, 6.25, 6]},
			"faces": {
				"north": {"uv": [5.33333, 10, 5.66667, 10.33333], "texture": "#0"},
				"east": {"uv": [10, 5.33333, 10.33333, 5.66667], "texture": "#0"},
				"south": {"uv": [5.66667, 10, 6, 10.33333], "texture": "#0"},
				"west": {"uv": [10, 5.66667, 10.33333, 6], "texture": "#0"},
				"up": {"uv": [6.33333, 10.33333, 6, 10], "texture": "#0"},
				"down": {"uv": [10.33333, 6, 10, 6.33333], "texture": "#0"}
			}
		},
		{
			"from": [3.9, 7, 4],
			"to": [4.5, 7.85, 4.425],
			"rotation": {"angle": 0, "axis": "y", "origin": [4.5, 6.25, 6]},
			"faces": {
				"north": {"uv": [11.66667, 1, 12, 1.33333], "texture": "#0"},
				"east": {"uv": [1.33333, 11.66667, 1.66667, 12], "texture": "#0"},
				"south": {"uv": [11.66667, 1.33333, 12, 1.66667], "texture": "#0"},
				"west": {"uv": [1.66667, 11.66667, 2, 12], "texture": "#0"},
				"up": {"uv": [12, 2, 11.66667, 1.66667], "texture": "#0"},
				"down": {"uv": [2.33333, 11.66667, 2, 12], "texture": "#0"}
			}
		},
		{
			"from": [12.1, 7, 4],
			"to": [12.7, 7.75, 4.5],
			"rotation": {"angle": 0, "axis": "y", "origin": [12.7, 6.25, 6]},
			"faces": {
				"north": {"uv": [6.33333, 10, 6.66667, 10.33333], "texture": "#0"},
				"east": {"uv": [10, 6.33333, 10.33333, 6.66667], "texture": "#0"},
				"south": {"uv": [6.66667, 10, 7, 10.33333], "texture": "#0"},
				"west": {"uv": [10, 6.66667, 10.33333, 7], "texture": "#0"},
				"up": {"uv": [7.33333, 10.33333, 7, 10], "texture": "#0"},
				"down": {"uv": [10.33333, 7, 10, 7.33333], "texture": "#0"}
			}
		},
		{
			"from": [11.5, 7, 4],
			"to": [12.1, 7.85, 4.45],
			"rotation": {"angle": 0, "axis": "y", "origin": [12.1, 6.25, 6]},
			"faces": {
				"north": {"uv": [11.66667, 2, 12, 2.33333], "texture": "#0"},
				"east": {"uv": [2.33333, 11.66667, 2.66667, 12], "texture": "#0"},
				"south": {"uv": [11.66667, 2.33333, 12, 2.66667], "texture": "#0"},
				"west": {"uv": [2.66667, 11.66667, 3, 12], "texture": "#0"},
				"up": {"uv": [12, 3, 11.66667, 2.66667], "texture": "#0"},
				"down": {"uv": [3.33333, 11.66667, 3, 12], "texture": "#0"}
			}
		},
		{
			"from": [3.55, 9, 4],
			"to": [4.05, 9.5, 4.5],
			"rotation": {"angle": 0, "axis": "y", "origin": [3.8, 7, 6]},
			"faces": {
				"north": {"uv": [9.66667, 8.66667, 10, 9], "texture": "#0"},
				"east": {"uv": [9, 9.66667, 9.33333, 10], "texture": "#0"},
				"south": {"uv": [9.66667, 9, 10, 9.33333], "texture": "#0"},
				"west": {"uv": [9.33333, 9.66667, 9.66667, 10], "texture": "#0"},
				"up": {"uv": [10, 9.66667, 9.66667, 9.33333], "texture": "#0"},
				"down": {"uv": [10, 9.66667, 9.66667, 10], "texture": "#0"}
			}
		},
		{
			"from": [3.9, 9.5, 4],
			"to": [4.4, 10, 4.5],
			"rotation": {"angle": 0, "axis": "y", "origin": [3.9, 7, 6]},
			"faces": {
				"north": {"uv": [9.66667, 7.66667, 10, 8], "texture": "#0"},
				"east": {"uv": [8, 9.66667, 8.33333, 10], "texture": "#0"},
				"south": {"uv": [9.66667, 8, 10, 8.33333], "texture": "#0"},
				"west": {"uv": [8.33333, 9.66667, 8.66667, 10], "texture": "#0"},
				"up": {"uv": [10, 8.66667, 9.66667, 8.33333], "texture": "#0"},
				"down": {"uv": [9, 9.66667, 8.66667, 10], "texture": "#0"}
			}
		},
		{
			"from": [4.4, 9.25, 4],
			"to": [4.9, 9.75, 4.5],
			"rotation": {"angle": 0, "axis": "y", "origin": [4, 7, 6]},
			"faces": {
				"north": {"uv": [9.66667, 6.66667, 10, 7], "texture": "#0"},
				"east": {"uv": [7, 9.66667, 7.33333, 10], "texture": "#0"},
				"south": {"uv": [9.66667, 7, 10, 7.33333], "texture": "#0"},
				"west": {"uv": [7.33333, 9.66667, 7.66667, 10], "texture": "#0"},
				"up": {"uv": [10, 7.66667, 9.66667, 7.33333], "texture": "#0"},
				"down": {"uv": [8, 9.66667, 7.66667, 10], "texture": "#0"}
			}
		},
		{
			"from": [4.75, 8.75, 4],
			"to": [5.25, 9.25, 4.5],
			"rotation": {"angle": 0, "axis": "y", "origin": [4, 7, 6]},
			"faces": {
				"north": {"uv": [9.66667, 5.66667, 10, 6], "texture": "#0"},
				"east": {"uv": [6, 9.66667, 6.33333, 10], "texture": "#0"},
				"south": {"uv": [9.66667, 6, 10, 6.33333], "texture": "#0"},
				"west": {"uv": [6.33333, 9.66667, 6.66667, 10], "texture": "#0"},
				"up": {"uv": [10, 6.66667, 9.66667, 6.33333], "texture": "#0"},
				"down": {"uv": [7, 9.66667, 6.66667, 10], "texture": "#0"}
			}
		},
		{
			"from": [5, 8, 4],
			"to": [5.5, 8.75, 4.5],
			"rotation": {"angle": 0, "axis": "y", "origin": [4, 7, 6]},
			"faces": {
				"north": {"uv": [9.66667, 4.66667, 10, 5], "texture": "#0"},
				"east": {"uv": [5, 9.66667, 5.33333, 10], "texture": "#0"},
				"south": {"uv": [9.66667, 5, 10, 5.33333], "texture": "#0"},
				"west": {"uv": [5.33333, 9.66667, 5.66667, 10], "texture": "#0"},
				"up": {"uv": [10, 5.66667, 9.66667, 5.33333], "texture": "#0"},
				"down": {"uv": [6, 9.66667, 5.66667, 10], "texture": "#0"}
			}
		},
		{
			"from": [4.5, 0, 3.5],
			"to": [11.5, 0.5, 4],
			"rotation": {"angle": 0, "axis": "y", "origin": [7, -6, 2]},
			"faces": {
				"north": {"uv": [4.66667, 4.33333, 7, 4.66667], "texture": "#0"},
				"east": {"uv": [3.33333, 9, 3.66667, 9.33333], "texture": "#0"},
				"south": {"uv": [2.33333, 5, 4.66667, 5.33333], "texture": "#0"},
				"west": {"uv": [3.66667, 9, 4, 9.33333], "texture": "#0"},
				"up": {"uv": [7, 5.33333, 4.66667, 5], "texture": "#0"},
				"down": {"uv": [7.33333, 4.66667, 5, 5], "texture": "#0"}
			}
		},
		{
			"from": [3.25, 1, 4],
			"to": [4, 7, 4.5],
			"rotation": {"angle": 0, "axis": "y", "origin": [-0.5, -5, 2.5]},
			"faces": {
				"north": {"uv": [2.33333, 5.33333, 2.66667, 7.33333], "texture": "#0"},
				"east": {"uv": [2.66667, 5.33333, 3, 7.33333], "texture": "#0"},
				"south": {"uv": [3, 5.33333, 3.33333, 7.33333], "texture": "#0"},
				"west": {"uv": [3.33333, 5.33333, 3.66667, 7.33333], "texture": "#0"},
				"up": {"uv": [4.33333, 9.33333, 4, 9], "texture": "#0"},
				"down": {"uv": [4.66667, 9, 4.33333, 9.33333], "texture": "#0"}
			}
		},
		{
			"from": [4, 1, 4],
			"to": [12, 7, 4.5],
			"rotation": {"angle": 0, "axis": "y", "origin": [0.25, -5, 2.5]},
			"faces": {
				"north": {"uv": [0, 0, 2.66667, 2], "texture": "#0"},
				"east": {"uv": [1.33333, 5.66667, 1.66667, 7.66667], "texture": "#0"},
				"south": {"uv": [0, 2, 2.66667, 4], "texture": "#0"},
				"west": {"uv": [1.66667, 5.66667, 2, 7.66667], "texture": "#0"},
				"up": {"uv": [5, 5, 2.33333, 4.66667], "texture": "#0"},
				"down": {"uv": [7.33333, 2.66667, 4.66667, 3], "texture": "#0"}
			}
		},
		{
			"from": [5, 7, 4],
			"to": [11, 8, 4.5],
			"rotation": {"angle": 0, "axis": "y", "origin": [0.25, -4, 2.5]},
			"faces": {
				"north": {"uv": [5.33333, 1.66667, 7.33333, 2], "texture": "#0"},
				"east": {"uv": [2, 9.33333, 2.33333, 9.66667], "texture": "#0"},
				"south": {"uv": [5.33333, 2, 7.33333, 2.33333], "texture": "#0"},
				"west": {"uv": [9.33333, 2, 9.66667, 2.33333], "texture": "#0"},
				"up": {"uv": [7.33333, 2.66667, 5.33333, 2.33333], "texture": "#0"},
				"down": {"uv": [5.66667, 5.33333, 3.66667, 5.66667], "texture": "#0"}
			}
		},
		{
			"from": [4.5, 0.5, 4],
			"to": [11.5, 1, 4.5],
			"rotation": {"angle": 0, "axis": "y", "origin": [0.25, -11, 2.5]},
			"faces": {
				"north": {"uv": [0, 5.33333, 2.33333, 5.66667], "texture": "#0"},
				"east": {"uv": [2.33333, 9.33333, 2.66667, 9.66667], "texture": "#0"},
				"south": {"uv": [5.33333, 0, 7.66667, 0.33333], "texture": "#0"},
				"west": {"uv": [9.33333, 2.33333, 9.66667, 2.66667], "texture": "#0"},
				"up": {"uv": [7.66667, 0.66667, 5.33333, 0.33333], "texture": "#0"},
				"down": {"uv": [7.66667, 0.66667, 5.33333, 1], "texture": "#0"}
			}
		},
		{
			"from": [12, 1, 4],
			"to": [12.75, 7, 4.5],
			"rotation": {"angle": 0, "axis": "y", "origin": [7.75, -5, 2.5]},
			"faces": {
				"north": {"uv": [0, 5.66667, 0.33333, 7.66667], "texture": "#0"},
				"east": {"uv": [0.33333, 5.66667, 0.66667, 7.66667], "texture": "#0"},
				"south": {"uv": [0.66667, 5.66667, 1, 7.66667], "texture": "#0"},
				"west": {"uv": [1, 5.66667, 1.33333, 7.66667], "texture": "#0"},
				"up": {"uv": [3, 9.66667, 2.66667, 9.33333], "texture": "#0"},
				"down": {"uv": [9.66667, 2.66667, 9.33333, 3], "texture": "#0"}
			}
		}
	],
	"display": {
		"thirdperson_righthand": {
			"rotation": [26, 0, 0],
			"translation": [0, 0.5, 3],
			"scale": [0.75, 0.75, 0.75]
		},
		"thirdperson_lefthand": {
			"rotation": [26, 0, 0],
			"translation": [0, 0.5, 3],
			"scale": [0.75, 0.75, 0.75]
		},
		"ground": {
			"translation": [0, 6.25, 0]
		},
		"gui": {
			"rotation": [0, 180, 0],
			"translation": [0, 4.5, 0],
			"scale": [1.5, 1.5, 1.5]
		},
		"head": {
			"translation": [0, 4.75, -1.75],
			"scale": [1.41, 1.5, 1.5]
		},
		"fixed": {
			"translation": [0, 6, 7.25],
			"scale": [2, 2, 2]
		}
	}
}