{
	"credit": "Made with Blockbench",
	"textures": {
		"2": "item/eyes/byakugan"
	},
	"elements": [
		{
			"from": [2.15, 0.05, 7],
			"to": [6.15, 2.05, 8],
			"rotation": {"angle": 0, "axis": "y", "origin": [2.15, 0.05, 7]},
			"faces": {
				"north": {"uv": [16, 0, 0, 16], "texture": "#2"},
				"east": {"uv": [8, 0, 10, 2], "texture": "#2"},
				"south": {"uv": [0, 0, 8, 16], "texture": "#2"},
				"west": {"uv": [4, 0, 0, 16], "texture": "#2"},
				"up": {"uv": [0, 0, 16, 1.75], "texture": "#2"},
				"down": {"uv": [0, 0, 16, 2], "texture": "#2"}
			}
		},
		{
			"from": [9.925, 0.05, 7],
			"to": [13.925, 2.05, 8],
			"rotation": {"angle": 0, "axis": "y", "origin": [9.925, 0.05, 7]},
			"faces": {
				"north": {"uv": [0, 0, 16, 16], "texture": "#2"},
				"east": {"uv": [0, 0, 4, 16], "texture": "#2"},
				"south": {"uv": [8, 0, 0, 16], "texture": "#2"},
				"west": {"uv": [8.25, 0, 10.25, 2], "texture": "#2"},
				"up": {"uv": [16, 0, 0, 1.75], "texture": "#2"},
				"down": {"uv": [16, 0, 0, 2], "texture": "#2"}
			}
		}
	],
	"display": {
		"thirdperson_righthand": {
			"scale": [0, 0, 0]
		},
		"thirdperson_lefthand": {
			"scale": [0, 0, 0]
		},
		"ground": {
			"rotation": [90, 0, 0],
			"translation": [0, 7, 0]
		},
		"gui": {
			"rotation": [0, 180, 0],
			"translation": [0, 9.5, 0],
			"scale": [1.36, 1.36, 1]
		},
		"head": {
			"translation": [0, 3.34, -5.58],
			"scale": [0.83, 0.83, 0.83]
		},
		"fixed": {
			"translation": [0, 11.5, 1],
			"scale": [1.65, 1.65, 1.94]
		}
	}
}