{
	"credit": "Made with Blockbench",
	"textures": {
		"0": "item/eyes/curse1",
		"2": "item/eyes/curse2",
		"particle": "item/eyes/curse1"
	},
	"elements": [
		{
			"from": [2, 0, 7],
			"to": [6, 2, 7],
			"rotation": {"angle": 0, "axis": "y", "origin": [2, 0, 7]},
			"faces": {
				"north": {"uv": [0, 0, 16, 16], "texture": "#0"},
				"east": {"uv": [0, 0, 2, 2], "texture": "#missing"},
				"south": {"uv": [0, 0, 16, 16], "texture": "#0"},
				"west": {"uv": [0, 0, 2, 2], "texture": "#missing"},
				"up": {"uv": [0, 0, 4, 2], "texture": "#missing"},
				"down": {"uv": [0, 0, 4, 2], "texture": "#missing"}
			}
		},
		{
			"from": [0, -4, 7],
			"to": [16, 12, 7],
			"rotation": {"angle": 0, "axis": "y", "origin": [2, -2, 7]},
			"faces": {
				"north": {"uv": [0, 0, 16, 16], "texture": "#2"},
				"east": {"uv": [0, 0, 2, 2], "texture": "#missing"},
				"south": {"uv": [0, 0, 16, 16], "texture": "#0"},
				"west": {"uv": [0, 0, 2, 2], "texture": "#missing"},
				"up": {"uv": [0, 0, 4, 2], "texture": "#missing"},
				"down": {"uv": [0, 0, 4, 2], "texture": "#missing"}
			}
		}
	],
	"display": {
		"head": {
			"translation": [0, 3.34, -5.58],
			"scale": [0.83, 0.83, 0.83]
		}
	}
}