{
	"format_version": "1.21.6",
	"credit": "Made with Blockbench",
	"texture_size": [48, 48],
	"textures": {
		"0": "item/flak/flak_konoha",
		"particle": "item/flak/flak_konoha"
	},
	"elements": [
		{
			"from": [4.75, 3.25, 5.75],
			"to": [6.75, 6.25, 6],
			"rotation": {"angle": 0, "axis": "y", "origin": [-1.25, 0, 5.75]},
			"faces": {
				"north": {"uv": [9.66667, 9.66667, 10.33333, 10.66667], "texture": "#0"},
				"east": {"uv": [1.33333, 10.66667, 1.66667, 11.66667], "texture": "#0"},
				"south": {"uv": [2.66667, 10, 3.33333, 11], "texture": "#0"},
				"west": {"uv": [1.66667, 10.66667, 2, 11.66667], "texture": "#0"},
				"up": {"uv": [6, 11.33333, 5.33333, 11], "texture": "#0"},
				"down": {"uv": [7.33333, 11, 6.66667, 11.33333], "texture": "#0"}
			}
		},
		{
			"from": [9.25, 3.25, 5.75],
			"to": [11.25, 6.25, 6],
			"rotation": {"angle": 0, "axis": "y", "origin": [3.25, 0, 5.75]},
			"faces": {
				"north": {"uv": [3.33333, 10, 4, 11], "texture": "#0"},
				"east": {"uv": [2, 10.66667, 2.33333, 11.66667], "texture": "#0"},
				"south": {"uv": [10, 4, 10.66667, 5], "texture": "#0"},
				"west": {"uv": [10.66667, 4, 11, 5], "texture": "#0"},
				"up": {"uv": [3.33333, 11.66667, 2.66667, 11.33333], "texture": "#0"},
				"down": {"uv": [4, 11.33333, 3.33333, 11.66667], "texture": "#0"}
			}
		},
		{
			"from": [8.25, 2, 5.75],
			"to": [8.75, 9, 6],
			"rotation": {"angle": 0, "axis": "y", "origin": [4, 0, 6]},
			"faces": {
				"north": {"uv": [4.66667, 9, 5, 11.33333], "texture": "#0"},
				"east": {"uv": [5, 9, 5.33333, 11.33333], "texture": "#0"},
				"south": {"uv": [4, 9.33333, 4.33333, 11.66667], "texture": "#0"},
				"west": {"uv": [4.33333, 9.33333, 4.66667, 11.66667], "texture": "#0"},
				"up": {"uv": [10.33333, 11, 10, 10.66667], "texture": "#0"},
				"down": {"uv": [4, 11, 3.66667, 11.33333], "texture": "#0"}
			}
		},
		{
			"from": [7.25, 2, 5.75],
			"to": [7.75, 9, 6],
			"rotation": {"angle": 0, "axis": "y", "origin": [3, 0, 6]},
			"faces": {
				"north": {"uv": [9.66667, 4, 10, 6.33333], "texture": "#0"},
				"east": {"uv": [7.33333, 9.66667, 7.66667, 12], "texture": "#0"},
				"south": {"uv": [7.66667, 9.66667, 8, 12], "texture": "#0"},
				"west": {"uv": [8, 9.66667, 8.33333, 12], "texture": "#0"},
				"up": {"uv": [12.33333, 9, 12, 8.66667], "texture": "#0"},
				"down": {"uv": [10.33333, 12, 10, 12.33333], "texture": "#0"}
			}
		},
		{
			"from": [12, 8, 6],
			"to": [13, 10, 6.25],
			"rotation": {"angle": 0, "axis": "y", "origin": [5, 2, 6]},
			"faces": {
				"north": {"uv": [6, 11.33333, 6.33333, 12], "texture": "#0"},
				"east": {"uv": [10, 11.33333, 10.33333, 12], "texture": "#0"},
				"south": {"uv": [10.33333, 11.33333, 10.66667, 12], "texture": "#0"},
				"west": {"uv": [10.66667, 11.33333, 11, 12], "texture": "#0"},
				"up": {"uv": [12.33333, 10.33333, 12, 10], "texture": "#0"},
				"down": {"uv": [10.66667, 12, 10.33333, 12.33333], "texture": "#0"}
			}
		},
		{
			"from": [3, 8, 6],
			"to": [4, 10, 6.25],
			"rotation": {"angle": 0, "axis": "y", "origin": [-2, 2, 6]},
			"faces": {
				"north": {"uv": [11, 11.33333, 11.33333, 12], "texture": "#0"},
				"east": {"uv": [11.33333, 11.33333, 11.66667, 12], "texture": "#0"},
				"south": {"uv": [0, 11.66667, 0.33333, 12.33333], "texture": "#0"},
				"west": {"uv": [11.66667, 0, 12, 0.66667], "texture": "#0"},
				"up": {"uv": [12.33333, 10.66667, 12, 10.33333], "texture": "#0"},
				"down": {"uv": [11, 12, 10.66667, 12.33333], "texture": "#0"}
			}
		},
		{
			"from": [7.25, 0, 6],
			"to": [8.75, 9, 6.25],
			"rotation": {"angle": 0, "axis": "y", "origin": [2, 2, 6]},
			"faces": {
				"north": {"uv": [4.66667, 6, 5.33333, 9], "texture": "#0"},
				"east": {"uv": [6.66667, 7, 7, 10], "texture": "#0"},
				"south": {"uv": [6.33333, 3.33333, 7, 6.33333], "texture": "#0"},
				"west": {"uv": [7, 7, 7.33333, 10], "texture": "#0"},
				"up": {"uv": [12, 9.66667, 11.33333, 9.33333], "texture": "#0"},
				"down": {"uv": [1, 11.66667, 0.33333, 12], "texture": "#0"}
			}
		},
		{
			"from": [4, 0, 6.5],
			"to": [12, 10, 10],
			"rotation": {"angle": 0, "axis": "y", "origin": [4, 0, 6]},
			"faces": {
				"north": {"uv": [0, 0, 2.66667, 3.33333], "texture": "#0"},
				"east": {"uv": [0, 3.33333, 1.33333, 6.66667], "texture": "#0"},
				"south": {"uv": [2.66667, 0, 5.33333, 3.33333], "texture": "#0"},
				"west": {"uv": [1.33333, 3.33333, 2.66667, 6.66667], "texture": "#0"},
				"up": {"uv": [5.33333, 4.66667, 2.66667, 3.33333], "texture": "#0"},
				"down": {"uv": [5.33333, 4.66667, 2.66667, 6], "texture": "#0"}
			}
		},
		{
			"from": [8.75, 0, 6],
			"to": [9, 9, 6.25],
			"rotation": {"angle": 0, "axis": "y", "origin": [3.75, 0, 5.75]},
			"faces": {
				"north": {"uv": [0, 7.33333, 0.33333, 10.33333], "texture": "#0"},
				"east": {"uv": [0.33333, 7.33333, 0.66667, 10.33333], "texture": "#0"},
				"south": {"uv": [0.66667, 7.33333, 1, 10.33333], "texture": "#0"},
				"west": {"uv": [1, 7.33333, 1.33333, 10.33333], "texture": "#0"},
				"up": {"uv": [12.33333, 11, 12, 10.66667], "texture": "#0"},
				"down": {"uv": [11.33333, 12, 11, 12.33333], "texture": "#0"}
			}
		},
		{
			"from": [7, 0, 6],
			"to": [7.25, 9, 6.25],
			"rotation": {"angle": 0, "axis": "y", "origin": [2, 0, 5.75]},
			"faces": {
				"north": {"uv": [1.33333, 7.33333, 1.66667, 10.33333], "texture": "#0"},
				"east": {"uv": [1.66667, 7.33333, 2, 10.33333], "texture": "#0"},
				"south": {"uv": [2, 7.33333, 2.33333, 10.33333], "texture": "#0"},
				"west": {"uv": [2.33333, 7.33333, 2.66667, 10.33333], "texture": "#0"},
				"up": {"uv": [12.33333, 11.33333, 12, 11], "texture": "#0"},
				"down": {"uv": [11.66667, 12, 11.33333, 12.33333], "texture": "#0"}
			}
		},
		{
			"from": [9, 0, 6],
			"to": [12, 10, 6.5],
			"rotation": {"angle": 0, "axis": "y", "origin": [4, 0, 5.75]},
			"faces": {
				"north": {"uv": [5.33333, 0, 6.33333, 3.33333], "texture": "#0"},
				"east": {"uv": [5.33333, 6.66667, 5.66667, 10], "texture": "#0"},
				"south": {"uv": [5.33333, 3.33333, 6.33333, 6.66667], "texture": "#0"},
				"west": {"uv": [5.66667, 6.66667, 6, 10], "texture": "#0"},
				"up": {"uv": [11.66667, 9.33333, 10.66667, 9], "texture": "#0"},
				"down": {"uv": [11.66667, 9.66667, 10.66667, 10], "texture": "#0"}
			}
		},
		{
			"from": [4, 0, 6],
			"to": [7, 10, 6.5],
			"rotation": {"angle": 0, "axis": "y", "origin": [-1, 0, 5.75]},
			"faces": {
				"north": {"uv": [2.66667, 6, 3.66667, 9.33333], "texture": "#0"},
				"east": {"uv": [6, 6.66667, 6.33333, 10], "texture": "#0"},
				"south": {"uv": [3.66667, 6, 4.66667, 9.33333], "texture": "#0"},
				"west": {"uv": [6.33333, 7, 6.66667, 10.33333], "texture": "#0"},
				"up": {"uv": [11.66667, 10.33333, 10.66667, 10], "texture": "#0"},
				"down": {"uv": [11.66667, 10.33333, 10.66667, 10.66667], "texture": "#0"}
			}
		},
		{
			"from": [12, 10, 5.5],
			"to": [12.5, 11.25, 12],
			"rotation": {"angle": 0, "axis": "y", "origin": [5, 10.25, 6]},
			"faces": {
				"north": {"uv": [12, 11.33333, 12.33333, 11.66667], "texture": "#0"},
				"east": {"uv": [9, 1.66667, 11.33333, 2], "texture": "#0"},
				"south": {"uv": [11.66667, 12, 12, 12.33333], "texture": "#0"},
				"west": {"uv": [9.66667, 2, 12, 2.33333], "texture": "#0"},
				"up": {"uv": [8.66667, 12, 8.33333, 9.66667], "texture": "#0"},
				"down": {"uv": [9, 9.66667, 8.66667, 12], "texture": "#0"}
			}
		},
		{
			"from": [3.5, 10, 5.5],
			"to": [4, 11.25, 12],
			"rotation": {"angle": 0, "axis": "y", "origin": [-4, 10.25, 6]},
			"faces": {
				"north": {"uv": [12, 11.66667, 12.33333, 12], "texture": "#0"},
				"east": {"uv": [9.66667, 2.33333, 12, 2.66667], "texture": "#0"},
				"south": {"uv": [12, 12, 12.33333, 12.33333], "texture": "#0"},
				"west": {"uv": [9.66667, 2.66667, 12, 3], "texture": "#0"},
				"up": {"uv": [9.33333, 12, 9, 9.66667], "texture": "#0"},
				"down": {"uv": [9.66667, 9.66667, 9.33333, 12], "texture": "#0"}
			}
		},
		{
			"from": [4, 10, 12],
			"to": [12, 11.25, 12.5],
			"rotation": {"angle": 0, "axis": "y", "origin": [5, 10.25, 12.5]},
			"faces": {
				"north": {"uv": [7, 4, 9.66667, 4.33333], "texture": "#0"},
				"east": {"uv": [0, 12.33333, 0.33333, 12.66667], "texture": "#0"},
				"south": {"uv": [7, 4.33333, 9.66667, 4.66667], "texture": "#0"},
				"west": {"uv": [12.33333, 0, 12.66667, 0.33333], "texture": "#0"},
				"up": {"uv": [9.66667, 5, 7, 4.66667], "texture": "#0"},
				"down": {"uv": [9.66667, 5, 7, 5.33333], "texture": "#0"}
			}
		},
		{
			"from": [4, 9.75, 9.5],
			"to": [12, 10, 12],
			"rotation": {"angle": 0, "axis": "y", "origin": [5, 10, 12]},
			"faces": {
				"north": {"uv": [7, 5.33333, 9.66667, 5.66667], "texture": "#0"},
				"east": {"uv": [10.66667, 10.66667, 11.66667, 11], "texture": "#0"},
				"south": {"uv": [7, 5.66667, 9.66667, 6], "texture": "#0"},
				"west": {"uv": [2.66667, 11, 3.66667, 11.33333], "texture": "#0"},
				"up": {"uv": [9, 1, 6.33333, 0], "texture": "#0"},
				"down": {"uv": [9, 1, 6.33333, 2], "texture": "#0"}
			}
		},
		{
			"from": [3, 8, 10],
			"to": [13, 10, 10.25],
			"rotation": {"angle": 0, "axis": "y", "origin": [4, 0, 6.25]},
			"faces": {
				"north": {"uv": [6.33333, 2, 9.66667, 2.66667], "texture": "#0"},
				"east": {"uv": [11.66667, 0.66667, 12, 1.33333], "texture": "#0"},
				"south": {"uv": [6.33333, 2.66667, 9.66667, 3.33333], "texture": "#0"},
				"west": {"uv": [1.33333, 11.66667, 1.66667, 12.33333], "texture": "#0"},
				"up": {"uv": [10.33333, 3.66667, 7, 3.33333], "texture": "#0"},
				"down": {"uv": [10.33333, 3.66667, 7, 4], "texture": "#0"}
			}
		},
		{
			"from": [4, 7, 10],
			"to": [7, 8, 10.5],
			"rotation": {"angle": 0, "axis": "y", "origin": [4, -1, 6.25]},
			"faces": {
				"north": {"uv": [11, 3, 12, 3.33333], "texture": "#0"},
				"east": {"uv": [12.33333, 0.33333, 12.66667, 0.66667], "texture": "#0"},
				"south": {"uv": [11, 4, 12, 4.33333], "texture": "#0"},
				"west": {"uv": [12.33333, 0.66667, 12.66667, 1], "texture": "#0"},
				"up": {"uv": [12, 4.66667, 11, 4.33333], "texture": "#0"},
				"down": {"uv": [12, 4.66667, 11, 5], "texture": "#0"}
			}
		},
		{
			"from": [7, 8, 10],
			"to": [9, 9, 10.5],
			"rotation": {"angle": 0, "axis": "y", "origin": [6, 0, 6.25]},
			"faces": {
				"north": {"uv": [11.66667, 1.33333, 12.33333, 1.66667], "texture": "#0"},
				"east": {"uv": [12.33333, 1, 12.66667, 1.33333], "texture": "#0"},
				"south": {"uv": [1.66667, 11.66667, 2.33333, 12], "texture": "#0"},
				"west": {"uv": [1.33333, 12.33333, 1.66667, 12.66667], "texture": "#0"},
				"up": {"uv": [3, 12, 2.33333, 11.66667], "texture": "#0"},
				"down": {"uv": [3.66667, 11.66667, 3, 12], "texture": "#0"}
			}
		},
		{
			"from": [9, 7, 10],
			"to": [12, 8, 10.5],
			"rotation": {"angle": 0, "axis": "y", "origin": [9, -1, 6.25]},
			"faces": {
				"north": {"uv": [11, 5, 12, 5.33333], "texture": "#0"},
				"east": {"uv": [12.33333, 1.33333, 12.66667, 1.66667], "texture": "#0"},
				"south": {"uv": [11, 5.33333, 12, 5.66667], "texture": "#0"},
				"west": {"uv": [12.33333, 1.66667, 12.66667, 2], "texture": "#0"},
				"up": {"uv": [12, 6, 11, 5.66667], "texture": "#0"},
				"down": {"uv": [12, 7, 11, 7.33333], "texture": "#0"}
			}
		},
		{
			"from": [7, 6, 10],
			"to": [9, 8, 10.125],
			"rotation": {"angle": 0, "axis": "y", "origin": [4, 0, 6.25]},
			"faces": {
				"north": {"uv": [10, 8, 10.66667, 8.66667], "texture": "#0"},
				"east": {"uv": [11.66667, 3.33333, 12, 4], "texture": "#0"},
				"south": {"uv": [10, 8.66667, 10.66667, 9.33333], "texture": "#0"},
				"west": {"uv": [3.66667, 11.66667, 4, 12.33333], "texture": "#0"},
				"up": {"uv": [4.66667, 12, 4, 11.66667], "texture": "#0"},
				"down": {"uv": [5.33333, 11.66667, 4.66667, 12], "texture": "#0"}
			}
		},
		{
			"from": [9, 8, 5.75],
			"to": [10, 10, 6],
			"rotation": {"angle": 0, "axis": "y", "origin": [4, 0, 1.75]},
			"faces": {
				"north": {"uv": [5.33333, 11.66667, 5.66667, 12.33333], "texture": "#0"},
				"east": {"uv": [5.66667, 11.66667, 6, 12.33333], "texture": "#0"},
				"south": {"uv": [6.33333, 11.66667, 6.66667, 12.33333], "texture": "#0"},
				"west": {"uv": [11.66667, 6.33333, 12, 7], "texture": "#0"},
				"up": {"uv": [2.33333, 12.66667, 2, 12.33333], "texture": "#0"},
				"down": {"uv": [2.66667, 12.33333, 2.33333, 12.66667], "texture": "#0"}
			}
		},
		{
			"from": [11, 7, 5.75],
			"to": [13, 8, 6],
			"rotation": {"angle": 0, "axis": "y", "origin": [6, -2, 1.75]},
			"faces": {
				"north": {"uv": [11, 7.33333, 12, 7.66667], "texture": "#0"},
				"east": {"uv": [12.33333, 2.66667, 12.66667, 3], "texture": "#0"},
				"south": {"uv": [11, 7.66667, 12, 8], "texture": "#0"},
				"west": {"uv": [12.33333, 3, 12.66667, 3.33333], "texture": "#0"},
				"up": {"uv": [12, 8.33333, 11, 8], "texture": "#0"},
				"down": {"uv": [12, 8.33333, 11, 8.66667], "texture": "#0"}
			}
		},
		{
			"from": [10, 8, 5.75],
			"to": [11, 9, 6],
			"rotation": {"angle": 0, "axis": "y", "origin": [5, -1, 1.75]},
			"faces": {
				"north": {"uv": [3.66667, 12.33333, 4, 12.66667], "texture": "#0"},
				"east": {"uv": [4, 12.33333, 4.33333, 12.66667], "texture": "#0"},
				"south": {"uv": [4.33333, 12.33333, 4.66667, 12.66667], "texture": "#0"},
				"west": {"uv": [4.66667, 12.33333, 5, 12.66667], "texture": "#0"},
				"up": {"uv": [5.33333, 12.66667, 5, 12.33333], "texture": "#0"},
				"down": {"uv": [5.66667, 12.33333, 5.33333, 12.66667], "texture": "#0"}
			}
		},
		{
			"from": [6, 8, 5.75],
			"to": [7, 10, 6],
			"rotation": {"angle": 0, "axis": "y", "origin": [1, 0, 1.75]},
			"faces": {
				"north": {"uv": [6.66667, 11.66667, 7, 12.33333], "texture": "#0"},
				"east": {"uv": [7, 11.66667, 7.33333, 12.33333], "texture": "#0"},
				"south": {"uv": [9.66667, 11.66667, 10, 12.33333], "texture": "#0"},
				"west": {"uv": [11.66667, 9.66667, 12, 10.33333], "texture": "#0"},
				"up": {"uv": [12.66667, 5.66667, 12.33333, 5.33333], "texture": "#0"},
				"down": {"uv": [6, 12.33333, 5.66667, 12.66667], "texture": "#0"}
			}
		},
		{
			"from": [5, 8, 5.75],
			"to": [6, 9, 6],
			"rotation": {"angle": 0, "axis": "y", "origin": [0, -1, 1.75]},
			"faces": {
				"north": {"uv": [12.33333, 5.66667, 12.66667, 6], "texture": "#0"},
				"east": {"uv": [12.33333, 6, 12.66667, 6.33333], "texture": "#0"},
				"south": {"uv": [6.33333, 12.33333, 6.66667, 12.66667], "texture": "#0"},
				"west": {"uv": [12.33333, 6.33333, 12.66667, 6.66667], "texture": "#0"},
				"up": {"uv": [7, 12.66667, 6.66667, 12.33333], "texture": "#0"},
				"down": {"uv": [12.66667, 6.66667, 12.33333, 7], "texture": "#0"}
			}
		},
		{
			"from": [2, 8, 5.75],
			"to": [3, 10, 6],
			"rotation": {"angle": 0, "axis": "y", "origin": [-3, -1, 1.75]},
			"faces": {
				"north": {"uv": [11.66667, 10.33333, 12, 11], "texture": "#0"},
				"east": {"uv": [11.66667, 11.33333, 12, 12], "texture": "#0"},
				"south": {"uv": [12, 0, 12.33333, 0.66667], "texture": "#0"},
				"west": {"uv": [0.33333, 12, 0.66667, 12.66667], "texture": "#0"},
				"up": {"uv": [7.33333, 12.66667, 7, 12.33333], "texture": "#0"},
				"down": {"uv": [12.66667, 7, 12.33333, 7.33333], "texture": "#0"}
			}
		},
		{
			"from": [13, 8, 5.75],
			"to": [14, 10, 6],
			"rotation": {"angle": 0, "axis": "y", "origin": [8, -1, 1.75]},
			"faces": {
				"north": {"uv": [0.66667, 12, 1, 12.66667], "texture": "#0"},
				"east": {"uv": [12, 0.66667, 12.33333, 1.33333], "texture": "#0"},
				"south": {"uv": [1, 12, 1.33333, 12.66667], "texture": "#0"},
				"west": {"uv": [1.66667, 12, 2, 12.66667], "texture": "#0"},
				"up": {"uv": [12.66667, 7.66667, 12.33333, 7.33333], "texture": "#0"},
				"down": {"uv": [12.66667, 7.66667, 12.33333, 8], "texture": "#0"}
			}
		},
		{
			"from": [2, 10, 6],
			"to": [3, 10.5, 10],
			"rotation": {"angle": 0, "axis": "y", "origin": [-3, 1, 2.25]},
			"faces": {
				"north": {"uv": [12.33333, 8, 12.66667, 8.33333], "texture": "#0"},
				"east": {"uv": [9.66667, 3, 11, 3.33333], "texture": "#0"},
				"south": {"uv": [12.33333, 8.33333, 12.66667, 8.66667], "texture": "#0"},
				"west": {"uv": [10, 6, 11.33333, 6.33333], "texture": "#0"},
				"up": {"uv": [6.33333, 11.33333, 6, 10], "texture": "#0"},
				"down": {"uv": [0.33333, 10.33333, 0, 11.66667], "texture": "#0"}
			}
		},
		{
			"from": [13, 10, 6],
			"to": [14, 10.5, 10],
			"rotation": {"angle": 0, "axis": "y", "origin": [8, 1, 2.25]},
			"faces": {
				"north": {"uv": [12.33333, 8.66667, 12.66667, 9], "texture": "#0"},
				"east": {"uv": [10, 9.33333, 11.33333, 9.66667], "texture": "#0"},
				"south": {"uv": [12.33333, 9, 12.66667, 9.33333], "texture": "#0"},
				"west": {"uv": [10.33333, 0, 11.66667, 0.33333], "texture": "#0"},
				"up": {"uv": [0.66667, 11.66667, 0.33333, 10.33333], "texture": "#0"},
				"down": {"uv": [1, 10.33333, 0.66667, 11.66667], "texture": "#0"}
			}
		},
		{
			"from": [3, 10, 6],
			"to": [5, 10.25, 10],
			"rotation": {"angle": 0, "axis": "y", "origin": [-2, 1, 2.25]},
			"faces": {
				"north": {"uv": [11.66667, 9, 12.33333, 9.33333], "texture": "#0"},
				"east": {"uv": [10.33333, 0.33333, 11.66667, 0.66667], "texture": "#0"},
				"south": {"uv": [2, 12, 2.66667, 12.33333], "texture": "#0"},
				"west": {"uv": [1, 10.33333, 2.33333, 10.66667], "texture": "#0"},
				"up": {"uv": [8, 8.33333, 7.33333, 7], "texture": "#0"},
				"down": {"uv": [8.66667, 7, 8, 8.33333], "texture": "#0"}
			}
		},
		{
			"from": [11, 10, 6],
			"to": [13, 10.25, 10],
			"rotation": {"angle": 0, "axis": "y", "origin": [7, 1, 2.25]},
			"faces": {
				"north": {"uv": [12, 2, 12.66667, 2.33333], "texture": "#0"},
				"east": {"uv": [10.33333, 1, 11.66667, 1.33333], "texture": "#0"},
				"south": {"uv": [12, 2.33333, 12.66667, 2.66667], "texture": "#0"},
				"west": {"uv": [10.33333, 1.33333, 11.66667, 1.66667], "texture": "#0"},
				"up": {"uv": [8, 9.66667, 7.33333, 8.33333], "texture": "#0"},
				"down": {"uv": [8.66667, 8.33333, 8, 9.66667], "texture": "#0"}
			}
		},
		{
			"from": [3, 7, 5.75],
			"to": [5, 8, 6],
			"rotation": {"angle": 0, "axis": "y", "origin": [-2, -2, 1.75]},
			"faces": {
				"north": {"uv": [11, 8.66667, 12, 9], "texture": "#0"},
				"east": {"uv": [12.33333, 9.33333, 12.66667, 9.66667], "texture": "#0"},
				"south": {"uv": [10, 11, 11, 11.33333], "texture": "#0"},
				"west": {"uv": [9.66667, 12.33333, 10, 12.66667], "texture": "#0"},
				"up": {"uv": [12, 11.33333, 11, 11], "texture": "#0"},
				"down": {"uv": [12.33333, 1.66667, 11.33333, 2], "texture": "#0"}
			}
		},
		{
			"from": [2, 7.5, 5.75],
			"to": [3, 8, 6],
			"rotation": {"angle": 0, "axis": "y", "origin": [-2, -2, 1.75]},
			"faces": {
				"north": {"uv": [11, 8.66667, 12, 9], "texture": "#0"},
				"east": {"uv": [12.33333, 9.33333, 12.66667, 9.66667], "texture": "#0"},
				"south": {"uv": [10, 11, 11, 11.33333], "texture": "#0"},
				"west": {"uv": [9.66667, 12.33333, 10, 12.66667], "texture": "#0"},
				"up": {"uv": [12, 11.33333, 11, 11], "texture": "#0"},
				"down": {"uv": [12.33333, 1.66667, 11.33333, 2], "texture": "#0"}
			}
		},
		{
			"from": [13, 7.5, 5.75],
			"to": [14, 8, 6],
			"rotation": {"angle": 0, "axis": "y", "origin": [6, -2, 1.75]},
			"faces": {
				"north": {"uv": [11, 7.33333, 12, 7.66667], "texture": "#0"},
				"east": {"uv": [12.33333, 2.66667, 12.66667, 3], "texture": "#0"},
				"south": {"uv": [11, 7.66667, 12, 8], "texture": "#0"},
				"west": {"uv": [12.33333, 3, 12.66667, 3.33333], "texture": "#0"},
				"up": {"uv": [12, 8.33333, 11, 8], "texture": "#0"},
				"down": {"uv": [12, 8.33333, 11, 8.66667], "texture": "#0"}
			}
		},
		{
			"from": [13, 8, 10],
			"to": [14, 10, 10.5],
			"rotation": {"angle": 0, "axis": "y", "origin": [8, -1, 6.25]},
			"faces": {
				"north": {"uv": [2.66667, 12, 3, 12.66667], "texture": "#0"},
				"east": {"uv": [12, 2.66667, 12.33333, 3.33333], "texture": "#0"},
				"south": {"uv": [3, 12, 3.33333, 12.66667], "texture": "#0"},
				"west": {"uv": [3.33333, 12, 3.66667, 12.66667], "texture": "#0"},
				"up": {"uv": [12.66667, 10, 12.33333, 9.66667], "texture": "#0"},
				"down": {"uv": [10.33333, 12.33333, 10, 12.66667], "texture": "#0"}
			}
		},
		{
			"from": [12, 7, 10],
			"to": [13, 8, 10.5],
			"rotation": {"angle": 0, "axis": "y", "origin": [6, -2, 6.25]},
			"faces": {
				"north": {"uv": [12, 3.33333, 12.66667, 3.66667], "texture": "#0"},
				"east": {"uv": [12.33333, 10, 12.66667, 10.33333], "texture": "#0"},
				"south": {"uv": [12, 3.66667, 12.66667, 4], "texture": "#0"},
				"west": {"uv": [10.33333, 12.33333, 10.66667, 12.66667], "texture": "#0"},
				"up": {"uv": [4.66667, 12.33333, 4, 12], "texture": "#0"},
				"down": {"uv": [12.66667, 4, 12, 4.33333], "texture": "#0"}
			}
		},
		{
			"from": [3, 7, 10],
			"to": [4, 8, 10.5],
			"rotation": {"angle": 0, "axis": "y", "origin": [-2, -2, 6.25]},
			"faces": {
				"north": {"uv": [12, 4.33333, 12.66667, 4.66667], "texture": "#0"},
				"east": {"uv": [12.33333, 10.33333, 12.66667, 10.66667], "texture": "#0"},
				"south": {"uv": [4.66667, 12, 5.33333, 12.33333], "texture": "#0"},
				"west": {"uv": [10.66667, 12.33333, 11, 12.66667], "texture": "#0"},
				"up": {"uv": [12.66667, 5, 12, 4.66667], "texture": "#0"},
				"down": {"uv": [12.66667, 5, 12, 5.33333], "texture": "#0"}
			}
		},
		{
			"from": [13, 7.5, 10],
			"to": [14, 8, 10.5],
			"rotation": {"angle": 0, "axis": "y", "origin": [6, -2, 6.25]},
			"faces": {
				"north": {"uv": [12, 3.33333, 12.66667, 3.66667], "texture": "#0"},
				"east": {"uv": [12.33333, 10, 12.66667, 10.33333], "texture": "#0"},
				"south": {"uv": [12, 3.66667, 12.66667, 4], "texture": "#0"},
				"west": {"uv": [10.33333, 12.33333, 10.66667, 12.66667], "texture": "#0"},
				"up": {"uv": [4.66667, 12.33333, 4, 12], "texture": "#0"},
				"down": {"uv": [12.66667, 4, 12, 4.33333], "texture": "#0"}
			}
		},
		{
			"from": [2, 7.5, 10],
			"to": [3, 8, 10.5],
			"rotation": {"angle": 0, "axis": "y", "origin": [-2, -2, 6.25]},
			"faces": {
				"north": {"uv": [12, 4.33333, 12.66667, 4.66667], "texture": "#0"},
				"east": {"uv": [12.33333, 10.33333, 12.66667, 10.66667], "texture": "#0"},
				"south": {"uv": [4.66667, 12, 5.33333, 12.33333], "texture": "#0"},
				"west": {"uv": [10.66667, 12.33333, 11, 12.66667], "texture": "#0"},
				"up": {"uv": [12.66667, 5, 12, 4.66667], "texture": "#0"},
				"down": {"uv": [12.66667, 5, 12, 5.33333], "texture": "#0"}
			}
		},
		{
			"from": [2, 8, 10],
			"to": [3, 10, 10.5],
			"rotation": {"angle": 0, "axis": "y", "origin": [-3, -1, 6.25]},
			"faces": {
				"north": {"uv": [12, 5.33333, 12.33333, 6], "texture": "#0"},
				"east": {"uv": [6, 12, 6.33333, 12.66667], "texture": "#0"},
				"south": {"uv": [12, 6, 12.33333, 6.66667], "texture": "#0"},
				"west": {"uv": [12, 6.66667, 12.33333, 7.33333], "texture": "#0"},
				"up": {"uv": [12.66667, 11, 12.33333, 10.66667], "texture": "#0"},
				"down": {"uv": [11.33333, 12.33333, 11, 12.66667], "texture": "#0"}
			}
		},
		{
			"from": [4, 0, 5.5],
			"to": [7.75, 2, 6],
			"rotation": {"angle": 0, "axis": "y", "origin": [4, -6, 6.25]},
			"faces": {
				"north": {"uv": [8.66667, 7, 10, 7.66667], "texture": "#0"},
				"east": {"uv": [7.33333, 12, 7.66667, 12.66667], "texture": "#0"},
				"south": {"uv": [8.66667, 7.66667, 10, 8.33333], "texture": "#0"},
				"west": {"uv": [12, 7.33333, 12.33333, 8], "texture": "#0"},
				"up": {"uv": [11.66667, 3.66667, 10.33333, 3.33333], "texture": "#0"},
				"down": {"uv": [11.66667, 3.66667, 10.33333, 4], "texture": "#0"}
			}
		},
		{
			"from": [8.25, 0, 5.5],
			"to": [12, 2, 6],
			"rotation": {"angle": 0, "axis": "y", "origin": [4, -6, 6.25]},
			"faces": {
				"north": {"uv": [8.66667, 8.33333, 10, 9], "texture": "#0"},
				"east": {"uv": [7.66667, 12, 8, 12.66667], "texture": "#0"},
				"south": {"uv": [9, 0, 10.33333, 0.66667], "texture": "#0"},
				"west": {"uv": [8, 12, 8.33333, 12.66667], "texture": "#0"},
				"up": {"uv": [11.66667, 6.66667, 10.33333, 6.33333], "texture": "#0"},
				"down": {"uv": [11.66667, 6.66667, 10.33333, 7], "texture": "#0"}
			}
		},
		{
			"from": [4, 0, 10],
			"to": [12, 2, 10.5],
			"rotation": {"angle": 0, "axis": "y", "origin": [4, -6, 6.25]},
			"faces": {
				"north": {"uv": [6.33333, 6.33333, 9, 7], "texture": "#0"},
				"east": {"uv": [12, 8, 12.33333, 8.66667], "texture": "#0"},
				"south": {"uv": [0, 6.66667, 2.66667, 7.33333], "texture": "#0"},
				"west": {"uv": [8.33333, 12, 8.66667, 12.66667], "texture": "#0"},
				"up": {"uv": [9.66667, 6.33333, 7, 6], "texture": "#0"},
				"down": {"uv": [11.66667, 0.66667, 9, 1], "texture": "#0"}
			}
		},
		{
			"from": [3.75, 0, 6],
			"to": [4, 2, 10],
			"rotation": {"angle": 0, "axis": "y", "origin": [4.25, -6, 6.25]},
			"faces": {
				"north": {"uv": [8.66667, 12, 9, 12.66667], "texture": "#0"},
				"east": {"uv": [9, 1, 10.33333, 1.66667], "texture": "#0"},
				"south": {"uv": [9, 12, 9.33333, 12.66667], "texture": "#0"},
				"west": {"uv": [9, 6.33333, 10.33333, 7], "texture": "#0"},
				"up": {"uv": [2.66667, 11.66667, 2.33333, 10.33333], "texture": "#0"},
				"down": {"uv": [6.66667, 10.33333, 6.33333, 11.66667], "texture": "#0"}
			}
		},
		{
			"from": [12, 0, 6],
			"to": [12.25, 2, 10],
			"rotation": {"angle": 0, "axis": "y", "origin": [4.25, -6, 6.25]},
			"faces": {
				"north": {"uv": [9.33333, 12, 9.66667, 12.66667], "texture": "#0"},
				"east": {"uv": [8.66667, 9, 10, 9.66667], "texture": "#0"},
				"south": {"uv": [12, 9.33333, 12.33333, 10], "texture": "#0"},
				"west": {"uv": [2.66667, 9.33333, 4, 10], "texture": "#0"},
				"up": {"uv": [10.66667, 11, 10.33333, 9.66667], "texture": "#0"},
				"down": {"uv": [1.33333, 10.66667, 1, 12], "texture": "#0"}
			}
		}
	],
	"display": {
		"ground": {
			"translation": [0, 5.25, 0]
		},
		"gui": {
			"rotation": [0, -180, 0],
			"translation": [0, 3.5, 0],
			"scale": [1.5, 1.5, 1.5]
		},
		"head": {
			"translation": [0, -46.6, 0],
			"scale": [2, 2, 2]
		},
		"fixed": {
			"translation": [0, 6.25, -6.25],
			"scale": [2.3, 2.3, 2.3]
		}
	}
}