{
	"credit": "Made with Blockbench",
	"texture_size": [32, 32],
	"textures": {
		"0": "item/headband/headbandiwa",
		"1": "item/headband/clothwhite",
		"particle": "item/headband/headbandiwa"
	},
	"elements": [
		{
			"from": [1, 1, 0],
			"to": [15, 6, 1],
			"faces": {
				"north": {"uv": [0, 4, 16, 12.5], "texture": "#1", "tintindex": 0},
				"east": {"uv": [0, 4, 2, 12.5], "texture": "#1", "tintindex": 0},
				"south": {"uv": [0, 4, 16, 12.5], "texture": "#1", "tintindex": 0},
				"west": {"uv": [0, 4, 2, 12.5], "texture": "#1", "tintindex": 0},
				"up": {"uv": [8, 4, 9, 6.5], "texture": "#1", "tintindex": 0},
				"down": {"uv": [4, 11.5, 7, 16], "texture": "#1", "tintindex": 0}
			}
		},
		{
			"from": [1, 1, 16],
			"to": [15, 6, 17],
			"faces": {
				"north": {"uv": [0, 4, 16, 12.5], "texture": "#1", "tintindex": 0},
				"east": {"uv": [0, 4, 2, 12.5], "texture": "#1", "tintindex": 0},
				"south": {"uv": [0, 4, 16, 12.5], "texture": "#1", "tintindex": 0},
				"west": {"uv": [0, 4, 2, 12.5], "texture": "#1", "tintindex": 0},
				"up": {"uv": [8, 4, 9, 6.5], "texture": "#1", "tintindex": 0},
				"down": {"uv": [4, 11.5, 7, 16], "texture": "#1", "tintindex": 0}
			}
		},
		{
			"from": [15, 1, 1],
			"to": [16, 6, 16],
			"faces": {
				"north": {"uv": [0, 4, 2, 12.5], "texture": "#1", "tintindex": 0},
				"east": {"uv": [0, 4, 16, 12.5], "texture": "#1", "tintindex": 0},
				"south": {"uv": [0, 4, 2, 12.5], "texture": "#1", "tintindex": 0},
				"west": {"uv": [0, 4, 16, 12.5], "texture": "#1", "tintindex": 0},
				"up": {"uv": [8, 4, 9.75, 6.25], "texture": "#1", "tintindex": 0},
				"down": {"uv": [4, 11.5, 7.75, 15.75], "texture": "#1", "tintindex": 0}
			}
		},
		{
			"from": [0, 1, 1],
			"to": [1, 6, 16],
			"faces": {
				"north": {"uv": [0, 4, 2, 12.5], "texture": "#1", "tintindex": 0},
				"east": {"uv": [0, 4, 16, 12.5], "texture": "#1", "tintindex": 0},
				"south": {"uv": [0, 4, 2, 12.5], "texture": "#1", "tintindex": 0},
				"west": {"uv": [0, 4, 16, 12.5], "texture": "#1", "tintindex": 0},
				"up": {"uv": [6, 4, 8, 1.5], "texture": "#1", "tintindex": 0},
				"down": {"uv": [4, 11.5, 8, 15], "texture": "#1", "tintindex": 0}
			}
		},
		{
			"from": [0.25, 1, 0.25],
			"to": [1, 6, 1],
			"rotation": {"angle": 0, "axis": "y", "origin": [0, 0, -0.75]},
			"faces": {
				"north": {"uv": [0, 4, 2, 12.5], "texture": "#1", "tintindex": 0},
				"east": {"uv": [0, 4, 2, 12.5], "texture": "#1", "tintindex": 0},
				"south": {"uv": [0, 4, 2, 12.5], "texture": "#1", "tintindex": 0},
				"west": {"uv": [0, 4, 2, 12.5], "texture": "#1", "tintindex": 0},
				"up": {"uv": [0, 10, 2, 11.5], "texture": "#1", "tintindex": 0},
				"down": {"uv": [0, 0, 2, 3.5], "texture": "#1", "tintindex": 0}
			}
		},
		{
			"from": [0.25, 1, 16],
			"to": [1, 6, 16.75],
			"rotation": {"angle": 0, "axis": "y", "origin": [0, 0, 15]},
			"faces": {
				"north": {"uv": [0, 4, 2, 12.5], "texture": "#1", "tintindex": 0},
				"east": {"uv": [0, 4, 2, 12.5], "texture": "#1", "tintindex": 0},
				"south": {"uv": [0, 4, 2, 12.5], "texture": "#1", "tintindex": 0},
				"west": {"uv": [0, 4, 2, 12.5], "texture": "#1", "tintindex": 0},
				"up": {"uv": [0, 10, 2, 11.5], "texture": "#1", "tintindex": 0},
				"down": {"uv": [0, 0, 2, 3.5], "texture": "#1", "tintindex": 0}
			}
		},
		{
			"from": [15, 1, 16],
			"to": [15.75, 6, 16.75],
			"rotation": {"angle": 0, "axis": "y", "origin": [14.75, 0, 15]},
			"faces": {
				"north": {"uv": [0, 4, 2, 12.5], "texture": "#1", "tintindex": 0},
				"east": {"uv": [0, 4, 2, 12.5], "texture": "#1", "tintindex": 0},
				"south": {"uv": [0, 4, 2, 12.5], "texture": "#1", "tintindex": 0},
				"west": {"uv": [0, 4, 2, 12.5], "texture": "#1", "tintindex": 0},
				"up": {"uv": [0, 10, 2, 11.5], "texture": "#1", "tintindex": 0},
				"down": {"uv": [0, 0, 2, 3.5], "texture": "#1", "tintindex": 0}
			}
		},
		{
			"from": [15, 1, 0.25],
			"to": [15.75, 6, 1],
			"rotation": {"angle": 0, "axis": "y", "origin": [14.75, 0, -0.75]},
			"faces": {
				"north": {"uv": [0, 4, 2, 12.5], "texture": "#1", "tintindex": 0},
				"east": {"uv": [0, 4, 2, 12.5], "texture": "#1", "tintindex": 0},
				"south": {"uv": [0, 4, 2, 12.5], "texture": "#1", "tintindex": 0},
				"west": {"uv": [0, 4, 2, 12.5], "texture": "#1", "tintindex": 0},
				"up": {"uv": [0, 10, 2, 11.5], "texture": "#1", "tintindex": 0},
				"down": {"uv": [0, 0, 2, 3.5], "texture": "#1", "tintindex": 0}
			}
		},
		{
			"from": [2, 1.5, -0.25],
			"to": [14.25, 5.5, -0.25],
			"faces": {
				"north": {"uv": [0, 0, 16, 16], "texture": "#0"},
				"east": {"uv": [0, 0, 0.5, 2], "texture": "#0"},
				"south": {"uv": [16, 0, 0, 16], "texture": "#0"},
				"west": {"uv": [0, 0, 0.5, 2], "texture": "#0"},
				"up": {"uv": [0, 0, 6.125, 0.5], "texture": "#0"},
				"down": {"uv": [0, 0, 6.125, 0.5], "texture": "#0"}
			}
		},
		{
			"from": [2.525, 1.5, -0.225],
			"to": [13.725, 5.5, 0.75],
			"faces": {
				"north": {"uv": [1.73913, 0, 8, 0.34783], "texture": "#0"},
				"east": {"uv": [2.08696, 0, 5.71739, 0.6087], "texture": "#0"},
				"south": {"uv": [2.08696, 0, 6.125, 0.6087], "texture": "#0"},
				"west": {"uv": [1.73913, 0, 4.67392, 0.6087], "texture": "#0"},
				"up": {"uv": [1.73913, 0, 6.125, 0.84783], "texture": "#0"},
				"down": {"uv": [2.78261, 0, 6.125, 0.84783], "texture": "#0"}
			}
		},
		{
			"from": [13.725, 1.75, -0.225],
			"to": [14, 5.25, 0.75],
			"rotation": {"angle": 0, "axis": "y", "origin": [0.275, 0, 0]},
			"faces": {
				"north": {"uv": [1.73913, 0, 9.04348, 0.69565], "texture": "#0"},
				"east": {"uv": [2.08696, 0, 5.71739, 0.6087], "texture": "#0"},
				"south": {"uv": [2.08696, 0, 6.125, 0.6087], "texture": "#0"},
				"west": {"uv": [1.73913, 0, 4.67392, 0.6087], "texture": "#0"},
				"up": {"uv": [1.73913, 0, 5.08152, 0.34783], "texture": "#0"},
				"down": {"uv": [2.78261, 0, 6.125, 0.84783], "texture": "#0"}
			}
		},
		{
			"from": [14, 2, -0.225],
			"to": [14.25, 5, 0.75],
			"rotation": {"angle": 0, "axis": "y", "origin": [0.525, 0, 0]},
			"faces": {
				"north": {"uv": [1.73913, 0, 9.04348, 0.69565], "texture": "#0"},
				"east": {"uv": [2.08696, 0, 5.56522, 0.34783], "texture": "#0"},
				"south": {"uv": [2.08696, 0, 6.125, 0.6087], "texture": "#0"},
				"west": {"uv": [1.73913, 0, 4.67392, 0.6087], "texture": "#0"},
				"up": {"uv": [1.73913, 0, 6.125, 0.84783], "texture": "#0"},
				"down": {"uv": [2.78261, 0, 6.125, 0.84783], "texture": "#0"}
			}
		},
		{
			"from": [2, 2, -0.225],
			"to": [2.25, 5, 0.75],
			"rotation": {"angle": 0, "axis": "y", "origin": [-11.475, 0, 0]},
			"faces": {
				"north": {"uv": [1.73913, 0, 9.04348, 0.69565], "texture": "#0"},
				"east": {"uv": [2.08696, 0, 5.71739, 0.6087], "texture": "#0"},
				"south": {"uv": [2.08696, 0, 6.125, 0.6087], "texture": "#0"},
				"west": {"uv": [1.73913, 0, 4.52174, 0.34783], "texture": "#0"},
				"up": {"uv": [1.73913, 0, 6.125, 0.84783], "texture": "#0"},
				"down": {"uv": [2.78261, 0, 6.125, 0.84783], "texture": "#0"}
			}
		},
		{
			"from": [2.25, 1.75, -0.225],
			"to": [2.525, 5.25, 0.75],
			"rotation": {"angle": 0, "axis": "y", "origin": [-11.2, 0, 0]},
			"faces": {
				"north": {"uv": [1.73913, 0, 9.04348, 0.69565], "texture": "#0"},
				"east": {"uv": [2.08696, 0, 5.71739, 0.6087], "texture": "#0"},
				"south": {"uv": [2.08696, 0, 6.125, 0.6087], "texture": "#0"},
				"west": {"uv": [1.73913, 0, 4.52174, 0.34783], "texture": "#0"},
				"up": {"uv": [1.73913, 0, 6.125, 0.84783], "texture": "#0"},
				"down": {"uv": [2.78261, 0, 6.125, 0.84783], "texture": "#0"}
			}
		}
	],
	"display": {
		"thirdperson_righthand": {
			"rotation": [180, -90, 90],
			"translation": [0.25, -2, 9.75],
			"scale": [0.31, 0.31, 0.22]
		},
		"thirdperson_lefthand": {
			"rotation": [180, -90, 90],
			"translation": [0.25, -2, 9.75],
			"scale": [0.31, 0.31, 0.22]
		},
		"firstperson_righthand": {
			"translation": [80, 0, 0]
		},
		"firstperson_lefthand": {
			"translation": [80, 0, 0],
			"scale": [0.6, 0.6, 0.6]
		},
		"ground": {
			"rotation": [15, 20, 0],
			"translation": [0, 5.75, 0],
			"scale": [0.7, 0.7, 0.7]
		},
		"gui": {
			"rotation": [0, 180, 0],
			"translation": [0, 4, 0]
		},
		"head": {
			"translation": [0, 7.25, -0.5],
			"scale": [0.93, 0.93, 0.91]
		},
		"fixed": {
			"translation": [0, 5, 7]
		}
	}
}