{
	"credit": "Made with Blockbench",
	"textures": {
		"0": "item/weapons/katana3",
		"1": "item/weapons/katana1",
		"2": "item/weapons/katana2",
		"3": "item/weapons/lightgray",
		"particle": "item/weapons/lightgray"
	},
	"elements": [
		{
			"from": [9.25, -2.5, 5.75],
			"to": [9.5, -2, 10.25],
			"rotation": {"angle": 0, "axis": "y", "origin": [9, -14.5, 7]},
			"faces": {
				"north": {"uv": [0, 0, 0.25, 0.5], "texture": "#2"},
				"east": {"uv": [0, 0, 4.5, 0.5], "texture": "#2"},
				"south": {"uv": [0, 0, 0.25, 0.5], "texture": "#2"},
				"west": {"uv": [0, 0, 4.5, 0.5], "texture": "#2"},
				"up": {"uv": [0, 0, 0.25, 4.5], "texture": "#2"},
				"down": {"uv": [0, 0, 0.25, 4.5], "texture": "#2"}
			}
		},
		{
			"from": [9.5, -2.5, 6.25],
			"to": [9.75, -2, 9.75],
			"rotation": {"angle": 0, "axis": "y", "origin": [9.25, -14.5, 7]},
			"faces": {
				"north": {"uv": [0, 0, 0.25, 0.5], "texture": "#2"},
				"east": {"uv": [0, 0, 3.5, 0.5], "texture": "#2"},
				"south": {"uv": [0, 0, 0.25, 0.5], "texture": "#2"},
				"west": {"uv": [0, 0, 3.5, 0.5], "texture": "#2"},
				"up": {"uv": [0, 0, 0.25, 3.5], "texture": "#2"},
				"down": {"uv": [0, 0, 0.25, 3.5], "texture": "#2"}
			}
		},
		{
			"from": [6.75, -2.5, 6.25],
			"to": [7, -2, 9.75],
			"rotation": {"angle": 0, "axis": "y", "origin": [6.5, -14.5, 7]},
			"faces": {
				"north": {"uv": [0, 0, 0.25, 0.5], "texture": "#2"},
				"east": {"uv": [0, 0, 3.5, 0.5], "texture": "#2"},
				"south": {"uv": [0, 0, 0.25, 0.5], "texture": "#2"},
				"west": {"uv": [0, 0, 3.5, 0.5], "texture": "#2"},
				"up": {"uv": [0, 0, 0.25, 3.5], "texture": "#2"},
				"down": {"uv": [0, 0, 0.25, 3.5], "texture": "#2"}
			}
		},
		{
			"from": [7, -2.5, 5.75],
			"to": [7.25, -2, 10.25],
			"rotation": {"angle": 0, "axis": "y", "origin": [6.75, -14.5, 7]},
			"faces": {
				"north": {"uv": [0, 0, 0.25, 0.5], "texture": "#2"},
				"east": {"uv": [0, 0, 4.5, 0.5], "texture": "#2"},
				"south": {"uv": [0, 0, 0.25, 0.5], "texture": "#2"},
				"west": {"uv": [0, 0, 4.5, 0.5], "texture": "#2"},
				"up": {"uv": [0, 0, 0.25, 4.5], "texture": "#2"},
				"down": {"uv": [0, 0, 0.25, 4.5], "texture": "#2"}
			}
		},
		{
			"from": [7.25, -2.5, 5.5],
			"to": [9.25, -2, 10.5],
			"rotation": {"angle": 0, "axis": "y", "origin": [7, -14.5, 7]},
			"faces": {
				"north": {"uv": [0, 0, 2, 0.5], "texture": "#2"},
				"east": {"uv": [0, 0, 5, 0.5], "texture": "#2"},
				"south": {"uv": [0, 0, 2, 0.5], "texture": "#2"},
				"west": {"uv": [0, 0, 5, 0.5], "texture": "#2"},
				"up": {"uv": [0, 0, 2, 5], "texture": "#2"},
				"down": {"uv": [0, 0, 2, 5], "texture": "#2"}
			}
		},
		{
			"from": [7.75, -15, 6.85],
			"to": [8.75, -2.25, 9.15],
			"rotation": {"angle": 0, "axis": "y", "origin": [7, -16, 7]},
			"faces": {
				"north": {"uv": [0, 0, 1, 13.75], "texture": "#1"},
				"east": {"uv": [0, 0, 2.3, 13.75], "texture": "#1"},
				"south": {"uv": [0, 0, 1, 13.75], "texture": "#1"},
				"west": {"uv": [0, 0, 2.3, 13.75], "texture": "#1"},
				"up": {"uv": [0, 0, 1, 2.3], "texture": "#1"},
				"down": {"uv": [0, 0, 1, 2.3], "texture": "#1"}
			}
		},
		{
			"from": [7.35, -3.5, 8.4],
			"to": [9.15, -3, 8.9],
			"rotation": {"angle": 0, "axis": "y", "origin": [6.75, -4.5, 8.4]},
			"faces": {
				"north": {"uv": [0, 0, 1.8, 0.5], "texture": "#0"},
				"east": {"uv": [0, 0, 0.5, 0.5], "texture": "#0"},
				"south": {"uv": [0, 0, 1.8, 0.5], "texture": "#0"},
				"west": {"uv": [0, 0, 0.5, 0.5], "texture": "#0"},
				"up": {"uv": [0, 0, 1.8, 0.5], "texture": "#0"},
				"down": {"uv": [0, 0, 1.8, 0.5], "texture": "#0"}
			}
		},
		{
			"from": [7.35, -3, 7.1],
			"to": [9.15, -2.5, 8.9],
			"rotation": {"angle": 0, "axis": "y", "origin": [6.75, -4, 7]},
			"faces": {
				"north": {"uv": [0, 0, 1.8, 0.5], "texture": "#0"},
				"east": {"uv": [0, 0, 1.8, 0.5], "texture": "#0"},
				"south": {"uv": [0, 0, 1.8, 0.5], "texture": "#0"},
				"west": {"uv": [0, 0, 1.8, 0.5], "texture": "#0"},
				"up": {"uv": [0, 0, 1.8, 1.8], "texture": "#0"},
				"down": {"uv": [0, 0, 1.8, 1.8], "texture": "#0"}
			}
		},
		{
			"from": [7.35, -3.5, 7.1],
			"to": [9.15, -3, 7.6],
			"rotation": {"angle": 0, "axis": "y", "origin": [6.75, -4.5, 7.1]},
			"faces": {
				"north": {"uv": [0, 0, 1.8, 0.5], "texture": "#0"},
				"east": {"uv": [0, 0, 0.5, 0.5], "texture": "#0"},
				"south": {"uv": [0, 0, 1.8, 0.5], "texture": "#0"},
				"west": {"uv": [0, 0, 0.5, 0.5], "texture": "#0"},
				"up": {"uv": [0, 0, 1.8, 0.5], "texture": "#0"},
				"down": {"uv": [0, 0, 1.8, 0.5], "texture": "#0"}
			}
		},
		{
			"from": [7.35, -4.5, 7.1],
			"to": [9.15, -4, 7.6],
			"rotation": {"angle": 0, "axis": "y", "origin": [6.75, -5.5, 7.1]},
			"faces": {
				"north": {"uv": [0, 0, 1.8, 0.5], "texture": "#0"},
				"east": {"uv": [0, 0, 0.5, 0.5], "texture": "#0"},
				"south": {"uv": [0, 0, 1.8, 0.5], "texture": "#0"},
				"west": {"uv": [0, 0, 0.5, 0.5], "texture": "#0"},
				"up": {"uv": [0, 0, 1.8, 0.5], "texture": "#0"},
				"down": {"uv": [0, 0, 1.8, 0.5], "texture": "#0"}
			}
		},
		{
			"from": [7.35, -4.5, 8.4],
			"to": [9.15, -4, 8.9],
			"rotation": {"angle": 0, "axis": "y", "origin": [6.75, -5.5, 8.4]},
			"faces": {
				"north": {"uv": [0, 0, 1.8, 0.5], "texture": "#0"},
				"east": {"uv": [0, 0, 0.5, 0.5], "texture": "#0"},
				"south": {"uv": [0, 0, 1.8, 0.5], "texture": "#0"},
				"west": {"uv": [0, 0, 0.5, 0.5], "texture": "#0"},
				"up": {"uv": [0, 0, 1.8, 0.5], "texture": "#0"},
				"down": {"uv": [0, 0, 1.8, 0.5], "texture": "#0"}
			}
		},
		{
			"from": [7.35, -5, 7.1],
			"to": [9.15, -4.5, 8.9],
			"rotation": {"angle": 0, "axis": "y", "origin": [6.75, -6, 7]},
			"faces": {
				"north": {"uv": [0, 0, 1.8, 0.5], "texture": "#0"},
				"east": {"uv": [0, 0, 1.8, 0.5], "texture": "#0"},
				"south": {"uv": [0, 0, 1.8, 0.5], "texture": "#0"},
				"west": {"uv": [0, 0, 1.8, 0.5], "texture": "#0"},
				"up": {"uv": [0, 0, 1.8, 1.8], "texture": "#0"},
				"down": {"uv": [0, 0, 1.8, 1.8], "texture": "#0"}
			}
		},
		{
			"from": [7.35, -6.5, 8.4],
			"to": [9.15, -6, 8.9],
			"rotation": {"angle": 0, "axis": "y", "origin": [6.75, -7.5, 8.4]},
			"faces": {
				"north": {"uv": [0, 0, 1.8, 0.5], "texture": "#0"},
				"east": {"uv": [0, 0, 0.5, 0.5], "texture": "#0"},
				"south": {"uv": [0, 0, 1.8, 0.5], "texture": "#0"},
				"west": {"uv": [0, 0, 0.5, 0.5], "texture": "#0"},
				"up": {"uv": [0, 0, 1.8, 0.5], "texture": "#0"},
				"down": {"uv": [0, 0, 1.8, 0.5], "texture": "#0"}
			}
		},
		{
			"from": [7.35, -5.5, 8.4],
			"to": [9.15, -5, 8.9],
			"rotation": {"angle": 0, "axis": "y", "origin": [6.75, -6.5, 8.4]},
			"faces": {
				"north": {"uv": [0, 0, 1.8, 0.5], "texture": "#0"},
				"east": {"uv": [0, 0, 0.5, 0.5], "texture": "#0"},
				"south": {"uv": [0, 0, 1.8, 0.5], "texture": "#0"},
				"west": {"uv": [0, 0, 0.5, 0.5], "texture": "#0"},
				"up": {"uv": [0, 0, 1.8, 0.5], "texture": "#0"},
				"down": {"uv": [0, 0, 1.8, 0.5], "texture": "#0"}
			}
		},
		{
			"from": [7.35, -5.5, 7.1],
			"to": [9.15, -5, 7.6],
			"rotation": {"angle": 0, "axis": "y", "origin": [6.75, -6.5, 7.1]},
			"faces": {
				"north": {"uv": [0, 0, 1.8, 0.5], "texture": "#0"},
				"east": {"uv": [0, 0, 0.5, 0.5], "texture": "#0"},
				"south": {"uv": [0, 0, 1.8, 0.5], "texture": "#0"},
				"west": {"uv": [0, 0, 0.5, 0.5], "texture": "#0"},
				"up": {"uv": [0, 0, 1.8, 0.5], "texture": "#0"},
				"down": {"uv": [0, 0, 1.8, 0.5], "texture": "#0"}
			}
		},
		{
			"from": [7.35, -6.5, 7.1],
			"to": [9.15, -6, 7.6],
			"rotation": {"angle": 0, "axis": "y", "origin": [6.75, -7.5, 7.1]},
			"faces": {
				"north": {"uv": [0, 0, 1.8, 0.5], "texture": "#0"},
				"east": {"uv": [0, 0, 0.5, 0.5], "texture": "#0"},
				"south": {"uv": [0, 0, 1.8, 0.5], "texture": "#0"},
				"west": {"uv": [0, 0, 0.5, 0.5], "texture": "#0"},
				"up": {"uv": [0, 0, 1.8, 0.5], "texture": "#0"},
				"down": {"uv": [0, 0, 1.8, 0.5], "texture": "#0"}
			}
		},
		{
			"from": [7.35, -7, 7.1],
			"to": [9.15, -6.5, 8.9],
			"rotation": {"angle": 0, "axis": "y", "origin": [6.75, -8, 7]},
			"faces": {
				"north": {"uv": [0, 0, 1.8, 0.5], "texture": "#0"},
				"east": {"uv": [0, 0, 1.8, 0.5], "texture": "#0"},
				"south": {"uv": [0, 0, 1.8, 0.5], "texture": "#0"},
				"west": {"uv": [0, 0, 1.8, 0.5], "texture": "#0"},
				"up": {"uv": [0, 0, 1.8, 1.8], "texture": "#0"},
				"down": {"uv": [0, 0, 1.8, 1.8], "texture": "#0"}
			}
		},
		{
			"from": [7.35, -8.5, 8.4],
			"to": [9.15, -8, 8.9],
			"rotation": {"angle": 0, "axis": "y", "origin": [6.75, -9.5, 8.4]},
			"faces": {
				"north": {"uv": [0, 0, 1.8, 0.5], "texture": "#0"},
				"east": {"uv": [0, 0, 0.5, 0.5], "texture": "#0"},
				"south": {"uv": [0, 0, 1.8, 0.5], "texture": "#0"},
				"west": {"uv": [0, 0, 0.5, 0.5], "texture": "#0"},
				"up": {"uv": [0, 0, 1.8, 0.5], "texture": "#0"},
				"down": {"uv": [0, 0, 1.8, 0.5], "texture": "#0"}
			}
		},
		{
			"from": [7.35, -7.5, 8.4],
			"to": [9.15, -7, 8.9],
			"rotation": {"angle": 0, "axis": "y", "origin": [6.75, -8.5, 8.4]},
			"faces": {
				"north": {"uv": [0, 0, 1.8, 0.5], "texture": "#0"},
				"east": {"uv": [0, 0, 0.5, 0.5], "texture": "#0"},
				"south": {"uv": [0, 0, 1.8, 0.5], "texture": "#0"},
				"west": {"uv": [0, 0, 0.5, 0.5], "texture": "#0"},
				"up": {"uv": [0, 0, 1.8, 0.5], "texture": "#0"},
				"down": {"uv": [0, 0, 1.8, 0.5], "texture": "#0"}
			}
		},
		{
			"from": [7.35, -7.5, 7.1],
			"to": [9.15, -7, 7.6],
			"rotation": {"angle": 0, "axis": "y", "origin": [6.75, -8.5, 7.1]},
			"faces": {
				"north": {"uv": [0, 0, 1.8, 0.5], "texture": "#0"},
				"east": {"uv": [0, 0, 0.5, 0.5], "texture": "#0"},
				"south": {"uv": [0, 0, 1.8, 0.5], "texture": "#0"},
				"west": {"uv": [0, 0, 0.5, 0.5], "texture": "#0"},
				"up": {"uv": [0, 0, 1.8, 0.5], "texture": "#0"},
				"down": {"uv": [0, 0, 1.8, 0.5], "texture": "#0"}
			}
		},
		{
			"from": [7.35, -8.5, 7.1],
			"to": [9.15, -8, 7.6],
			"rotation": {"angle": 0, "axis": "y", "origin": [6.75, -9.5, 7.1]},
			"faces": {
				"north": {"uv": [0, 0, 1.8, 0.5], "texture": "#0"},
				"east": {"uv": [0, 0, 0.5, 0.5], "texture": "#0"},
				"south": {"uv": [0, 0, 1.8, 0.5], "texture": "#0"},
				"west": {"uv": [0, 0, 0.5, 0.5], "texture": "#0"},
				"up": {"uv": [0, 0, 1.8, 0.5], "texture": "#0"},
				"down": {"uv": [0, 0, 1.8, 0.5], "texture": "#0"}
			}
		},
		{
			"from": [7.35, -9, 7.1],
			"to": [9.15, -8.5, 8.9],
			"rotation": {"angle": 0, "axis": "y", "origin": [6.75, -10, 7]},
			"faces": {
				"north": {"uv": [0, 0, 1.8, 0.5], "texture": "#0"},
				"east": {"uv": [0, 0, 1.8, 0.5], "texture": "#0"},
				"south": {"uv": [0, 0, 1.8, 0.5], "texture": "#0"},
				"west": {"uv": [0, 0, 1.8, 0.5], "texture": "#0"},
				"up": {"uv": [0, 0, 1.8, 1.8], "texture": "#0"},
				"down": {"uv": [0, 0, 1.8, 1.8], "texture": "#0"}
			}
		},
		{
			"from": [7.35, -10.5, 8.4],
			"to": [9.15, -10, 8.9],
			"rotation": {"angle": 0, "axis": "y", "origin": [6.75, -11.5, 8.4]},
			"faces": {
				"north": {"uv": [0, 0, 1.8, 0.5], "texture": "#0"},
				"east": {"uv": [0, 0, 0.5, 0.5], "texture": "#0"},
				"south": {"uv": [0, 0, 1.8, 0.5], "texture": "#0"},
				"west": {"uv": [0, 0, 0.5, 0.5], "texture": "#0"},
				"up": {"uv": [0, 0, 1.8, 0.5], "texture": "#0"},
				"down": {"uv": [0, 0, 1.8, 0.5], "texture": "#0"}
			}
		},
		{
			"from": [7.35, -9.5, 8.4],
			"to": [9.15, -9, 8.9],
			"rotation": {"angle": 0, "axis": "y", "origin": [6.75, -10.5, 8.4]},
			"faces": {
				"north": {"uv": [0, 0, 1.8, 0.5], "texture": "#0"},
				"east": {"uv": [0, 0, 0.5, 0.5], "texture": "#0"},
				"south": {"uv": [0, 0, 1.8, 0.5], "texture": "#0"},
				"west": {"uv": [0, 0, 0.5, 0.5], "texture": "#0"},
				"up": {"uv": [0, 0, 1.8, 0.5], "texture": "#0"},
				"down": {"uv": [0, 0, 1.8, 0.5], "texture": "#0"}
			}
		},
		{
			"from": [7.35, -9.5, 7.1],
			"to": [9.15, -9, 7.6],
			"rotation": {"angle": 0, "axis": "y", "origin": [6.75, -10.5, 7.1]},
			"faces": {
				"north": {"uv": [0, 0, 1.8, 0.5], "texture": "#0"},
				"east": {"uv": [0, 0, 0.5, 0.5], "texture": "#0"},
				"south": {"uv": [0, 0, 1.8, 0.5], "texture": "#0"},
				"west": {"uv": [0, 0, 0.5, 0.5], "texture": "#0"},
				"up": {"uv": [0, 0, 1.8, 0.5], "texture": "#0"},
				"down": {"uv": [0, 0, 1.8, 0.5], "texture": "#0"}
			}
		},
		{
			"from": [7.35, -10.5, 7.1],
			"to": [9.15, -10, 7.6],
			"rotation": {"angle": 0, "axis": "y", "origin": [6.75, -11.5, 7.1]},
			"faces": {
				"north": {"uv": [0, 0, 1.8, 0.5], "texture": "#0"},
				"east": {"uv": [0, 0, 0.5, 0.5], "texture": "#0"},
				"south": {"uv": [0, 0, 1.8, 0.5], "texture": "#0"},
				"west": {"uv": [0, 0, 0.5, 0.5], "texture": "#0"},
				"up": {"uv": [0, 0, 1.8, 0.5], "texture": "#0"},
				"down": {"uv": [0, 0, 1.8, 0.5], "texture": "#0"}
			}
		},
		{
			"from": [7.35, -11, 7.1],
			"to": [9.15, -10.5, 8.9],
			"rotation": {"angle": 0, "axis": "y", "origin": [6.75, -12, 7]},
			"faces": {
				"north": {"uv": [0, 0, 1.8, 0.5], "texture": "#0"},
				"east": {"uv": [0, 0, 1.8, 0.5], "texture": "#0"},
				"south": {"uv": [0, 0, 1.8, 0.5], "texture": "#0"},
				"west": {"uv": [0, 0, 1.8, 0.5], "texture": "#0"},
				"up": {"uv": [0, 0, 1.8, 1.8], "texture": "#0"},
				"down": {"uv": [0, 0, 1.8, 1.8], "texture": "#0"}
			}
		},
		{
			"from": [7.35, -12.5, 8.4],
			"to": [9.15, -12, 8.9],
			"rotation": {"angle": 0, "axis": "y", "origin": [6.75, -13.5, 8.4]},
			"faces": {
				"north": {"uv": [0, 0, 1.8, 0.5], "texture": "#0"},
				"east": {"uv": [0, 0, 0.5, 0.5], "texture": "#0"},
				"south": {"uv": [0, 0, 1.8, 0.5], "texture": "#0"},
				"west": {"uv": [0, 0, 0.5, 0.5], "texture": "#0"},
				"up": {"uv": [0, 0, 1.8, 0.5], "texture": "#0"},
				"down": {"uv": [0, 0, 1.8, 0.5], "texture": "#0"}
			}
		},
		{
			"from": [7.35, -11.5, 8.4],
			"to": [9.15, -11, 8.9],
			"rotation": {"angle": 0, "axis": "y", "origin": [6.75, -12.5, 8.4]},
			"faces": {
				"north": {"uv": [0, 0, 1.8, 0.5], "texture": "#0"},
				"east": {"uv": [0, 0, 0.5, 0.5], "texture": "#0"},
				"south": {"uv": [0, 0, 1.8, 0.5], "texture": "#0"},
				"west": {"uv": [0, 0, 0.5, 0.5], "texture": "#0"},
				"up": {"uv": [0, 0, 1.8, 0.5], "texture": "#0"},
				"down": {"uv": [0, 0, 1.8, 0.5], "texture": "#0"}
			}
		},
		{
			"from": [7.35, -11.5, 7.1],
			"to": [9.15, -11, 7.6],
			"rotation": {"angle": 0, "axis": "y", "origin": [6.75, -12.5, 7.1]},
			"faces": {
				"north": {"uv": [0, 0, 1.8, 0.5], "texture": "#0"},
				"east": {"uv": [0, 0, 0.5, 0.5], "texture": "#0"},
				"south": {"uv": [0, 0, 1.8, 0.5], "texture": "#0"},
				"west": {"uv": [0, 0, 0.5, 0.5], "texture": "#0"},
				"up": {"uv": [0, 0, 1.8, 0.5], "texture": "#0"},
				"down": {"uv": [0, 0, 1.8, 0.5], "texture": "#0"}
			}
		},
		{
			"from": [7.35, -12.5, 7.1],
			"to": [9.15, -12, 7.6],
			"rotation": {"angle": 0, "axis": "y", "origin": [6.75, -13.5, 7.1]},
			"faces": {
				"north": {"uv": [0, 0, 1.8, 0.5], "texture": "#0"},
				"east": {"uv": [0, 0, 0.5, 0.5], "texture": "#0"},
				"south": {"uv": [0, 0, 1.8, 0.5], "texture": "#0"},
				"west": {"uv": [0, 0, 0.5, 0.5], "texture": "#0"},
				"up": {"uv": [0, 0, 1.8, 0.5], "texture": "#0"},
				"down": {"uv": [0, 0, 1.8, 0.5], "texture": "#0"}
			}
		},
		{
			"from": [7.35, -13.5, 7.1],
			"to": [9.15, -13, 7.6],
			"rotation": {"angle": 0, "axis": "y", "origin": [6.75, -14.5, 7.1]},
			"faces": {
				"north": {"uv": [0, 0, 1.8, 0.5], "texture": "#0"},
				"east": {"uv": [0, 0, 0.5, 0.5], "texture": "#0"},
				"south": {"uv": [0, 0, 1.8, 0.5], "texture": "#0"},
				"west": {"uv": [0, 0, 0.5, 0.5], "texture": "#0"},
				"up": {"uv": [0, 0, 1.8, 0.5], "texture": "#0"},
				"down": {"uv": [0, 0, 1.8, 0.5], "texture": "#0"}
			}
		},
		{
			"from": [7.35, -13.5, 8.4],
			"to": [9.15, -13, 8.9],
			"rotation": {"angle": 0, "axis": "y", "origin": [6.75, -14.5, 8.4]},
			"faces": {
				"north": {"uv": [0, 0, 1.8, 0.5], "texture": "#0"},
				"east": {"uv": [0, 0, 0.5, 0.5], "texture": "#0"},
				"south": {"uv": [0, 0, 1.8, 0.5], "texture": "#0"},
				"west": {"uv": [0, 0, 0.5, 0.5], "texture": "#0"},
				"up": {"uv": [0, 0, 1.8, 0.5], "texture": "#0"},
				"down": {"uv": [0, 0, 1.8, 0.5], "texture": "#0"}
			}
		},
		{
			"from": [7.35, -14.5, 8.4],
			"to": [9.15, -14, 8.9],
			"rotation": {"angle": 0, "axis": "y", "origin": [6.75, -15.5, 8.4]},
			"faces": {
				"north": {"uv": [0, 0, 1.8, 0.5], "texture": "#0"},
				"east": {"uv": [0, 0, 0.5, 0.5], "texture": "#0"},
				"south": {"uv": [0, 0, 1.8, 0.5], "texture": "#0"},
				"west": {"uv": [0, 0, 0.5, 0.5], "texture": "#0"},
				"up": {"uv": [0, 0, 1.8, 0.5], "texture": "#0"},
				"down": {"uv": [0, 0, 1.8, 0.5], "texture": "#0"}
			}
		},
		{
			"from": [7.35, -14.5, 7.1],
			"to": [9.15, -14, 7.6],
			"rotation": {"angle": 0, "axis": "y", "origin": [6.75, -15.5, 7.1]},
			"faces": {
				"north": {"uv": [0, 0, 1.8, 0.5], "texture": "#0"},
				"east": {"uv": [0, 0, 0.5, 0.5], "texture": "#0"},
				"south": {"uv": [0, 0, 1.8, 0.5], "texture": "#0"},
				"west": {"uv": [0, 0, 0.5, 0.5], "texture": "#0"},
				"up": {"uv": [0, 0, 1.8, 0.5], "texture": "#0"},
				"down": {"uv": [0, 0, 1.8, 0.5], "texture": "#0"}
			}
		},
		{
			"from": [7.35, -13, 7.1],
			"to": [9.15, -12.5, 8.9],
			"rotation": {"angle": 0, "axis": "y", "origin": [6.75, -14, 7]},
			"faces": {
				"north": {"uv": [0, 0, 1.8, 0.5], "texture": "#0"},
				"east": {"uv": [0, 0, 1.8, 0.5], "texture": "#0"},
				"south": {"uv": [0, 0, 1.8, 0.5], "texture": "#0"},
				"west": {"uv": [0, 0, 1.8, 0.5], "texture": "#0"},
				"up": {"uv": [0, 0, 1.8, 1.8], "texture": "#0"},
				"down": {"uv": [0, 0, 1.8, 1.8], "texture": "#0"}
			}
		},
		{
			"from": [7.35, -15, 7.1],
			"to": [9.15, -14.5, 8.9],
			"rotation": {"angle": 0, "axis": "y", "origin": [6.75, -16, 7]},
			"faces": {
				"north": {"uv": [0, 0, 1.8, 0.5], "texture": "#0"},
				"east": {"uv": [0, 0, 1.8, 0.5], "texture": "#0"},
				"south": {"uv": [0, 0, 1.8, 0.5], "texture": "#0"},
				"west": {"uv": [0, 0, 1.8, 0.5], "texture": "#0"},
				"up": {"uv": [0, 0, 1.8, 1.8], "texture": "#0"},
				"down": {"uv": [0, 0, 1.8, 1.8], "texture": "#0"}
			}
		},
		{
			"from": [7.5, -15, 6.85],
			"to": [9, -2.5, 7.1],
			"rotation": {"angle": 0, "axis": "y", "origin": [7, -16, 5.1]},
			"faces": {
				"north": {"uv": [0, 0, 1.5, 12.5], "texture": "#0"},
				"east": {"uv": [0, 0, 0.25, 12.5], "texture": "#0"},
				"south": {"uv": [0, 0, 1.5, 12.5], "texture": "#0"},
				"west": {"uv": [0, 0, 0.25, 12.5], "texture": "#0"},
				"up": {"uv": [0, 0, 1.5, 0.25], "texture": "#0"},
				"down": {"uv": [0, 0, 1.5, 0.25], "texture": "#0"}
			}
		},
		{
			"from": [7.75, -15, 6.7],
			"to": [8.75, -2.5, 9.3],
			"rotation": {"angle": 0, "axis": "y", "origin": [7, -16, 7.5]},
			"faces": {
				"north": {"uv": [0, 0, 1, 12.5], "texture": "#0"},
				"east": {"uv": [0, 0, 2.6, 12.5], "texture": "#0"},
				"south": {"uv": [0, 0, 1, 12.5], "texture": "#0"},
				"west": {"uv": [0, 0, 2.6, 12.5], "texture": "#0"},
				"up": {"uv": [0, 0, 1, 2.6], "texture": "#0"},
				"down": {"uv": [0, 0, 1, 2.6], "texture": "#0"}
			}
		},
		{
			"from": [7.5, -15, 8.9],
			"to": [9, -2.5, 9.15],
			"rotation": {"angle": 0, "axis": "y", "origin": [7, -16, 7.15]},
			"faces": {
				"north": {"uv": [0, 0, 1.5, 12.5], "texture": "#0"},
				"east": {"uv": [0, 0, 0.25, 12.5], "texture": "#0"},
				"south": {"uv": [0, 0, 1.5, 12.5], "texture": "#0"},
				"west": {"uv": [0, 0, 0.25, 12.5], "texture": "#0"},
				"up": {"uv": [0, 0, 1.5, 0.25], "texture": "#0"},
				"down": {"uv": [0, 0, 1.5, 0.25], "texture": "#0"}
			}
		},
		{
			"from": [7.75, 25.875, 6.85],
			"to": [8.75, 26.775, 7.4],
			"rotation": {"angle": 0, "axis": "y", "origin": [7, -11.625, 6.05]},
			"faces": {
				"north": {"uv": [0, 0, 1, 0.9], "texture": "#1"},
				"east": {"uv": [0, 0, 0.55, 0.9], "texture": "#1"},
				"south": {"uv": [0, 0, 1, 0.9], "texture": "#1"},
				"west": {"uv": [0, 0, 0.55, 0.9], "texture": "#1"},
				"up": {"uv": [0, 0, 1, 0.55], "texture": "#1"},
				"down": {"uv": [0, 0, 1, 0.55], "texture": "#1"}
			}
		},
		{
			"from": [7.85, 25.875, 7.4],
			"to": [8.65, 26.775, 7.7],
			"rotation": {"angle": 0, "axis": "y", "origin": [7, -11.625, 7.3]},
			"faces": {
				"north": {"uv": [0, 0, 0.8, 0.9], "texture": "#1"},
				"east": {"uv": [0, 0, 0.3, 0.9], "texture": "#1"},
				"south": {"uv": [0, 0, 0.8, 0.9], "texture": "#1"},
				"west": {"uv": [0, 0, 0.3, 0.9], "texture": "#1"},
				"up": {"uv": [0, 0, 0.8, 0.3], "texture": "#1"},
				"down": {"uv": [0, 0, 0.8, 0.3], "texture": "#1"}
			}
		},
		{
			"from": [7.95, 25.875, 7.7],
			"to": [8.55, 26.775, 8],
			"rotation": {"angle": 0, "axis": "y", "origin": [7, -11.625, 7.6]},
			"faces": {
				"north": {"uv": [0, 0, 0.6, 0.9], "texture": "#1"},
				"east": {"uv": [0, 0, 0.3, 0.9], "texture": "#1"},
				"south": {"uv": [0, 0, 0.6, 0.9], "texture": "#1"},
				"west": {"uv": [0, 0, 0.3, 0.9], "texture": "#1"},
				"up": {"uv": [0, 0, 0.6, 0.3], "texture": "#1"},
				"down": {"uv": [0, 0, 0.6, 0.3], "texture": "#1"}
			}
		},
		{
			"from": [8.05, 25.875, 8],
			"to": [8.45, 26.775, 8.3],
			"rotation": {"angle": 0, "axis": "y", "origin": [7, -11.625, 7.9]},
			"faces": {
				"north": {"uv": [0, 0, 0.4, 0.9], "texture": "#1"},
				"east": {"uv": [0, 0, 0.3, 0.9], "texture": "#1"},
				"south": {"uv": [0, 0, 0.4, 0.9], "texture": "#1"},
				"west": {"uv": [0, 0, 0.3, 0.9], "texture": "#1"},
				"up": {"uv": [0, 0, 0.4, 0.3], "texture": "#1"},
				"down": {"uv": [0, 0, 0.4, 0.3], "texture": "#1"}
			}
		},
		{
			"from": [8.05, 28.075, 6.85],
			"to": [8.45, 28.475, 7.4],
			"rotation": {"angle": 0, "axis": "y", "origin": [7, -9.425, 7]},
			"faces": {
				"north": {"uv": [0, 0, 0.4, 0.4], "texture": "#1"},
				"east": {"uv": [0, 0, 0.55, 0.4], "texture": "#1"},
				"south": {"uv": [0, 0, 0.4, 0.4], "texture": "#1"},
				"west": {"uv": [0, 0, 0.55, 0.4], "texture": "#1"},
				"up": {"uv": [0, 0, 0.4, 0.55], "texture": "#1"},
				"down": {"uv": [0, 0, 0.4, 0.55], "texture": "#1"}
			}
		},
		{
			"from": [8.15, 28.075, 7.4],
			"to": [8.35, 28.475, 7.7],
			"rotation": {"angle": 0, "axis": "y", "origin": [7, -9.425, 7.3]},
			"faces": {
				"north": {"uv": [0, 0, 0.2, 0.4], "texture": "#1"},
				"east": {"uv": [0, 0, 0.3, 0.4], "texture": "#1"},
				"south": {"uv": [0, 0, 0.2, 0.4], "texture": "#1"},
				"west": {"uv": [0, 0, 0.3, 0.4], "texture": "#1"},
				"up": {"uv": [0, 0, 0.2, 0.3], "texture": "#1"},
				"down": {"uv": [0, 0, 0.2, 0.3], "texture": "#1"}
			}
		},
		{
			"from": [8.15, 28.475, 6.85],
			"to": [8.35, 28.875, 7.4],
			"rotation": {"angle": 0, "axis": "y", "origin": [7, -9.025, 7]},
			"faces": {
				"north": {"uv": [0, 0, 0.2, 0.4], "texture": "#1"},
				"east": {"uv": [0, 0, 0.55, 0.4], "texture": "#1"},
				"south": {"uv": [0, 0, 0.2, 0.4], "texture": "#1"},
				"west": {"uv": [0, 0, 0.55, 0.4], "texture": "#1"},
				"up": {"uv": [0, 0, 0.2, 0.55], "texture": "#1"},
				"down": {"uv": [0, 0, 0.2, 0.55], "texture": "#1"}
			}
		},
		{
			"from": [8.15, 27.425, 7.7],
			"to": [8.35, 28.075, 8],
			"rotation": {"angle": 0, "axis": "y", "origin": [7, -10.075, 7.6]},
			"faces": {
				"north": {"uv": [0, 0, 0.2, 0.65], "texture": "#1"},
				"east": {"uv": [0, 0, 0.3, 0.65], "texture": "#1"},
				"south": {"uv": [0, 0, 0.2, 0.65], "texture": "#1"},
				"west": {"uv": [0, 0, 0.3, 0.65], "texture": "#1"},
				"up": {"uv": [0, 0, 0.2, 0.3], "texture": "#1"},
				"down": {"uv": [0, 0, 0.2, 0.3], "texture": "#1"}
			}
		},
		{
			"from": [8.05, 27.425, 7.4],
			"to": [8.45, 28.075, 7.7],
			"rotation": {"angle": 0, "axis": "y", "origin": [7, -10.075, 7.3]},
			"faces": {
				"north": {"uv": [0, 0, 0.4, 0.65], "texture": "#1"},
				"east": {"uv": [0, 0, 0.3, 0.65], "texture": "#1"},
				"south": {"uv": [0, 0, 0.4, 0.65], "texture": "#1"},
				"west": {"uv": [0, 0, 0.3, 0.65], "texture": "#1"},
				"up": {"uv": [0, 0, 0.4, 0.3], "texture": "#1"},
				"down": {"uv": [0, 0, 0.4, 0.3], "texture": "#1"}
			}
		},
		{
			"from": [7.95, 27.425, 6.85],
			"to": [8.55, 28.075, 7.4],
			"rotation": {"angle": 0, "axis": "y", "origin": [7, -10.075, 7]},
			"faces": {
				"north": {"uv": [0, 0, 0.6, 0.65], "texture": "#1"},
				"east": {"uv": [0, 0, 0.55, 0.65], "texture": "#1"},
				"south": {"uv": [0, 0, 0.6, 0.65], "texture": "#1"},
				"west": {"uv": [0, 0, 0.55, 0.65], "texture": "#1"},
				"up": {"uv": [0, 0, 0.6, 0.55], "texture": "#1"},
				"down": {"uv": [0, 0, 0.6, 0.55], "texture": "#1"}
			}
		},
		{
			"from": [8.15, 26.775, 8],
			"to": [8.35, 27.425, 8.3],
			"rotation": {"angle": 0, "axis": "y", "origin": [7, -10.725, 7.9]},
			"faces": {
				"north": {"uv": [0, 0, 0.2, 0.65], "texture": "#1"},
				"east": {"uv": [0, 0, 0.3, 0.65], "texture": "#1"},
				"south": {"uv": [0, 0, 0.2, 0.65], "texture": "#1"},
				"west": {"uv": [0, 0, 0.3, 0.65], "texture": "#1"},
				"up": {"uv": [0, 0, 0.2, 0.3], "texture": "#1"},
				"down": {"uv": [0, 0, 0.2, 0.3], "texture": "#1"}
			}
		},
		{
			"from": [8.05, 26.775, 7.7],
			"to": [8.45, 27.425, 8],
			"rotation": {"angle": 0, "axis": "y", "origin": [7, -10.725, 7.6]},
			"faces": {
				"north": {"uv": [0, 0, 0.4, 0.65], "texture": "#1"},
				"east": {"uv": [0, 0, 0.3, 0.65], "texture": "#1"},
				"south": {"uv": [0, 0, 0.4, 0.65], "texture": "#1"},
				"west": {"uv": [0, 0, 0.3, 0.65], "texture": "#1"},
				"up": {"uv": [0, 0, 0.4, 0.3], "texture": "#1"},
				"down": {"uv": [0, 0, 0.4, 0.3], "texture": "#1"}
			}
		},
		{
			"from": [7.95, 26.775, 7.4],
			"to": [8.55, 27.425, 7.7],
			"rotation": {"angle": 0, "axis": "y", "origin": [7, -10.725, 7.3]},
			"faces": {
				"north": {"uv": [0, 0, 0.6, 0.65], "texture": "#1"},
				"east": {"uv": [0, 0, 0.3, 0.65], "texture": "#1"},
				"south": {"uv": [0, 0, 0.6, 0.65], "texture": "#1"},
				"west": {"uv": [0, 0, 0.3, 0.65], "texture": "#1"},
				"up": {"uv": [0, 0, 0.6, 0.3], "texture": "#1"},
				"down": {"uv": [0, 0, 0.6, 0.3], "texture": "#1"}
			}
		},
		{
			"from": [7.85, 26.775, 6.85],
			"to": [8.65, 27.425, 7.4],
			"rotation": {"angle": 0, "axis": "y", "origin": [7, -10.725, 7]},
			"faces": {
				"north": {"uv": [0, 0, 0.8, 0.65], "texture": "#1"},
				"east": {"uv": [0, 0, 0.55, 0.65], "texture": "#1"},
				"south": {"uv": [0, 0, 0.8, 0.65], "texture": "#1"},
				"west": {"uv": [0, 0, 0.55, 0.65], "texture": "#1"},
				"up": {"uv": [0, 0, 0.8, 0.55], "texture": "#1"},
				"down": {"uv": [0, 0, 0.8, 0.55], "texture": "#1"}
			}
		},
		{
			"from": [8.15, 25.875, 8.3],
			"to": [8.35, 26.775, 8.6],
			"rotation": {"angle": 0, "axis": "y", "origin": [7, -11.625, 8.2]},
			"faces": {
				"north": {"uv": [0, 0, 0.2, 0.9], "texture": "#1"},
				"east": {"uv": [0, 0, 0.3, 0.9], "texture": "#1"},
				"south": {"uv": [0, 0, 0.2, 0.9], "texture": "#1"},
				"west": {"uv": [0, 0, 0.3, 0.9], "texture": "#1"},
				"up": {"uv": [0, 0, 0.2, 0.3], "texture": "#1"},
				"down": {"uv": [0, 0, 0.2, 0.3], "texture": "#1"}
			}
		},
		{
			"from": [7.75, 24.475, 6.85],
			"to": [8.75, 25.875, 7.7],
			"rotation": {"angle": 0, "axis": "y", "origin": [7, -13.025, 6.35]},
			"faces": {
				"north": {"uv": [0, 0, 1, 1.4], "texture": "#1"},
				"east": {"uv": [0, 0, 0.85, 1.4], "texture": "#1"},
				"south": {"uv": [0, 0, 1, 1.4], "texture": "#1"},
				"west": {"uv": [0, 0, 0.85, 1.4], "texture": "#1"},
				"up": {"uv": [0, 0, 1, 0.85], "texture": "#1"},
				"down": {"uv": [0, 0, 1, 0.85], "texture": "#1"}
			}
		},
		{
			"from": [7.85, 24.475, 7.7],
			"to": [8.65, 25.875, 8],
			"rotation": {"angle": 0, "axis": "y", "origin": [7, -13.025, 7.6]},
			"faces": {
				"north": {"uv": [0, 0, 0.8, 1.4], "texture": "#1"},
				"east": {"uv": [0, 0, 0.3, 1.4], "texture": "#1"},
				"south": {"uv": [0, 0, 0.8, 1.4], "texture": "#1"},
				"west": {"uv": [0, 0, 0.3, 1.4], "texture": "#1"},
				"up": {"uv": [0, 0, 0.8, 0.3], "texture": "#1"},
				"down": {"uv": [0, 0, 0.8, 0.3], "texture": "#1"}
			}
		},
		{
			"from": [7.95, 24.475, 8],
			"to": [8.55, 25.875, 8.3],
			"rotation": {"angle": 0, "axis": "y", "origin": [7, -13.025, 7.9]},
			"faces": {
				"north": {"uv": [0, 0, 0.6, 1.4], "texture": "#1"},
				"east": {"uv": [0, 0, 0.3, 1.4], "texture": "#1"},
				"south": {"uv": [0, 0, 0.6, 1.4], "texture": "#1"},
				"west": {"uv": [0, 0, 0.3, 1.4], "texture": "#1"},
				"up": {"uv": [0, 0, 0.6, 0.3], "texture": "#1"},
				"down": {"uv": [0, 0, 0.6, 0.3], "texture": "#1"}
			}
		},
		{
			"from": [8.05, 24.475, 8.3],
			"to": [8.45, 25.875, 8.6],
			"rotation": {"angle": 0, "axis": "y", "origin": [7, -13.025, 8.2]},
			"faces": {
				"north": {"uv": [0, 0, 0.4, 1.4], "texture": "#1"},
				"east": {"uv": [0, 0, 0.3, 1.4], "texture": "#1"},
				"south": {"uv": [0, 0, 0.4, 1.4], "texture": "#1"},
				"west": {"uv": [0, 0, 0.3, 1.4], "texture": "#1"},
				"up": {"uv": [0, 0, 0.4, 0.3], "texture": "#1"},
				"down": {"uv": [0, 0, 0.4, 0.3], "texture": "#1"}
			}
		},
		{
			"from": [8.15, 24.475, 8.6],
			"to": [8.35, 25.875, 8.9],
			"rotation": {"angle": 0, "axis": "y", "origin": [7, -13.025, 8.5]},
			"faces": {
				"north": {"uv": [0, 0, 0.2, 1.4], "texture": "#1"},
				"east": {"uv": [0, 0, 0.3, 1.4], "texture": "#1"},
				"south": {"uv": [0, 0, 0.2, 1.4], "texture": "#1"},
				"west": {"uv": [0, 0, 0.3, 1.4], "texture": "#1"},
				"up": {"uv": [0, 0, 0.2, 0.3], "texture": "#1"},
				"down": {"uv": [0, 0, 0.2, 0.3], "texture": "#1"}
			}
		},
		{
			"from": [8.15, -1.5, 8.9],
			"to": [8.35, 24.475, 9.2],
			"rotation": {"angle": 0, "axis": "y", "origin": [7, -15.25, 8.8]},
			"faces": {
				"north": {"uv": [0, 0, 0.2, 16], "texture": "#1"},
				"east": {"uv": [0, 0, 0.3, 16], "texture": "#1"},
				"south": {"uv": [0, 0, 0.2, 16], "texture": "#1"},
				"west": {"uv": [0, 0, 0.3, 16], "texture": "#1"},
				"up": {"uv": [0, 0, 0.2, 0.3], "texture": "#1"},
				"down": {"uv": [0, 0, 0.2, 0.3], "texture": "#1"}
			}
		},
		{
			"from": [8.05, -1.5, 8.6],
			"to": [8.45, 24.475, 8.9],
			"rotation": {"angle": 0, "axis": "y", "origin": [7, -15.25, 8.5]},
			"faces": {
				"north": {"uv": [0, 0, 0.4, 16], "texture": "#1"},
				"east": {"uv": [0, 0, 0.3, 16], "texture": "#1"},
				"south": {"uv": [0, 0, 0.4, 16], "texture": "#1"},
				"west": {"uv": [0, 0, 0.3, 16], "texture": "#1"},
				"up": {"uv": [0, 0, 0.4, 0.3], "texture": "#1"},
				"down": {"uv": [0, 0, 0.4, 0.3], "texture": "#1"}
			}
		},
		{
			"from": [7.95, -1.5, 8.3],
			"to": [8.55, 24.475, 8.6],
			"rotation": {"angle": 0, "axis": "y", "origin": [7, -15.25, 8.2]},
			"faces": {
				"north": {"uv": [0, 0, 0.6, 16], "texture": "#1"},
				"east": {"uv": [0, 0, 0.3, 16], "texture": "#1"},
				"south": {"uv": [0, 0, 0.6, 16], "texture": "#1"},
				"west": {"uv": [0, 0, 0.3, 16], "texture": "#1"},
				"up": {"uv": [0, 0, 0.6, 0.3], "texture": "#1"},
				"down": {"uv": [0, 0, 0.6, 0.3], "texture": "#1"}
			}
		},
		{
			"from": [7.85, -1.5, 8],
			"to": [8.65, 24.475, 8.3],
			"rotation": {"angle": 0, "axis": "y", "origin": [7, -15.25, 7.9]},
			"faces": {
				"north": {"uv": [0, 0, 0.8, 16], "texture": "#1"},
				"east": {"uv": [0, 0, 0.3, 16], "texture": "#1"},
				"south": {"uv": [0, 0, 0.8, 16], "texture": "#1"},
				"west": {"uv": [0, 0, 0.3, 16], "texture": "#1"},
				"up": {"uv": [0, 0, 0.8, 0.3], "texture": "#1"},
				"down": {"uv": [0, 0, 0.8, 0.3], "texture": "#1"}
			}
		},
		{
			"from": [7.75, 23.975, 7.1],
			"to": [8.75, 24.475, 7.35],
			"rotation": {"angle": 0, "axis": "y", "origin": [7, -14.025, 7.1]},
			"faces": {
				"north": {"uv": [0, 0, 1, 0.5], "texture": "#1"},
				"east": {"uv": [0, 0, 0.25, 0.5], "texture": "#1"},
				"south": {"uv": [0, 0, 1, 0.5], "texture": "#1"},
				"west": {"uv": [0, 0, 0.25, 0.5], "texture": "#1"},
				"up": {"uv": [0, 0, 1, 0.25], "texture": "#1"},
				"down": {"uv": [0, 0, 1, 0.25], "texture": "#1"}
			}
		},
		{
			"from": [7.9, -1.5, 7.1],
			"to": [8.6, 24.475, 7.35],
			"rotation": {"angle": 0, "axis": "y", "origin": [7, -15.25, 7.1]},
			"faces": {
				"north": {"uv": [0, 0, 0.7, 16], "texture": "#3"},
				"east": {"uv": [0, 0, 0.25, 16], "texture": "#3"},
				"south": {"uv": [0, 0, 0.7, 16], "texture": "#3"},
				"west": {"uv": [0, 0, 0.25, 16], "texture": "#3"},
				"up": {"uv": [0, 0, 0.7, 0.25], "texture": "#3"},
				"down": {"uv": [0, 0, 0.7, 0.25], "texture": "#3"}
			}
		},
		{
			"from": [7.75, -1.5, 6.85],
			"to": [8.75, 24.475, 7.1],
			"rotation": {"angle": 0, "axis": "y", "origin": [7, -15.25, 6.85]},
			"faces": {
				"north": {"uv": [0, 0, 1, 16], "texture": "#1"},
				"east": {"uv": [0, 0, 0.25, 16], "texture": "#1"},
				"south": {"uv": [0, 0, 1, 16], "texture": "#1"},
				"west": {"uv": [0, 0, 0.25, 16], "texture": "#1"},
				"up": {"uv": [0, 0, 1, 0.25], "texture": "#1"},
				"down": {"uv": [0, 0, 1, 0.25], "texture": "#1"}
			}
		},
		{
			"from": [7.75, -1.5, 7.35],
			"to": [8.75, 24.475, 8],
			"rotation": {"angle": 0, "axis": "y", "origin": [7, -15.25, 6.75]},
			"faces": {
				"north": {"uv": [0, 0, 1, 16], "texture": "#1"},
				"east": {"uv": [0, 0, 0.65, 16], "texture": "#1"},
				"south": {"uv": [0, 0, 1, 16], "texture": "#1"},
				"west": {"uv": [0, 0, 0.65, 16], "texture": "#1"},
				"up": {"uv": [0, 0, 1, 0.65], "texture": "#1"},
				"down": {"uv": [0, 0, 1, 0.65], "texture": "#1"}
			}
		},
		{
			"from": [7.5, -15, 7.1],
			"to": [9, -2.25, 8.9],
			"rotation": {"angle": 0, "axis": "y", "origin": [7, -16, 7]},
			"faces": {
				"north": {"uv": [0, 0, 1.5, 13.75], "texture": "#1"},
				"east": {"uv": [0, 0, 1.8, 13.75], "texture": "#1"},
				"south": {"uv": [0, 0, 1.5, 13.75], "texture": "#1"},
				"west": {"uv": [0, 0, 1.8, 13.75], "texture": "#1"},
				"up": {"uv": [0, 0, 1.5, 1.8], "texture": "#1"},
				"down": {"uv": [0, 0, 1.5, 1.8], "texture": "#1"}
			}
		},
		{
			"from": [7.5, -16, 7.1],
			"to": [9, -15, 8.9],
			"rotation": {"angle": 0, "axis": "y", "origin": [7, -17, 7]},
			"faces": {
				"north": {"uv": [0, 0, 12.5, 8.25], "texture": "#2"},
				"east": {"uv": [0, 0, 11.3, 6.75], "texture": "#2"},
				"south": {"uv": [0, 0, 11.5, 6.75], "texture": "#2"},
				"west": {"uv": [0, 0, 11, 6.25], "texture": "#2"},
				"up": {"uv": [0, 0, 12, 9.3], "texture": "#2"},
				"down": {"uv": [0, 0, 12.5, 8], "texture": "#2"}
			}
		},
		{
			"from": [7.75, -16, 8.9],
			"to": [8.75, -15, 9.15],
			"rotation": {"angle": 0, "axis": "y", "origin": [7, -17, 7]},
			"faces": {
				"north": {"uv": [0, 0, 1, 13.75], "texture": "#2"},
				"east": {"uv": [0, 0, 2.3, 13.75], "texture": "#2"},
				"south": {"uv": [0, 0, 13.5, 9.25], "texture": "#2"},
				"west": {"uv": [0, 0, 2.3, 13.75], "texture": "#2"},
				"up": {"uv": [0, 0, 1, 2.3], "texture": "#2"},
				"down": {"uv": [0, 0, 10, 3], "texture": "#2"}
			}
		},
		{
			"from": [7.75, -16, 6.85],
			"to": [8.75, -15, 7.1],
			"rotation": {"angle": 0, "axis": "y", "origin": [7, -17, 7]},
			"faces": {
				"north": {"uv": [0, 0, 13, 8.25], "texture": "#2"},
				"east": {"uv": [0, 0, 11.8, 6.75], "texture": "#2"},
				"south": {"uv": [0, 0, 11, 6.75], "texture": "#2"},
				"west": {"uv": [0, 0, 2.8, 13.75], "texture": "#2"},
				"up": {"uv": [0, 0, 1, 2.3], "texture": "#2"},
				"down": {"uv": [0, 0, 10, 2], "texture": "#2"}
			}
		},
		{
			"from": [7.6, -2, 6.7],
			"to": [8.9, -0.525, 8.15],
			"rotation": {"angle": 0, "axis": "y", "origin": [7, -16, 7]},
			"faces": {
				"north": {"uv": [0, 0, 1.3, 1.475], "texture": "#2"},
				"east": {"uv": [0, 0, 1.45, 1.475], "texture": "#2"},
				"south": {"uv": [0, 0, 1.3, 1.475], "texture": "#2"},
				"west": {"uv": [0, 0, 1.45, 1.475], "texture": "#2"},
				"up": {"uv": [0, 0, 1.3, 1.45], "texture": "#2"},
				"down": {"uv": [0, 0, 1.3, 1.45], "texture": "#2"}
			}
		},
		{
			"from": [7.7, -2, 8.15],
			"to": [8.8, -0.525, 8.45],
			"rotation": {"angle": 0, "axis": "y", "origin": [7, -16, 8.05]},
			"faces": {
				"north": {"uv": [0, 0, 1.1, 1.475], "texture": "#2"},
				"east": {"uv": [0, 0, 0.3, 1.475], "texture": "#2"},
				"south": {"uv": [0, 0, 1.1, 1.475], "texture": "#2"},
				"west": {"uv": [0, 0, 0.3, 1.475], "texture": "#2"},
				"up": {"uv": [0, 0, 1.1, 0.3], "texture": "#2"},
				"down": {"uv": [0, 0, 1.1, 0.3], "texture": "#2"}
			}
		},
		{
			"from": [7.8, -2, 8.45],
			"to": [8.7, -0.525, 8.75],
			"rotation": {"angle": 0, "axis": "y", "origin": [7, -16, 8.35]},
			"faces": {
				"north": {"uv": [0, 0, 0.9, 1.475], "texture": "#2"},
				"east": {"uv": [0, 0, 0.3, 1.475], "texture": "#2"},
				"south": {"uv": [0, 0, 0.9, 1.475], "texture": "#2"},
				"west": {"uv": [0, 0, 0.3, 1.475], "texture": "#2"},
				"up": {"uv": [0, 0, 0.9, 0.3], "texture": "#2"},
				"down": {"uv": [0, 0, 0.9, 0.3], "texture": "#2"}
			}
		},
		{
			"from": [7.9, -2, 8.75],
			"to": [8.6, -0.525, 9.05],
			"rotation": {"angle": 0, "axis": "y", "origin": [7, -16, 8.65]},
			"faces": {
				"north": {"uv": [0, 0, 0.7, 1.475], "texture": "#2"},
				"east": {"uv": [0, 0, 0.3, 1.475], "texture": "#2"},
				"south": {"uv": [0, 0, 0.7, 1.475], "texture": "#2"},
				"west": {"uv": [0, 0, 0.3, 1.475], "texture": "#2"},
				"up": {"uv": [0, 0, 0.7, 0.3], "texture": "#2"},
				"down": {"uv": [0, 0, 0.7, 0.3], "texture": "#2"}
			}
		},
		{
			"from": [8, -2, 9.05],
			"to": [8.5, -0.525, 9.35],
			"rotation": {"angle": 0, "axis": "y", "origin": [7, -16, 8.95]},
			"faces": {
				"north": {"uv": [0, 0, 0.5, 1.475], "texture": "#2"},
				"east": {"uv": [0, 0, 0.3, 1.475], "texture": "#2"},
				"south": {"uv": [0, 0, 0.5, 1.475], "texture": "#2"},
				"west": {"uv": [0, 0, 0.3, 1.475], "texture": "#2"},
				"up": {"uv": [0, 0, 0.5, 0.3], "texture": "#2"},
				"down": {"uv": [0, 0, 0.5, 0.3], "texture": "#2"}
			}
		}
	],
	"display": {
		"thirdperson_righthand": {
			"rotation": [0, 180, 0],
			"translation": [0.25, 7.5, 1.75],
			"scale": [0.68, 0.68, 0.68]
		},
		"thirdperson_lefthand": {
			"rotation": [0, 180, 0],
			"translation": [0.25, 7.5, 1.75],
			"scale": [0.68, 0.68, 0.68]
		},
		"firstperson_righthand": {
			"rotation": [-8, -162, 0],
			"translation": [9.75, 3, -9.5],
			"scale": [0.8, 0.8, 0.8]
		},
		"firstperson_lefthand": {
			"rotation": [-8, -162, 0],
			"translation": [9.75, 3, -9.5],
			"scale": [0.8, 0.8, 0.8]
		},
		"ground": {
			"rotation": [-34, 0, 0],
			"translation": [0, 10.5, 0],
			"scale": [0.63, 0.63, 0.63]
		},
		"gui": {
			"rotation": [90, 45, -90],
			"translation": [1.25, 0.75, 0],
			"scale": [0.55, 0.55, 0.55]
		},
		"head": {
			"rotation": [-90, -48, 90],
			"translation": [-0.75, -14.5, 3.75],
			"scale": [0.94, 0.94, 0.94]
		},
		"fixed": {
			"rotation": [90, 0, 0],
			"translation": [0, -0.75, -7.5],
			"scale": [1.5, 1.5, 1.5]
		}
	}
}