{
	"credit": "Designed by Zachrywilsn with Cubik Studio - https://cubik.studio",
	"textures": {
		"particle": "item/kiriswords/kiba",
		"texture": "item/kiriswords/kiba"
	},
	"elements": [
		{
			"name": "Voxels-F7F7F5",
			"from": [2, -3.75, 8],
			"to": [8.25, -3.5, 8.25],
			"faces": {
				"north": {"uv": [4.96, 0.96, 7.04, 3.04], "texture": "#texture", "cullface": "down"},
				"east": {"uv": [4.96, 0.96, 7.04, 3.04], "texture": "#texture", "cullface": "down"},
				"south": {"uv": [4.96, 0.96, 7.04, 3.04], "texture": "#texture", "cullface": "down"},
				"west": {"uv": [4.96, 0.96, 7.04, 3.04], "texture": "#texture", "cullface": "down"},
				"up": {"uv": [4.96, 0.96, 7.04, 3.04], "texture": "#texture", "cullface": "down"},
				"down": {"uv": [4.96, 0.96, 7.04, 3.04], "texture": "#texture", "cullface": "down"}
			}
		},
		{
			"name": "Voxels-F7F7F5",
			"from": [2, -3.5, 8],
			"to": [3.75, -3.25, 8.25],
			"faces": {
				"north": {"uv": [4.96, 0.96, 7.04, 3.04], "texture": "#texture", "cullface": "down"},
				"east": {"uv": [4.96, 0.96, 7.04, 3.04], "texture": "#texture", "cullface": "down"},
				"south": {"uv": [4.96, 0.96, 7.04, 3.04], "texture": "#texture", "cullface": "down"},
				"west": {"uv": [4.96, 0.96, 7.04, 3.04], "texture": "#texture", "cullface": "down"},
				"up": {"uv": [4.96, 0.96, 7.04, 3.04], "texture": "#texture", "cullface": "down"}
			}
		},
		{
			"name": "Voxels-F7F7F5",
			"from": [2, -3.25, 8],
			"to": [3.5, -3, 8.25],
			"faces": {
				"north": {"uv": [4.96, 0.96, 7.04, 3.04], "texture": "#texture", "cullface": "down"},
				"east": {"uv": [4.96, 0.96, 7.04, 3.04], "texture": "#texture", "cullface": "down"},
				"south": {"uv": [4.96, 0.96, 7.04, 3.04], "texture": "#texture", "cullface": "down"},
				"west": {"uv": [4.96, 0.96, 7.04, 3.04], "texture": "#texture", "cullface": "down"},
				"up": {"uv": [4.96, 0.96, 7.04, 3.04], "texture": "#texture", "cullface": "down"}
			}
		},
		{
			"name": "Voxels-F7F7F5",
			"from": [2, -3, 8],
			"to": [3.25, -2.5, 8.25],
			"faces": {
				"north": {"uv": [4.96, 0.96, 7.04, 3.04], "texture": "#texture", "cullface": "down"},
				"east": {"uv": [4.96, 0.96, 7.04, 3.04], "texture": "#texture", "cullface": "down"},
				"south": {"uv": [4.96, 0.96, 7.04, 3.04], "texture": "#texture", "cullface": "down"},
				"west": {"uv": [4.96, 0.96, 7.04, 3.04], "texture": "#texture", "cullface": "down"},
				"up": {"uv": [4.96, 0.96, 7.04, 3.04], "texture": "#texture", "cullface": "down"}
			}
		},
		{
			"name": "Voxels-F7F7F5",
			"from": [2.25, -4.25, 8],
			"to": [8.25, -3.75, 8.25],
			"faces": {
				"north": {"uv": [4.96, 0.96, 7.04, 3.04], "texture": "#texture", "cullface": "down"},
				"east": {"uv": [4.96, 0.96, 7.04, 3.04], "texture": "#texture", "cullface": "down"},
				"south": {"uv": [4.96, 0.96, 7.04, 3.04], "texture": "#texture", "cullface": "down"},
				"west": {"uv": [4.96, 0.96, 7.04, 3.04], "texture": "#texture", "cullface": "down"},
				"down": {"uv": [4.96, 0.96, 7.04, 3.04], "texture": "#texture", "cullface": "down"}
			}
		},
		{
			"name": "Voxels-F7F7F5",
			"from": [2.25, -3.5, 8.25],
			"to": [3.25, -3.25, 8.5],
			"faces": {
				"east": {"uv": [4.96, 0.96, 7.04, 3.04], "texture": "#texture", "cullface": "down"},
				"south": {"uv": [4.96, 0.96, 7.04, 3.04], "texture": "#texture", "cullface": "down"},
				"west": {"uv": [4.96, 0.96, 7.04, 3.04], "texture": "#texture", "cullface": "down"},
				"up": {"uv": [4.96, 0.96, 7.04, 3.04], "texture": "#texture", "cullface": "down"},
				"down": {"uv": [4.96, 0.96, 7.04, 3.04], "texture": "#texture", "cullface": "down"}
			}
		},
		{
			"name": "Voxels-F7F7F5",
			"from": [2.25, -3.25, 7.75],
			"to": [3, -2.75, 8],
			"faces": {
				"north": {"uv": [4.96, 0.96, 7.04, 3.04], "texture": "#texture", "cullface": "down"},
				"east": {"uv": [4.96, 0.96, 7.04, 3.04], "texture": "#texture", "cullface": "down"},
				"south": {"uv": [4.96, 0.96, 7.04, 3.04], "texture": "#texture", "cullface": "down"},
				"west": {"uv": [4.96, 0.96, 7.04, 3.04], "texture": "#texture", "cullface": "down"},
				"up": {"uv": [4.96, 0.96, 7.04, 3.04], "texture": "#texture", "cullface": "down"},
				"down": {"uv": [4.96, 0.96, 7.04, 3.04], "texture": "#texture", "cullface": "down"}
			}
		},
		{
			"name": "Voxels-F7F7F5",
			"from": [2.25, -3.25, 8.25],
			"to": [3, -2.75, 8.5],
			"faces": {
				"north": {"uv": [4.96, 0.96, 7.04, 3.04], "texture": "#texture", "cullface": "down"},
				"east": {"uv": [4.96, 0.96, 7.04, 3.04], "texture": "#texture", "cullface": "down"},
				"south": {"uv": [4.96, 0.96, 7.04, 3.04], "texture": "#texture", "cullface": "down"},
				"west": {"uv": [4.96, 0.96, 7.04, 3.04], "texture": "#texture", "cullface": "down"},
				"up": {"uv": [4.96, 0.96, 7.04, 3.04], "texture": "#texture", "cullface": "down"}
			}
		},
		{
			"name": "Voxels-F7F7F5",
			"from": [2.25, -2.5, 8],
			"to": [3, -2.25, 8.25],
			"faces": {
				"north": {"uv": [4.96, 0.96, 7.04, 3.04], "texture": "#texture", "cullface": "down"},
				"east": {"uv": [4.96, 0.96, 7.04, 3.04], "texture": "#texture", "cullface": "down"},
				"south": {"uv": [4.96, 0.96, 7.04, 3.04], "texture": "#texture", "cullface": "down"},
				"west": {"uv": [4.96, 0.96, 7.04, 3.04], "texture": "#texture", "cullface": "down"},
				"up": {"uv": [4.96, 0.96, 7.04, 3.04], "texture": "#texture", "cullface": "down"}
			}
		},
		{
			"name": "Voxels-F7F7F5",
			"from": [2.5, -4.5, 8],
			"to": [8.25, -4.25, 8.25],
			"faces": {
				"north": {"uv": [4.96, 0.96, 7.04, 3.04], "texture": "#texture", "cullface": "down"},
				"east": {"uv": [4.96, 0.96, 7.04, 3.04], "texture": "#texture", "cullface": "down"},
				"south": {"uv": [4.96, 0.96, 7.04, 3.04], "texture": "#texture", "cullface": "down"},
				"west": {"uv": [4.96, 0.96, 7.04, 3.04], "texture": "#texture", "cullface": "down"},
				"down": {"uv": [4.96, 0.96, 7.04, 3.04], "texture": "#texture", "cullface": "down"}
			}
		},
		{
			"name": "Voxels-F7F7F5",
			"from": [2.5, -4, 7.75],
			"to": [8, -3.75, 8],
			"faces": {
				"north": {"uv": [4.96, 0.96, 7.04, 3.04], "texture": "#texture", "cullface": "down"},
				"east": {"uv": [4.96, 0.96, 7.04, 3.04], "texture": "#texture", "cullface": "down"},
				"west": {"uv": [4.96, 0.96, 7.04, 3.04], "texture": "#texture", "cullface": "down"},
				"up": {"uv": [4.96, 0.96, 7.04, 3.04], "texture": "#texture", "cullface": "down"},
				"down": {"uv": [4.96, 0.96, 7.04, 3.04], "texture": "#texture", "cullface": "down"}
			}
		},
		{
			"name": "Voxels-F7F7F5",
			"from": [2.5, -4, 8.25],
			"to": [8.25, -3.75, 8.5],
			"faces": {
				"east": {"uv": [4.96, 0.96, 7.04, 3.04], "texture": "#texture", "cullface": "down"},
				"south": {"uv": [4.96, 0.96, 7.04, 3.04], "texture": "#texture", "cullface": "down"},
				"west": {"uv": [4.96, 0.96, 7.04, 3.04], "texture": "#texture", "cullface": "down"},
				"up": {"uv": [4.96, 0.96, 7.04, 3.04], "texture": "#texture", "cullface": "down"},
				"down": {"uv": [4.96, 0.96, 7.04, 3.04], "texture": "#texture", "cullface": "down"}
			}
		},
		{
			"name": "Voxels-F7F7F5",
			"from": [2.5, -3.75, 7.75],
			"to": [3.5, -3.5, 8],
			"faces": {
				"north": {"uv": [4.96, 0.96, 7.04, 3.04], "texture": "#texture", "cullface": "down"},
				"east": {"uv": [4.96, 0.96, 7.04, 3.04], "texture": "#texture", "cullface": "down"},
				"west": {"uv": [4.96, 0.96, 7.04, 3.04], "texture": "#texture", "cullface": "down"},
				"up": {"uv": [4.96, 0.96, 7.04, 3.04], "texture": "#texture", "cullface": "down"}
			}
		},
		{
			"name": "Voxels-F7F7F5",
			"from": [2.5, -3.75, 8.25],
			"to": [3.5, -3.5, 8.5],
			"faces": {
				"east": {"uv": [4.96, 0.96, 7.04, 3.04], "texture": "#texture", "cullface": "down"},
				"south": {"uv": [4.96, 0.96, 7.04, 3.04], "texture": "#texture", "cullface": "down"},
				"west": {"uv": [4.96, 0.96, 7.04, 3.04], "texture": "#texture", "cullface": "down"},
				"up": {"uv": [4.96, 0.96, 7.04, 3.04], "texture": "#texture", "cullface": "down"}
			}
		},
		{
			"name": "Voxels-F7F7F5",
			"from": [2.5, -3.5, 7.75],
			"to": [3.25, -3.25, 8],
			"faces": {
				"north": {"uv": [4.96, 0.96, 7.04, 3.04], "texture": "#texture", "cullface": "down"},
				"east": {"uv": [4.96, 0.96, 7.04, 3.04], "texture": "#texture", "cullface": "down"},
				"west": {"uv": [4.96, 0.96, 7.04, 3.04], "texture": "#texture", "cullface": "down"},
				"up": {"uv": [4.96, 0.96, 7.04, 3.04], "texture": "#texture", "cullface": "down"}
			}
		},
		{
			"name": "Voxels-F7F7F5",
			"from": [2.5, -3.25, 7.5],
			"to": [2.75, -2.5, 7.75],
			"faces": {
				"north": {"uv": [4.96, 0.96, 7.04, 3.04], "texture": "#texture", "cullface": "down"},
				"east": {"uv": [4.96, 0.96, 7.04, 3.04], "texture": "#texture", "cullface": "down"},
				"south": {"uv": [4.96, 0.96, 7.04, 3.04], "texture": "#texture", "cullface": "down"},
				"west": {"uv": [4.96, 0.96, 7.04, 3.04], "texture": "#texture", "cullface": "down"},
				"up": {"uv": [4.96, 0.96, 7.04, 3.04], "texture": "#texture", "cullface": "down"},
				"down": {"uv": [4.96, 0.96, 7.04, 3.04], "texture": "#texture", "cullface": "down"}
			}
		},
		{
			"name": "Voxels-F7F7F5",
			"from": [2.5, -3.25, 8.5],
			"to": [2.75, -2.5, 8.75],
			"faces": {
				"north": {"uv": [4.96, 0.96, 7.04, 3.04], "texture": "#texture", "cullface": "down"},
				"east": {"uv": [4.96, 0.96, 7.04, 3.04], "texture": "#texture", "cullface": "down"},
				"south": {"uv": [4.96, 0.96, 7.04, 3.04], "texture": "#texture", "cullface": "down"},
				"west": {"uv": [4.96, 0.96, 7.04, 3.04], "texture": "#texture", "cullface": "down"},
				"up": {"uv": [4.96, 0.96, 7.04, 3.04], "texture": "#texture", "cullface": "down"},
				"down": {"uv": [4.96, 0.96, 7.04, 3.04], "texture": "#texture", "cullface": "down"}
			}
		},
		{
			"name": "Voxels-F7F7F5",
			"from": [2.5, -2.75, 7.75],
			"to": [2.75, -2.5, 8],
			"faces": {
				"east": {"uv": [4.96, 0.96, 7.04, 3.04], "texture": "#texture", "cullface": "down"},
				"west": {"uv": [4.96, 0.96, 7.04, 3.04], "texture": "#texture", "cullface": "down"},
				"up": {"uv": [4.96, 0.96, 7.04, 3.04], "texture": "#texture", "cullface": "down"}
			}
		},
		{
			"name": "Voxels-F7F7F5",
			"from": [2.5, -2.75, 8.25],
			"to": [2.75, -2.5, 8.5],
			"faces": {
				"east": {"uv": [4.96, 0.96, 7.04, 3.04], "texture": "#texture", "cullface": "down"},
				"west": {"uv": [4.96, 0.96, 7.04, 3.04], "texture": "#texture", "cullface": "down"},
				"up": {"uv": [4.96, 0.96, 7.04, 3.04], "texture": "#texture", "cullface": "down"}
			}
		},
		{
			"name": "Voxels-F7F7F5",
			"from": [2.5, -2.25, 8],
			"to": [3, -2, 8.25],
			"faces": {
				"north": {"uv": [4.96, 0.96, 7.04, 3.04], "texture": "#texture", "cullface": "down"},
				"east": {"uv": [4.96, 0.96, 7.04, 3.04], "texture": "#texture", "cullface": "down"},
				"south": {"uv": [4.96, 0.96, 7.04, 3.04], "texture": "#texture", "cullface": "down"},
				"west": {"uv": [4.96, 0.96, 7.04, 3.04], "texture": "#texture", "cullface": "down"},
				"up": {"uv": [4.96, 0.96, 7.04, 3.04], "texture": "#texture", "cullface": "down"}
			}
		},
		{
			"name": "Voxels-F7F7F5",
			"from": [2.75, -4.75, 8],
			"to": [8.25, -4.5, 8.25],
			"faces": {
				"north": {"uv": [4.96, 0.96, 7.04, 3.04], "texture": "#texture", "cullface": "down"},
				"east": {"uv": [4.96, 0.96, 7.04, 3.04], "texture": "#texture", "cullface": "down"},
				"south": {"uv": [4.96, 0.96, 7.04, 3.04], "texture": "#texture", "cullface": "down"},
				"west": {"uv": [4.96, 0.96, 7.04, 3.04], "texture": "#texture", "cullface": "down"},
				"down": {"uv": [4.96, 0.96, 7.04, 3.04], "texture": "#texture", "cullface": "down"}
			}
		},
		{
			"name": "Voxels-F7F7F5",
			"from": [2.75, -4.25, 7.75],
			"to": [8, -4, 8],
			"faces": {
				"north": {"uv": [4.96, 0.96, 7.04, 3.04], "texture": "#texture", "cullface": "down"},
				"east": {"uv": [4.96, 0.96, 7.04, 3.04], "texture": "#texture", "cullface": "down"},
				"west": {"uv": [4.96, 0.96, 7.04, 3.04], "texture": "#texture", "cullface": "down"},
				"down": {"uv": [4.96, 0.96, 7.04, 3.04], "texture": "#texture", "cullface": "down"}
			}
		},
		{
			"name": "Voxels-F7F7F5",
			"from": [2.75, -4.25, 8.25],
			"to": [8.25, -4, 8.5],
			"faces": {
				"east": {"uv": [4.96, 0.96, 7.04, 3.04], "texture": "#texture", "cullface": "down"},
				"south": {"uv": [4.96, 0.96, 7.04, 3.04], "texture": "#texture", "cullface": "down"},
				"west": {"uv": [4.96, 0.96, 7.04, 3.04], "texture": "#texture", "cullface": "down"},
				"down": {"uv": [4.96, 0.96, 7.04, 3.04], "texture": "#texture", "cullface": "down"}
			}
		},
		{
			"name": "Voxels-F7F7F5",
			"from": [2.75, -3.75, 7.5],
			"to": [3, -3.25, 7.75],
			"faces": {
				"north": {"uv": [4.96, 0.96, 7.04, 3.04], "texture": "#texture", "cullface": "down"},
				"east": {"uv": [4.96, 0.96, 7.04, 3.04], "texture": "#texture", "cullface": "down"},
				"south": {"uv": [4.96, 0.96, 7.04, 3.04], "texture": "#texture", "cullface": "down"},
				"west": {"uv": [4.96, 0.96, 7.04, 3.04], "texture": "#texture", "cullface": "down"},
				"up": {"uv": [4.96, 0.96, 7.04, 3.04], "texture": "#texture", "cullface": "down"},
				"down": {"uv": [4.96, 0.96, 7.04, 3.04], "texture": "#texture", "cullface": "down"}
			}
		},
		{
			"name": "Voxels-F7F7F5",
			"from": [2.75, -3.75, 8.5],
			"to": [3, -3.25, 8.75],
			"faces": {
				"north": {"uv": [4.96, 0.96, 7.04, 3.04], "texture": "#texture", "cullface": "down"},
				"east": {"uv": [4.96, 0.96, 7.04, 3.04], "texture": "#texture", "cullface": "down"},
				"south": {"uv": [4.96, 0.96, 7.04, 3.04], "texture": "#texture", "cullface": "down"},
				"west": {"uv": [4.96, 0.96, 7.04, 3.04], "texture": "#texture", "cullface": "down"},
				"up": {"uv": [4.96, 0.96, 7.04, 3.04], "texture": "#texture", "cullface": "down"},
				"down": {"uv": [4.96, 0.96, 7.04, 3.04], "texture": "#texture", "cullface": "down"}
			}
		},
		{
			"name": "Voxels-F7F7F5",
			"from": [2.75, -2, 8],
			"to": [3, -1.75, 8.25],
			"faces": {
				"north": {"uv": [4.96, 0.96, 7.04, 3.04], "texture": "#texture", "cullface": "down"},
				"east": {"uv": [4.96, 0.96, 7.04, 3.04], "texture": "#texture", "cullface": "down"},
				"south": {"uv": [4.96, 0.96, 7.04, 3.04], "texture": "#texture", "cullface": "down"},
				"west": {"uv": [4.96, 0.96, 7.04, 3.04], "texture": "#texture", "cullface": "down"},
				"up": {"uv": [4.96, 0.96, 7.04, 3.04], "texture": "#texture", "cullface": "down"}
			}
		},
		{
			"name": "Voxels-F7F7F5",
			"from": [3, -5, 8],
			"to": [8.25, -4.75, 8.25],
			"faces": {
				"north": {"uv": [4.96, 0.96, 7.04, 3.04], "texture": "#texture", "cullface": "down"},
				"east": {"uv": [4.96, 0.96, 7.04, 3.04], "texture": "#texture", "cullface": "down"},
				"south": {"uv": [4.96, 0.96, 7.04, 3.04], "texture": "#texture", "cullface": "down"},
				"west": {"uv": [4.96, 0.96, 7.04, 3.04], "texture": "#texture", "cullface": "down"},
				"down": {"uv": [4.96, 0.96, 7.04, 3.04], "texture": "#texture", "cullface": "down"}
			}
		},
		{
			"name": "Voxels-F7F7F5",
			"from": [3, -4.5, 7.75],
			"to": [8, -4.25, 8],
			"faces": {
				"north": {"uv": [4.96, 0.96, 7.04, 3.04], "texture": "#texture", "cullface": "down"},
				"east": {"uv": [4.96, 0.96, 7.04, 3.04], "texture": "#texture", "cullface": "down"},
				"west": {"uv": [4.96, 0.96, 7.04, 3.04], "texture": "#texture", "cullface": "down"},
				"down": {"uv": [4.96, 0.96, 7.04, 3.04], "texture": "#texture", "cullface": "down"}
			}
		},
		{
			"name": "Voxels-F7F7F5",
			"from": [3, -4.5, 8.25],
			"to": [8.25, -4.25, 8.5],
			"faces": {
				"east": {"uv": [4.96, 0.96, 7.04, 3.04], "texture": "#texture", "cullface": "down"},
				"south": {"uv": [4.96, 0.96, 7.04, 3.04], "texture": "#texture", "cullface": "down"},
				"west": {"uv": [4.96, 0.96, 7.04, 3.04], "texture": "#texture", "cullface": "down"},
				"down": {"uv": [4.96, 0.96, 7.04, 3.04], "texture": "#texture", "cullface": "down"}
			}
		},
		{
			"name": "Voxels-F7F7F5",
			"from": [3, -4, 7.5],
			"to": [3.25, -3.75, 7.75],
			"faces": {
				"north": {"uv": [4.96, 0.96, 7.04, 3.04], "texture": "#texture", "cullface": "down"},
				"east": {"uv": [4.96, 0.96, 7.04, 3.04], "texture": "#texture", "cullface": "down"},
				"west": {"uv": [4.96, 0.96, 7.04, 3.04], "texture": "#texture", "cullface": "down"},
				"up": {"uv": [4.96, 0.96, 7.04, 3.04], "texture": "#texture", "cullface": "down"},
				"down": {"uv": [4.96, 0.96, 7.04, 3.04], "texture": "#texture", "cullface": "down"}
			}
		},
		{
			"name": "Voxels-F7F7F5",
			"from": [3, -4, 8.5],
			"to": [3.25, -3.75, 8.75],
			"faces": {
				"east": {"uv": [4.96, 0.96, 7.04, 3.04], "texture": "#texture", "cullface": "down"},
				"south": {"uv": [4.96, 0.96, 7.04, 3.04], "texture": "#texture", "cullface": "down"},
				"west": {"uv": [4.96, 0.96, 7.04, 3.04], "texture": "#texture", "cullface": "down"},
				"up": {"uv": [4.96, 0.96, 7.04, 3.04], "texture": "#texture", "cullface": "down"},
				"down": {"uv": [4.96, 0.96, 7.04, 3.04], "texture": "#texture", "cullface": "down"}
			}
		},
		{
			"name": "Voxels-F7F7F5",
			"from": [3.25, -5.25, 8],
			"to": [8.25, -5, 8.25],
			"faces": {
				"north": {"uv": [4.96, 0.96, 7.04, 3.04], "texture": "#texture", "cullface": "down"},
				"east": {"uv": [4.96, 0.96, 7.04, 3.04], "texture": "#texture", "cullface": "down"},
				"south": {"uv": [4.96, 0.96, 7.04, 3.04], "texture": "#texture", "cullface": "down"},
				"west": {"uv": [4.96, 0.96, 7.04, 3.04], "texture": "#texture", "cullface": "down"},
				"down": {"uv": [4.96, 0.96, 7.04, 3.04], "texture": "#texture", "cullface": "down"}
			}
		},
		{
			"name": "Voxels-F7F7F5",
			"from": [3.25, -4.75, 7.75],
			"to": [8, -4.5, 8],
			"faces": {
				"north": {"uv": [4.96, 0.96, 7.04, 3.04], "texture": "#texture", "cullface": "down"},
				"east": {"uv": [4.96, 0.96, 7.04, 3.04], "texture": "#texture", "cullface": "down"},
				"west": {"uv": [4.96, 0.96, 7.04, 3.04], "texture": "#texture", "cullface": "down"},
				"down": {"uv": [4.96, 0.96, 7.04, 3.04], "texture": "#texture", "cullface": "down"}
			}
		},
		{
			"name": "Voxels-F7F7F5",
			"from": [3.25, -4.75, 8.25],
			"to": [8.25, -4.5, 8.5],
			"faces": {
				"east": {"uv": [4.96, 0.96, 7.04, 3.04], "texture": "#texture", "cullface": "down"},
				"south": {"uv": [4.96, 0.96, 7.04, 3.04], "texture": "#texture", "cullface": "down"},
				"west": {"uv": [4.96, 0.96, 7.04, 3.04], "texture": "#texture", "cullface": "down"},
				"down": {"uv": [4.96, 0.96, 7.04, 3.04], "texture": "#texture", "cullface": "down"}
			}
		},
		{
			"name": "Voxels-F7F7F5",
			"from": [3.25, -4.25, 7.5],
			"to": [7.75, -4, 7.75],
			"faces": {
				"north": {"uv": [4.96, 0.96, 7.04, 3.04], "texture": "#texture", "cullface": "down"},
				"east": {"uv": [4.96, 0.96, 7.04, 3.04], "texture": "#texture", "cullface": "down"},
				"west": {"uv": [4.96, 0.96, 7.04, 3.04], "texture": "#texture", "cullface": "down"},
				"up": {"uv": [4.96, 0.96, 7.04, 3.04], "texture": "#texture", "cullface": "down"},
				"down": {"uv": [4.96, 0.96, 7.04, 3.04], "texture": "#texture", "cullface": "down"}
			}
		},
		{
			"name": "Voxels-F7F7F5",
			"from": [3.25, -4.25, 8.5],
			"to": [7.75, -4, 8.75],
			"faces": {
				"east": {"uv": [4.96, 0.96, 7.04, 3.04], "texture": "#texture", "cullface": "down"},
				"south": {"uv": [4.96, 0.96, 7.04, 3.04], "texture": "#texture", "cullface": "down"},
				"west": {"uv": [4.96, 0.96, 7.04, 3.04], "texture": "#texture", "cullface": "down"},
				"up": {"uv": [4.96, 0.96, 7.04, 3.04], "texture": "#texture", "cullface": "down"},
				"down": {"uv": [4.96, 0.96, 7.04, 3.04], "texture": "#texture", "cullface": "down"}
			}
		},
		{
			"name": "Voxels-F7F7F5",
			"from": [3.5, -5, 7.75],
			"to": [8, -4.75, 8],
			"faces": {
				"north": {"uv": [4.96, 0.96, 7.04, 3.04], "texture": "#texture", "cullface": "down"},
				"east": {"uv": [4.96, 0.96, 7.04, 3.04], "texture": "#texture", "cullface": "down"},
				"west": {"uv": [4.96, 0.96, 7.04, 3.04], "texture": "#texture", "cullface": "down"},
				"down": {"uv": [4.96, 0.96, 7.04, 3.04], "texture": "#texture", "cullface": "down"}
			}
		},
		{
			"name": "Voxels-F7F7F5",
			"from": [3.5, -5, 8.25],
			"to": [8.25, -4.75, 8.5],
			"faces": {
				"east": {"uv": [4.96, 0.96, 7.04, 3.04], "texture": "#texture", "cullface": "down"},
				"south": {"uv": [4.96, 0.96, 7.04, 3.04], "texture": "#texture", "cullface": "down"},
				"west": {"uv": [4.96, 0.96, 7.04, 3.04], "texture": "#texture", "cullface": "down"},
				"down": {"uv": [4.96, 0.96, 7.04, 3.04], "texture": "#texture", "cullface": "down"}
			}
		},
		{
			"name": "Voxels-F7F7F5",
			"from": [3.5, -4.5, 7.5],
			"to": [7.75, -4.25, 7.75],
			"faces": {
				"north": {"uv": [4.96, 0.96, 7.04, 3.04], "texture": "#texture", "cullface": "down"},
				"east": {"uv": [4.96, 0.96, 7.04, 3.04], "texture": "#texture", "cullface": "down"},
				"west": {"uv": [4.96, 0.96, 7.04, 3.04], "texture": "#texture", "cullface": "down"},
				"down": {"uv": [4.96, 0.96, 7.04, 3.04], "texture": "#texture", "cullface": "down"}
			}
		},
		{
			"name": "Voxels-F7F7F5",
			"from": [3.5, -4.5, 8.5],
			"to": [7.75, -4.25, 8.75],
			"faces": {
				"east": {"uv": [4.96, 0.96, 7.04, 3.04], "texture": "#texture", "cullface": "down"},
				"south": {"uv": [4.96, 0.96, 7.04, 3.04], "texture": "#texture", "cullface": "down"},
				"west": {"uv": [4.96, 0.96, 7.04, 3.04], "texture": "#texture", "cullface": "down"},
				"down": {"uv": [4.96, 0.96, 7.04, 3.04], "texture": "#texture", "cullface": "down"}
			}
		},
		{
			"name": "Voxels-F7F7F5",
			"from": [3.75, -4.75, 7.5],
			"to": [7.75, -4.5, 7.75],
			"faces": {
				"north": {"uv": [4.96, 0.96, 7.04, 3.04], "texture": "#texture", "cullface": "down"},
				"east": {"uv": [4.96, 0.96, 7.04, 3.04], "texture": "#texture", "cullface": "down"},
				"west": {"uv": [4.96, 0.96, 7.04, 3.04], "texture": "#texture", "cullface": "down"},
				"down": {"uv": [4.96, 0.96, 7.04, 3.04], "texture": "#texture", "cullface": "down"}
			}
		},
		{
			"name": "Voxels-F7F7F5",
			"from": [3.75, -4.75, 8.5],
			"to": [7.75, -4.5, 8.75],
			"faces": {
				"east": {"uv": [4.96, 0.96, 7.04, 3.04], "texture": "#texture", "cullface": "down"},
				"south": {"uv": [4.96, 0.96, 7.04, 3.04], "texture": "#texture", "cullface": "down"},
				"west": {"uv": [4.96, 0.96, 7.04, 3.04], "texture": "#texture", "cullface": "down"},
				"down": {"uv": [4.96, 0.96, 7.04, 3.04], "texture": "#texture", "cullface": "down"}
			}
		},
		{
			"name": "Voxels-7A7561",
			"from": [5.25, -6.5, 7.25],
			"to": [9.75, -6.25, 9],
			"faces": {
				"north": {"uv": [8.96, 0.96, 11.04, 3.04], "texture": "#texture", "cullface": "down"},
				"east": {"uv": [8.96, 0.96, 11.04, 3.04], "texture": "#texture", "cullface": "down"},
				"south": {"uv": [8.96, 0.96, 11.04, 3.04], "texture": "#texture", "cullface": "down"},
				"west": {"uv": [8.96, 0.96, 11.04, 3.04], "texture": "#texture", "cullface": "down"},
				"up": {"uv": [8.96, 0.96, 11.04, 3.04], "texture": "#texture", "cullface": "down"},
				"down": {"uv": [8.96, 0.96, 11.04, 3.04], "texture": "#texture", "cullface": "down"}
			}
		},
		{
			"name": "Voxels-7A7561",
			"from": [5.25, -6.25, 7.75],
			"to": [9.75, -6, 8.5],
			"faces": {
				"north": {"uv": [8.96, 0.96, 11.04, 3.04], "texture": "#texture", "cullface": "down"},
				"east": {"uv": [8.96, 0.96, 11.04, 3.04], "texture": "#texture", "cullface": "down"},
				"south": {"uv": [8.96, 0.96, 11.04, 3.04], "texture": "#texture", "cullface": "down"},
				"west": {"uv": [8.96, 0.96, 11.04, 3.04], "texture": "#texture", "cullface": "down"},
				"up": {"uv": [8.96, 0.96, 11.04, 3.04], "texture": "#texture", "cullface": "down"}
			}
		},
		{
			"name": "Voxels-060605",
			"from": [5.5, -6.75, 7.25],
			"to": [9.5, -6.5, 9],
			"faces": {
				"north": {"uv": [0.96, 4.96, 3.04, 7.04], "texture": "#texture", "cullface": "down"},
				"east": {"uv": [0.96, 4.96, 3.04, 7.04], "texture": "#texture", "cullface": "down"},
				"south": {"uv": [0.96, 4.96, 3.04, 7.04], "texture": "#texture", "cullface": "down"},
				"west": {"uv": [0.96, 4.96, 3.04, 7.04], "texture": "#texture", "cullface": "down"},
				"down": {"uv": [0.96, 4.96, 3.04, 7.04], "texture": "#texture", "cullface": "down"}
			}
		},
		{
			"name": "Voxels-7A7561",
			"from": [5.5, -6.5, 7],
			"to": [9.5, -6.25, 7.25],
			"faces": {
				"north": {"uv": [8.96, 0.96, 11.04, 3.04], "texture": "#texture", "cullface": "down"},
				"east": {"uv": [8.96, 0.96, 11.04, 3.04], "texture": "#texture", "cullface": "down"},
				"west": {"uv": [8.96, 0.96, 11.04, 3.04], "texture": "#texture", "cullface": "down"},
				"up": {"uv": [8.96, 0.96, 11.04, 3.04], "texture": "#texture", "cullface": "down"},
				"down": {"uv": [8.96, 0.96, 11.04, 3.04], "texture": "#texture", "cullface": "down"}
			}
		},
		{
			"name": "Voxels-7A7561",
			"from": [5.5, -6.5, 9],
			"to": [9.5, -6.25, 9.25],
			"faces": {
				"east": {"uv": [8.96, 0.96, 11.04, 3.04], "texture": "#texture", "cullface": "down"},
				"south": {"uv": [8.96, 0.96, 11.04, 3.04], "texture": "#texture", "cullface": "down"},
				"west": {"uv": [8.96, 0.96, 11.04, 3.04], "texture": "#texture", "cullface": "down"},
				"up": {"uv": [8.96, 0.96, 11.04, 3.04], "texture": "#texture", "cullface": "down"},
				"down": {"uv": [8.96, 0.96, 11.04, 3.04], "texture": "#texture", "cullface": "down"}
			}
		},
		{
			"name": "Voxels-7A7561",
			"from": [5.5, -6.25, 7.25],
			"to": [9.5, -6, 7.75],
			"faces": {
				"north": {"uv": [8.96, 0.96, 11.04, 3.04], "texture": "#texture", "cullface": "down"},
				"east": {"uv": [8.96, 0.96, 11.04, 3.04], "texture": "#texture", "cullface": "down"},
				"west": {"uv": [8.96, 0.96, 11.04, 3.04], "texture": "#texture", "cullface": "down"},
				"up": {"uv": [8.96, 0.96, 11.04, 3.04], "texture": "#texture", "cullface": "down"}
			}
		},
		{
			"name": "Voxels-7A7561",
			"from": [5.5, -6.25, 8.5],
			"to": [9.5, -6, 9],
			"faces": {
				"east": {"uv": [8.96, 0.96, 11.04, 3.04], "texture": "#texture", "cullface": "down"},
				"south": {"uv": [8.96, 0.96, 11.04, 3.04], "texture": "#texture", "cullface": "down"},
				"west": {"uv": [8.96, 0.96, 11.04, 3.04], "texture": "#texture", "cullface": "down"},
				"up": {"uv": [8.96, 0.96, 11.04, 3.04], "texture": "#texture", "cullface": "down"}
			}
		},
		{
			"name": "Voxels-7A7561",
			"from": [5.75, -7.25, 7.25],
			"to": [9.25, -6.75, 7.5],
			"faces": {
				"north": {"uv": [8.96, 0.96, 11.04, 3.04], "texture": "#texture", "cullface": "down"},
				"east": {"uv": [8.96, 0.96, 11.04, 3.04], "texture": "#texture", "cullface": "down"},
				"south": {"uv": [8.96, 0.96, 11.04, 3.04], "texture": "#texture", "cullface": "down"},
				"west": {"uv": [8.96, 0.96, 11.04, 3.04], "texture": "#texture", "cullface": "down"},
				"down": {"uv": [8.96, 0.96, 11.04, 3.04], "texture": "#texture", "cullface": "down"}
			}
		},
		{
			"name": "Voxels-6C5031",
			"from": [5.75, -7.25, 7.5],
			"to": [6.75, -7, 7.75],
			"faces": {
				"south": {"uv": [12.96, 0.96, 15.04, 3.04], "texture": "#texture", "cullface": "down"},
				"west": {"uv": [12.96, 0.96, 15.04, 3.04], "texture": "#texture", "cullface": "down"},
				"down": {"uv": [12.96, 0.96, 15.04, 3.04], "texture": "#texture", "cullface": "down"}
			}
		},
		{
			"name": "Voxels-6C5031",
			"from": [5.75, -7.25, 7.75],
			"to": [6, -7, 8.75],
			"faces": {
				"east": {"uv": [12.96, 0.96, 15.04, 3.04], "texture": "#texture", "cullface": "down"},
				"west": {"uv": [12.96, 0.96, 15.04, 3.04], "texture": "#texture", "cullface": "down"},
				"down": {"uv": [12.96, 0.96, 15.04, 3.04], "texture": "#texture", "cullface": "down"}
			}
		},
		{
			"name": "Voxels-7A7561",
			"from": [5.75, -7.25, 8.75],
			"to": [9.25, -6.75, 9],
			"faces": {
				"north": {"uv": [8.96, 0.96, 11.04, 3.04], "texture": "#texture", "cullface": "down"},
				"east": {"uv": [8.96, 0.96, 11.04, 3.04], "texture": "#texture", "cullface": "down"},
				"south": {"uv": [8.96, 0.96, 11.04, 3.04], "texture": "#texture", "cullface": "down"},
				"west": {"uv": [8.96, 0.96, 11.04, 3.04], "texture": "#texture", "cullface": "down"},
				"down": {"uv": [8.96, 0.96, 11.04, 3.04], "texture": "#texture", "cullface": "down"}
			}
		},
		{
			"name": "Voxels-7A7561",
			"from": [5.75, -7, 7.5],
			"to": [9.25, -6.75, 8.75],
			"faces": {
				"east": {"uv": [8.96, 0.96, 11.04, 3.04], "texture": "#texture", "cullface": "down"},
				"west": {"uv": [8.96, 0.96, 11.04, 3.04], "texture": "#texture", "cullface": "down"},
				"down": {"uv": [8.96, 0.96, 11.04, 3.04], "texture": "#texture", "cullface": "down"}
			}
		},
		{
			"name": "Voxels-060605",
			"from": [5.75, -6.75, 7],
			"to": [9.25, -6.5, 7.25],
			"faces": {
				"north": {"uv": [0.96, 4.96, 3.04, 7.04], "texture": "#texture", "cullface": "down"},
				"east": {"uv": [0.96, 4.96, 3.04, 7.04], "texture": "#texture", "cullface": "down"},
				"west": {"uv": [0.96, 4.96, 3.04, 7.04], "texture": "#texture", "cullface": "down"},
				"down": {"uv": [0.96, 4.96, 3.04, 7.04], "texture": "#texture", "cullface": "down"}
			}
		},
		{
			"name": "Voxels-060605",
			"from": [5.75, -6.75, 9],
			"to": [9.25, -6.5, 9.25],
			"faces": {
				"east": {"uv": [0.96, 4.96, 3.04, 7.04], "texture": "#texture", "cullface": "down"},
				"south": {"uv": [0.96, 4.96, 3.04, 7.04], "texture": "#texture", "cullface": "down"},
				"west": {"uv": [0.96, 4.96, 3.04, 7.04], "texture": "#texture", "cullface": "down"},
				"down": {"uv": [0.96, 4.96, 3.04, 7.04], "texture": "#texture", "cullface": "down"}
			}
		},
		{
			"name": "Voxels-7A7561",
			"from": [5.75, -6.5, 6.75],
			"to": [9.25, -6.25, 7],
			"faces": {
				"north": {"uv": [8.96, 0.96, 11.04, 3.04], "texture": "#texture", "cullface": "down"},
				"east": {"uv": [8.96, 0.96, 11.04, 3.04], "texture": "#texture", "cullface": "down"},
				"west": {"uv": [8.96, 0.96, 11.04, 3.04], "texture": "#texture", "cullface": "down"},
				"up": {"uv": [8.96, 0.96, 11.04, 3.04], "texture": "#texture", "cullface": "down"},
				"down": {"uv": [8.96, 0.96, 11.04, 3.04], "texture": "#texture", "cullface": "down"}
			}
		},
		{
			"name": "Voxels-7A7561",
			"from": [5.75, -6.5, 9.25],
			"to": [9.25, -6.25, 9.5],
			"faces": {
				"east": {"uv": [8.96, 0.96, 11.04, 3.04], "texture": "#texture", "cullface": "down"},
				"south": {"uv": [8.96, 0.96, 11.04, 3.04], "texture": "#texture", "cullface": "down"},
				"west": {"uv": [8.96, 0.96, 11.04, 3.04], "texture": "#texture", "cullface": "down"},
				"up": {"uv": [8.96, 0.96, 11.04, 3.04], "texture": "#texture", "cullface": "down"},
				"down": {"uv": [8.96, 0.96, 11.04, 3.04], "texture": "#texture", "cullface": "down"}
			}
		},
		{
			"name": "Voxels-7A7561",
			"from": [5.75, -6.25, 7],
			"to": [9.25, -6, 7.25],
			"faces": {
				"north": {"uv": [8.96, 0.96, 11.04, 3.04], "texture": "#texture", "cullface": "down"},
				"east": {"uv": [8.96, 0.96, 11.04, 3.04], "texture": "#texture", "cullface": "down"},
				"west": {"uv": [8.96, 0.96, 11.04, 3.04], "texture": "#texture", "cullface": "down"},
				"up": {"uv": [8.96, 0.96, 11.04, 3.04], "texture": "#texture", "cullface": "down"}
			}
		},
		{
			"name": "Voxels-7A7561",
			"from": [5.75, -6.25, 9],
			"to": [9.25, -6, 9.25],
			"faces": {
				"east": {"uv": [8.96, 0.96, 11.04, 3.04], "texture": "#texture", "cullface": "down"},
				"south": {"uv": [8.96, 0.96, 11.04, 3.04], "texture": "#texture", "cullface": "down"},
				"west": {"uv": [8.96, 0.96, 11.04, 3.04], "texture": "#texture", "cullface": "down"},
				"up": {"uv": [8.96, 0.96, 11.04, 3.04], "texture": "#texture", "cullface": "down"}
			}
		},
		{
			"name": "Voxels-7A7561",
			"from": [6, -7.25, 7.75],
			"to": [6.5, -7, 8],
			"faces": {
				"south": {"uv": [8.96, 0.96, 11.04, 3.04], "texture": "#texture", "cullface": "down"},
				"down": {"uv": [8.96, 0.96, 11.04, 3.04], "texture": "#texture", "cullface": "down"}
			}
		},
		{
			"name": "Voxels-7A7561",
			"from": [6, -7.25, 8],
			"to": [6.25, -7, 8.5],
			"faces": {
				"east": {"uv": [8.96, 0.96, 11.04, 3.04], "texture": "#texture", "cullface": "down"},
				"down": {"uv": [8.96, 0.96, 11.04, 3.04], "texture": "#texture", "cullface": "down"}
			}
		},
		{
			"name": "Voxels-6C5031",
			"from": [6, -7.25, 8.5],
			"to": [6.75, -7, 8.75],
			"faces": {
				"north": {"uv": [12.96, 0.96, 15.04, 3.04], "texture": "#texture", "cullface": "down"},
				"down": {"uv": [12.96, 0.96, 15.04, 3.04], "texture": "#texture", "cullface": "down"}
			}
		},
		{
			"name": "Voxels-7A7561",
			"from": [6.25, -7.25, 7],
			"to": [8.75, -6.75, 7.25],
			"faces": {
				"north": {"uv": [8.96, 0.96, 11.04, 3.04], "texture": "#texture", "cullface": "down"},
				"east": {"uv": [8.96, 0.96, 11.04, 3.04], "texture": "#texture", "cullface": "down"},
				"west": {"uv": [8.96, 0.96, 11.04, 3.04], "texture": "#texture", "cullface": "down"},
				"down": {"uv": [8.96, 0.96, 11.04, 3.04], "texture": "#texture", "cullface": "down"}
			}
		},
		{
			"name": "Voxels-6C5031",
			"from": [6.25, -7.25, 8],
			"to": [6.75, -7, 8.25],
			"faces": {
				"north": {"uv": [12.96, 0.96, 15.04, 3.04], "texture": "#texture", "cullface": "down"},
				"down": {"uv": [12.96, 0.96, 15.04, 3.04], "texture": "#texture", "cullface": "down"}
			}
		},
		{
			"name": "Voxels-7A7561",
			"from": [6.25, -7.25, 8.25],
			"to": [8.25, -7, 8.5],
			"faces": {
				"north": {"uv": [8.96, 0.96, 11.04, 3.04], "texture": "#texture", "cullface": "down"},
				"south": {"uv": [8.96, 0.96, 11.04, 3.04], "texture": "#texture", "cullface": "down"},
				"down": {"uv": [8.96, 0.96, 11.04, 3.04], "texture": "#texture", "cullface": "down"}
			}
		},
		{
			"name": "Voxels-7A7561",
			"from": [6.25, -7.25, 9],
			"to": [8.75, -6.75, 9.25],
			"faces": {
				"east": {"uv": [8.96, 0.96, 11.04, 3.04], "texture": "#texture", "cullface": "down"},
				"south": {"uv": [8.96, 0.96, 11.04, 3.04], "texture": "#texture", "cullface": "down"},
				"west": {"uv": [8.96, 0.96, 11.04, 3.04], "texture": "#texture", "cullface": "down"},
				"down": {"uv": [8.96, 0.96, 11.04, 3.04], "texture": "#texture", "cullface": "down"}
			}
		},
		{
			"name": "Voxels-060605",
			"from": [6.25, -6.75, 6.75],
			"to": [8.75, -6.5, 7],
			"faces": {
				"north": {"uv": [0.96, 4.96, 3.04, 7.04], "texture": "#texture", "cullface": "down"},
				"east": {"uv": [0.96, 4.96, 3.04, 7.04], "texture": "#texture", "cullface": "down"},
				"west": {"uv": [0.96, 4.96, 3.04, 7.04], "texture": "#texture", "cullface": "down"},
				"down": {"uv": [0.96, 4.96, 3.04, 7.04], "texture": "#texture", "cullface": "down"}
			}
		},
		{
			"name": "Voxels-060605",
			"from": [6.25, -6.75, 9.25],
			"to": [8.75, -6.5, 9.5],
			"faces": {
				"east": {"uv": [0.96, 4.96, 3.04, 7.04], "texture": "#texture", "cullface": "down"},
				"south": {"uv": [0.96, 4.96, 3.04, 7.04], "texture": "#texture", "cullface": "down"},
				"west": {"uv": [0.96, 4.96, 3.04, 7.04], "texture": "#texture", "cullface": "down"},
				"down": {"uv": [0.96, 4.96, 3.04, 7.04], "texture": "#texture", "cullface": "down"}
			}
		},
		{
			"name": "Voxels-7A7561",
			"from": [6.25, -6.5, 6.5],
			"to": [8.75, -6.25, 6.75],
			"faces": {
				"north": {"uv": [8.96, 0.96, 11.04, 3.04], "texture": "#texture", "cullface": "down"},
				"east": {"uv": [8.96, 0.96, 11.04, 3.04], "texture": "#texture", "cullface": "down"},
				"west": {"uv": [8.96, 0.96, 11.04, 3.04], "texture": "#texture", "cullface": "down"},
				"up": {"uv": [8.96, 0.96, 11.04, 3.04], "texture": "#texture", "cullface": "down"},
				"down": {"uv": [8.96, 0.96, 11.04, 3.04], "texture": "#texture", "cullface": "down"}
			}
		},
		{
			"name": "Voxels-7A7561",
			"from": [6.25, -6.5, 9.5],
			"to": [8.75, -6.25, 9.75],
			"faces": {
				"east": {"uv": [8.96, 0.96, 11.04, 3.04], "texture": "#texture", "cullface": "down"},
				"south": {"uv": [8.96, 0.96, 11.04, 3.04], "texture": "#texture", "cullface": "down"},
				"west": {"uv": [8.96, 0.96, 11.04, 3.04], "texture": "#texture", "cullface": "down"},
				"up": {"uv": [8.96, 0.96, 11.04, 3.04], "texture": "#texture", "cullface": "down"},
				"down": {"uv": [8.96, 0.96, 11.04, 3.04], "texture": "#texture", "cullface": "down"}
			}
		},
		{
			"name": "Voxels-7A7561",
			"from": [6.25, -6.25, 6.75],
			"to": [8.75, -6, 7],
			"faces": {
				"north": {"uv": [8.96, 0.96, 11.04, 3.04], "texture": "#texture", "cullface": "down"},
				"east": {"uv": [8.96, 0.96, 11.04, 3.04], "texture": "#texture", "cullface": "down"},
				"west": {"uv": [8.96, 0.96, 11.04, 3.04], "texture": "#texture", "cullface": "down"},
				"up": {"uv": [8.96, 0.96, 11.04, 3.04], "texture": "#texture", "cullface": "down"}
			}
		},
		{
			"name": "Voxels-7A7561",
			"from": [6.25, -6.25, 9.25],
			"to": [8.75, -6, 9.5],
			"faces": {
				"east": {"uv": [8.96, 0.96, 11.04, 3.04], "texture": "#texture", "cullface": "down"},
				"south": {"uv": [8.96, 0.96, 11.04, 3.04], "texture": "#texture", "cullface": "down"},
				"west": {"uv": [8.96, 0.96, 11.04, 3.04], "texture": "#texture", "cullface": "down"},
				"up": {"uv": [8.96, 0.96, 11.04, 3.04], "texture": "#texture", "cullface": "down"}
			}
		},
		{
			"name": "Voxels-F7F7F5",
			"from": [6.25, 9.25, 8],
			"to": [8.75, 19.75, 8.25],
			"faces": {
				"north": {"uv": [4.96, 0.96, 7.04, 3.04], "texture": "#texture", "cullface": "up"},
				"east": {"uv": [4.96, 0.96, 7.04, 3.04], "texture": "#texture", "cullface": "up"},
				"south": {"uv": [4.96, 0.96, 7.04, 3.04], "texture": "#texture", "cullface": "up"},
				"west": {"uv": [4.96, 0.96, 7.04, 3.04], "texture": "#texture", "cullface": "up"},
				"up": {"uv": [4.96, 0.96, 7.04, 3.04], "texture": "#texture", "cullface": "up"},
				"down": {"uv": [4.96, 0.96, 7.04, 3.04], "texture": "#texture", "cullface": "up"}
			}
		},
		{
			"name": "Voxels-6C5031",
			"from": [6.5, -7.25, 7.75],
			"to": [6.75, -7, 8],
			"faces": {
				"down": {"uv": [12.96, 0.96, 15.04, 3.04], "texture": "#texture", "cullface": "down"}
			}
		},
		{
			"name": "Voxels-F7F7F5",
			"from": [6.5, -5.25, 8.25],
			"to": [8.25, -5, 8.5],
			"faces": {
				"east": {"uv": [4.96, 0.96, 7.04, 3.04], "texture": "#texture", "cullface": "down"},
				"south": {"uv": [4.96, 0.96, 7.04, 3.04], "texture": "#texture", "cullface": "down"},
				"west": {"uv": [4.96, 0.96, 7.04, 3.04], "texture": "#texture", "cullface": "down"},
				"down": {"uv": [4.96, 0.96, 7.04, 3.04], "texture": "#texture", "cullface": "down"}
			}
		},
		{
			"name": "Voxels-F7F7F5",
			"from": [6.5, 1.25, 8],
			"to": [8.5, 9.25, 8.25],
			"faces": {
				"north": {"uv": [4.96, 0.96, 7.04, 3.04], "texture": "#texture"},
				"east": {"uv": [4.96, 0.96, 7.04, 3.04], "texture": "#texture"},
				"south": {"uv": [4.96, 0.96, 7.04, 3.04], "texture": "#texture"},
				"west": {"uv": [4.96, 0.96, 7.04, 3.04], "texture": "#texture"},
				"down": {"uv": [4.96, 0.96, 7.04, 3.04], "texture": "#texture"}
			}
		},
		{
			"name": "Voxels-F7F7F5",
			"from": [6.5, 19.75, 8],
			"to": [8.5, 20.5, 8.25],
			"faces": {
				"north": {"uv": [4.96, 0.96, 7.04, 3.04], "texture": "#texture", "cullface": "up"},
				"east": {"uv": [4.96, 0.96, 7.04, 3.04], "texture": "#texture", "cullface": "up"},
				"south": {"uv": [4.96, 0.96, 7.04, 3.04], "texture": "#texture", "cullface": "up"},
				"west": {"uv": [4.96, 0.96, 7.04, 3.04], "texture": "#texture", "cullface": "up"},
				"up": {"uv": [4.96, 0.96, 7.04, 3.04], "texture": "#texture", "cullface": "up"}
			}
		},
		{
			"name": "Voxels-7A7561",
			"from": [6.75, -15.75, 7.75],
			"to": [8.25, -14.5, 8.5],
			"faces": {
				"north": {"uv": [8.96, 0.96, 11.04, 3.04], "texture": "#texture", "cullface": "down"},
				"east": {"uv": [8.96, 0.96, 11.04, 3.04], "texture": "#texture", "cullface": "down"},
				"south": {"uv": [8.96, 0.96, 11.04, 3.04], "texture": "#texture", "cullface": "down"},
				"west": {"uv": [8.96, 0.96, 11.04, 3.04], "texture": "#texture", "cullface": "down"},
				"up": {"uv": [8.96, 0.96, 11.04, 3.04], "texture": "#texture", "cullface": "down"},
				"down": {"uv": [8.96, 0.96, 11.04, 3.04], "texture": "#texture", "cullface": "down"}
			}
		},
		{
			"name": "Voxels-7A7561",
			"from": [6.75, -14.25, 7.75],
			"to": [8.25, -13.25, 8.5],
			"faces": {
				"north": {"uv": [8.96, 0.96, 11.04, 3.04], "texture": "#texture", "cullface": "down"},
				"east": {"uv": [8.96, 0.96, 11.04, 3.04], "texture": "#texture", "cullface": "down"},
				"south": {"uv": [8.96, 0.96, 11.04, 3.04], "texture": "#texture", "cullface": "down"},
				"west": {"uv": [8.96, 0.96, 11.04, 3.04], "texture": "#texture", "cullface": "down"},
				"down": {"uv": [8.96, 0.96, 11.04, 3.04], "texture": "#texture", "cullface": "down"}
			}
		},
		{
			"name": "Voxels-6C5031",
			"from": [6.75, -13.25, 7.75],
			"to": [8.25, -7.75, 8.5],
			"faces": {
				"north": {"uv": [12.96, 0.96, 15.04, 3.04], "texture": "#texture", "cullface": "down"},
				"east": {"uv": [12.96, 0.96, 15.04, 3.04], "texture": "#texture", "cullface": "down"},
				"south": {"uv": [12.96, 0.96, 15.04, 3.04], "texture": "#texture", "cullface": "down"},
				"west": {"uv": [12.96, 0.96, 15.04, 3.04], "texture": "#texture", "cullface": "down"}
			}
		},
		{
			"name": "Voxels-060605",
			"from": [6.75, -7.75, 7.75],
			"to": [8.25, -7.5, 8.5],
			"faces": {
				"north": {"uv": [0.96, 4.96, 3.04, 7.04], "texture": "#texture", "cullface": "down"},
				"east": {"uv": [0.96, 4.96, 3.04, 7.04], "texture": "#texture", "cullface": "down"},
				"south": {"uv": [0.96, 4.96, 3.04, 7.04], "texture": "#texture", "cullface": "down"},
				"west": {"uv": [0.96, 4.96, 3.04, 7.04], "texture": "#texture", "cullface": "down"},
				"up": {"uv": [0.96, 4.96, 3.04, 7.04], "texture": "#texture", "cullface": "down"}
			}
		},
		{
			"name": "Voxels-7A7561",
			"from": [6.75, -7.5, 7.75],
			"to": [8.25, -7, 8.25],
			"faces": {
				"north": {"uv": [8.96, 0.96, 11.04, 3.04], "texture": "#texture", "cullface": "down"},
				"east": {"uv": [8.96, 0.96, 11.04, 3.04], "texture": "#texture", "cullface": "down"},
				"south": {"uv": [8.96, 0.96, 11.04, 3.04], "texture": "#texture", "cullface": "down"},
				"west": {"uv": [8.96, 0.96, 11.04, 3.04], "texture": "#texture", "cullface": "down"}
			}
		},
		{
			"name": "Voxels-7A7561",
			"from": [6.75, -7.5, 8.25],
			"to": [8.25, -7.25, 8.5],
			"faces": {
				"east": {"uv": [8.96, 0.96, 11.04, 3.04], "texture": "#texture", "cullface": "down"},
				"south": {"uv": [8.96, 0.96, 11.04, 3.04], "texture": "#texture", "cullface": "down"},
				"west": {"uv": [8.96, 0.96, 11.04, 3.04], "texture": "#texture", "cullface": "down"}
			}
		},
		{
			"name": "Voxels-7A7561",
			"from": [6.75, -7.25, 7.5],
			"to": [8.25, -7, 7.75],
			"faces": {
				"down": {"uv": [8.96, 0.96, 11.04, 3.04], "texture": "#texture", "cullface": "down"}
			}
		},
		{
			"name": "Voxels-7A7561",
			"from": [6.75, -7.25, 8.5],
			"to": [8.25, -7, 8.75],
			"faces": {
				"down": {"uv": [8.96, 0.96, 11.04, 3.04], "texture": "#texture", "cullface": "down"}
			}
		},
		{
			"name": "Voxels-F7F7F5",
			"from": [6.75, -6, 8],
			"to": [8.25, -5.25, 8.5],
			"faces": {
				"north": {"uv": [4.96, 0.96, 7.04, 3.04], "texture": "#texture", "cullface": "down"},
				"east": {"uv": [4.96, 0.96, 7.04, 3.04], "texture": "#texture", "cullface": "down"},
				"south": {"uv": [4.96, 0.96, 7.04, 3.04], "texture": "#texture", "cullface": "down"},
				"west": {"uv": [4.96, 0.96, 7.04, 3.04], "texture": "#texture", "cullface": "down"},
				"up": {"uv": [4.96, 0.96, 7.04, 3.04], "texture": "#texture", "cullface": "down"}
			}
		},
		{
			"name": "Voxels-F7F7F5",
			"from": [6.75, -3.75, 8.25],
			"to": [8.25, 20.25, 8.5],
			"faces": {
				"north": {"uv": [4.96, 0.96, 7.04, 3.04], "texture": "#texture", "cullface": "up"},
				"east": {"uv": [4.96, 0.96, 7.04, 3.04], "texture": "#texture", "cullface": "up"},
				"south": {"uv": [4.96, 0.96, 7.04, 3.04], "texture": "#texture", "cullface": "up"},
				"west": {"uv": [4.96, 0.96, 7.04, 3.04], "texture": "#texture", "cullface": "up"},
				"up": {"uv": [4.96, 0.96, 7.04, 3.04], "texture": "#texture", "cullface": "up"}
			}
		},
		{
			"name": "Voxels-F7F7F5",
			"from": [6.75, -3.5, 8],
			"to": [8.25, 1.25, 8.25],
			"faces": {
				"north": {"uv": [4.96, 0.96, 7.04, 3.04], "texture": "#texture", "cullface": "down"},
				"east": {"uv": [4.96, 0.96, 7.04, 3.04], "texture": "#texture", "cullface": "down"},
				"west": {"uv": [4.96, 0.96, 7.04, 3.04], "texture": "#texture", "cullface": "down"}
			}
		},
		{
			"name": "Voxels-F7F7F5",
			"from": [6.75, 9.25, 7.75],
			"to": [8.25, 20.25, 8],
			"faces": {
				"north": {"uv": [4.96, 0.96, 7.04, 3.04], "texture": "#texture", "cullface": "up"},
				"east": {"uv": [4.96, 0.96, 7.04, 3.04], "texture": "#texture", "cullface": "up"},
				"south": {"uv": [4.96, 0.96, 7.04, 3.04], "texture": "#texture", "cullface": "up"},
				"west": {"uv": [4.96, 0.96, 7.04, 3.04], "texture": "#texture", "cullface": "up"},
				"up": {"uv": [4.96, 0.96, 7.04, 3.04], "texture": "#texture", "cullface": "up"},
				"down": {"uv": [4.96, 0.96, 7.04, 3.04], "texture": "#texture", "cullface": "up"}
			}
		},
		{
			"name": "Voxels-F7F7F5",
			"from": [6.75, 20.5, 8],
			"to": [8.25, 21.25, 8.25],
			"faces": {
				"north": {"uv": [4.96, 0.96, 7.04, 3.04], "texture": "#texture", "cullface": "up"},
				"east": {"uv": [4.96, 0.96, 7.04, 3.04], "texture": "#texture", "cullface": "up"},
				"south": {"uv": [4.96, 0.96, 7.04, 3.04], "texture": "#texture", "cullface": "up"},
				"west": {"uv": [4.96, 0.96, 7.04, 3.04], "texture": "#texture", "cullface": "up"},
				"up": {"uv": [4.96, 0.96, 7.04, 3.04], "texture": "#texture", "cullface": "up"}
			}
		},
		{
			"name": "Voxels-7A7561",
			"from": [7, -16, 7.75],
			"to": [8, -15.75, 8.5],
			"faces": {
				"north": {"uv": [8.96, 0.96, 11.04, 3.04], "texture": "#texture", "cullface": "down"},
				"east": {"uv": [8.96, 0.96, 11.04, 3.04], "texture": "#texture", "cullface": "down"},
				"south": {"uv": [8.96, 0.96, 11.04, 3.04], "texture": "#texture", "cullface": "down"},
				"west": {"uv": [8.96, 0.96, 11.04, 3.04], "texture": "#texture", "cullface": "down"},
				"down": {"uv": [8.96, 0.96, 11.04, 3.04], "texture": "#texture", "cullface": "down"}
			}
		},
		{
			"name": "Voxels-7A7561",
			"from": [7, -15.75, 7.5],
			"to": [8, -14.5, 7.75],
			"faces": {
				"north": {"uv": [8.96, 0.96, 11.04, 3.04], "texture": "#texture", "cullface": "down"},
				"east": {"uv": [8.96, 0.96, 11.04, 3.04], "texture": "#texture", "cullface": "down"},
				"west": {"uv": [8.96, 0.96, 11.04, 3.04], "texture": "#texture", "cullface": "down"},
				"up": {"uv": [8.96, 0.96, 11.04, 3.04], "texture": "#texture", "cullface": "down"},
				"down": {"uv": [8.96, 0.96, 11.04, 3.04], "texture": "#texture", "cullface": "down"}
			}
		},
		{
			"name": "Voxels-7A7561",
			"from": [7, -15.75, 8.5],
			"to": [8, -14.5, 8.75],
			"faces": {
				"east": {"uv": [8.96, 0.96, 11.04, 3.04], "texture": "#texture", "cullface": "down"},
				"south": {"uv": [8.96, 0.96, 11.04, 3.04], "texture": "#texture", "cullface": "down"},
				"west": {"uv": [8.96, 0.96, 11.04, 3.04], "texture": "#texture", "cullface": "down"},
				"up": {"uv": [8.96, 0.96, 11.04, 3.04], "texture": "#texture", "cullface": "down"},
				"down": {"uv": [8.96, 0.96, 11.04, 3.04], "texture": "#texture", "cullface": "down"}
			}
		},
		{
			"name": "Voxels-7A7561",
			"from": [7, -14.5, 7.75],
			"to": [8, -14.25, 8.5],
			"faces": {
				"north": {"uv": [8.96, 0.96, 11.04, 3.04], "texture": "#texture", "cullface": "down"},
				"east": {"uv": [8.96, 0.96, 11.04, 3.04], "texture": "#texture", "cullface": "down"},
				"south": {"uv": [8.96, 0.96, 11.04, 3.04], "texture": "#texture", "cullface": "down"},
				"west": {"uv": [8.96, 0.96, 11.04, 3.04], "texture": "#texture", "cullface": "down"}
			}
		},
		{
			"name": "Voxels-7A7561",
			"from": [7, -14.25, 7.5],
			"to": [8, -13.25, 7.75],
			"faces": {
				"north": {"uv": [8.96, 0.96, 11.04, 3.04], "texture": "#texture", "cullface": "down"},
				"east": {"uv": [8.96, 0.96, 11.04, 3.04], "texture": "#texture", "cullface": "down"},
				"west": {"uv": [8.96, 0.96, 11.04, 3.04], "texture": "#texture", "cullface": "down"},
				"down": {"uv": [8.96, 0.96, 11.04, 3.04], "texture": "#texture", "cullface": "down"}
			}
		},
		{
			"name": "Voxels-7A7561",
			"from": [7, -14.25, 8.5],
			"to": [8, -13.25, 8.75],
			"faces": {
				"east": {"uv": [8.96, 0.96, 11.04, 3.04], "texture": "#texture", "cullface": "down"},
				"south": {"uv": [8.96, 0.96, 11.04, 3.04], "texture": "#texture", "cullface": "down"},
				"west": {"uv": [8.96, 0.96, 11.04, 3.04], "texture": "#texture", "cullface": "down"},
				"down": {"uv": [8.96, 0.96, 11.04, 3.04], "texture": "#texture", "cullface": "down"}
			}
		},
		{
			"name": "Voxels-6C5031",
			"from": [7, -13.25, 7.5],
			"to": [8, -7.75, 7.75],
			"faces": {
				"north": {"uv": [12.96, 0.96, 15.04, 3.04], "texture": "#texture", "cullface": "down"},
				"east": {"uv": [12.96, 0.96, 15.04, 3.04], "texture": "#texture", "cullface": "down"},
				"west": {"uv": [12.96, 0.96, 15.04, 3.04], "texture": "#texture", "cullface": "down"}
			}
		},
		{
			"name": "Voxels-6C5031",
			"from": [7, -13.25, 8.5],
			"to": [8, -7.75, 8.75],
			"faces": {
				"east": {"uv": [12.96, 0.96, 15.04, 3.04], "texture": "#texture", "cullface": "down"},
				"south": {"uv": [12.96, 0.96, 15.04, 3.04], "texture": "#texture", "cullface": "down"},
				"west": {"uv": [12.96, 0.96, 15.04, 3.04], "texture": "#texture", "cullface": "down"}
			}
		},
		{
			"name": "Voxels-060605",
			"from": [7, -7.75, 7.5],
			"to": [8, -7.5, 7.75],
			"faces": {
				"north": {"uv": [0.96, 4.96, 3.04, 7.04], "texture": "#texture", "cullface": "down"},
				"east": {"uv": [0.96, 4.96, 3.04, 7.04], "texture": "#texture", "cullface": "down"},
				"west": {"uv": [0.96, 4.96, 3.04, 7.04], "texture": "#texture", "cullface": "down"}
			}
		},
		{
			"name": "Voxels-060605",
			"from": [7, -7.75, 8.5],
			"to": [8, -7.5, 8.75],
			"faces": {
				"east": {"uv": [0.96, 4.96, 3.04, 7.04], "texture": "#texture", "cullface": "down"},
				"south": {"uv": [0.96, 4.96, 3.04, 7.04], "texture": "#texture", "cullface": "down"},
				"west": {"uv": [0.96, 4.96, 3.04, 7.04], "texture": "#texture", "cullface": "down"}
			}
		},
		{
			"name": "Voxels-7A7561",
			"from": [7, -7.5, 7.5],
			"to": [8, -7.25, 7.75],
			"faces": {
				"north": {"uv": [8.96, 0.96, 11.04, 3.04], "texture": "#texture", "cullface": "down"},
				"east": {"uv": [8.96, 0.96, 11.04, 3.04], "texture": "#texture", "cullface": "down"},
				"west": {"uv": [8.96, 0.96, 11.04, 3.04], "texture": "#texture", "cullface": "down"}
			}
		},
		{
			"name": "Voxels-7A7561",
			"from": [7, -7.5, 8.5],
			"to": [8, -7.25, 8.75],
			"faces": {
				"east": {"uv": [8.96, 0.96, 11.04, 3.04], "texture": "#texture", "cullface": "down"},
				"south": {"uv": [8.96, 0.96, 11.04, 3.04], "texture": "#texture", "cullface": "down"},
				"west": {"uv": [8.96, 0.96, 11.04, 3.04], "texture": "#texture", "cullface": "down"}
			}
		},
		{
			"name": "Voxels-7A7561",
			"from": [7, -7.25, 6.75],
			"to": [8, -6.75, 7],
			"faces": {
				"north": {"uv": [8.96, 0.96, 11.04, 3.04], "texture": "#texture", "cullface": "down"},
				"east": {"uv": [8.96, 0.96, 11.04, 3.04], "texture": "#texture", "cullface": "down"},
				"west": {"uv": [8.96, 0.96, 11.04, 3.04], "texture": "#texture", "cullface": "down"},
				"down": {"uv": [8.96, 0.96, 11.04, 3.04], "texture": "#texture", "cullface": "down"}
			}
		},
		{
			"name": "Voxels-7A7561",
			"from": [7, -6.25, 6.5],
			"to": [8, -6, 6.75],
			"faces": {
				"north": {"uv": [8.96, 0.96, 11.04, 3.04], "texture": "#texture", "cullface": "down"},
				"east": {"uv": [8.96, 0.96, 11.04, 3.04], "texture": "#texture", "cullface": "down"},
				"west": {"uv": [8.96, 0.96, 11.04, 3.04], "texture": "#texture", "cullface": "down"},
				"up": {"uv": [8.96, 0.96, 11.04, 3.04], "texture": "#texture", "cullface": "down"}
			}
		},
		{
			"name": "Voxels-7A7561",
			"from": [7, -6.25, 9.5],
			"to": [8, -6, 9.75],
			"faces": {
				"east": {"uv": [8.96, 0.96, 11.04, 3.04], "texture": "#texture", "cullface": "down"},
				"south": {"uv": [8.96, 0.96, 11.04, 3.04], "texture": "#texture", "cullface": "down"},
				"west": {"uv": [8.96, 0.96, 11.04, 3.04], "texture": "#texture", "cullface": "down"},
				"up": {"uv": [8.96, 0.96, 11.04, 3.04], "texture": "#texture", "cullface": "down"}
			}
		},
		{
			"name": "Voxels-F7F7F5",
			"from": [7, -6, 7.75],
			"to": [8, -5, 8],
			"faces": {
				"north": {"uv": [4.96, 0.96, 7.04, 3.04], "texture": "#texture", "cullface": "down"},
				"east": {"uv": [4.96, 0.96, 7.04, 3.04], "texture": "#texture", "cullface": "down"},
				"south": {"uv": [4.96, 0.96, 7.04, 3.04], "texture": "#texture", "cullface": "down"},
				"west": {"uv": [4.96, 0.96, 7.04, 3.04], "texture": "#texture", "cullface": "down"}
			}
		},
		{
			"name": "Voxels-F7F7F5",
			"from": [7, -3.75, 7.75],
			"to": [8, 9.25, 8],
			"faces": {
				"north": {"uv": [4.96, 0.96, 7.04, 3.04], "texture": "#texture", "cullface": "down"},
				"east": {"uv": [4.96, 0.96, 7.04, 3.04], "texture": "#texture", "cullface": "down"},
				"south": {"uv": [4.96, 0.96, 7.04, 3.04], "texture": "#texture", "cullface": "down"},
				"west": {"uv": [4.96, 0.96, 7.04, 3.04], "texture": "#texture", "cullface": "down"}
			}
		},
		{
			"name": "Voxels-F7F7F5",
			"from": [7, 20.25, 7.75],
			"to": [8, 21, 8],
			"faces": {
				"north": {"uv": [4.96, 0.96, 7.04, 3.04], "texture": "#texture", "cullface": "up"},
				"east": {"uv": [4.96, 0.96, 7.04, 3.04], "texture": "#texture", "cullface": "up"},
				"south": {"uv": [4.96, 0.96, 7.04, 3.04], "texture": "#texture", "cullface": "up"},
				"west": {"uv": [4.96, 0.96, 7.04, 3.04], "texture": "#texture", "cullface": "up"},
				"up": {"uv": [4.96, 0.96, 7.04, 3.04], "texture": "#texture", "cullface": "up"}
			}
		},
		{
			"name": "Voxels-F7F7F5",
			"from": [7, 20.25, 8.25],
			"to": [8, 21, 8.5],
			"faces": {
				"north": {"uv": [4.96, 0.96, 7.04, 3.04], "texture": "#texture", "cullface": "up"},
				"east": {"uv": [4.96, 0.96, 7.04, 3.04], "texture": "#texture", "cullface": "up"},
				"south": {"uv": [4.96, 0.96, 7.04, 3.04], "texture": "#texture", "cullface": "up"},
				"west": {"uv": [4.96, 0.96, 7.04, 3.04], "texture": "#texture", "cullface": "up"},
				"up": {"uv": [4.96, 0.96, 7.04, 3.04], "texture": "#texture", "cullface": "up"}
			}
		},
		{
			"name": "Voxels-F7F7F5",
			"from": [7, 21.25, 8],
			"to": [8, 22, 8.25],
			"faces": {
				"north": {"uv": [4.96, 0.96, 7.04, 3.04], "texture": "#texture", "cullface": "up"},
				"east": {"uv": [4.96, 0.96, 7.04, 3.04], "texture": "#texture", "cullface": "up"},
				"south": {"uv": [4.96, 0.96, 7.04, 3.04], "texture": "#texture", "cullface": "up"},
				"west": {"uv": [4.96, 0.96, 7.04, 3.04], "texture": "#texture", "cullface": "up"},
				"up": {"uv": [4.96, 0.96, 7.04, 3.04], "texture": "#texture", "cullface": "up"}
			}
		},
		{
			"name": "Voxels-7A7561",
			"from": [7.25, -16, 7.5],
			"to": [7.75, -15.75, 7.75],
			"faces": {
				"north": {"uv": [8.96, 0.96, 11.04, 3.04], "texture": "#texture", "cullface": "down"},
				"east": {"uv": [8.96, 0.96, 11.04, 3.04], "texture": "#texture", "cullface": "down"},
				"west": {"uv": [8.96, 0.96, 11.04, 3.04], "texture": "#texture", "cullface": "down"},
				"down": {"uv": [8.96, 0.96, 11.04, 3.04], "texture": "#texture", "cullface": "down"}
			}
		},
		{
			"name": "Voxels-7A7561",
			"from": [7.25, -16, 8.5],
			"to": [7.75, -15.75, 8.75],
			"faces": {
				"east": {"uv": [8.96, 0.96, 11.04, 3.04], "texture": "#texture", "cullface": "down"},
				"south": {"uv": [8.96, 0.96, 11.04, 3.04], "texture": "#texture", "cullface": "down"},
				"west": {"uv": [8.96, 0.96, 11.04, 3.04], "texture": "#texture", "cullface": "down"},
				"down": {"uv": [8.96, 0.96, 11.04, 3.04], "texture": "#texture", "cullface": "down"}
			}
		},
		{
			"name": "Voxels-7A7561",
			"from": [7.25, -15.75, 7.25],
			"to": [7.75, -14.5, 7.5],
			"faces": {
				"north": {"uv": [8.96, 0.96, 11.04, 3.04], "texture": "#texture", "cullface": "down"},
				"east": {"uv": [8.96, 0.96, 11.04, 3.04], "texture": "#texture", "cullface": "down"},
				"west": {"uv": [8.96, 0.96, 11.04, 3.04], "texture": "#texture", "cullface": "down"},
				"up": {"uv": [8.96, 0.96, 11.04, 3.04], "texture": "#texture", "cullface": "down"},
				"down": {"uv": [8.96, 0.96, 11.04, 3.04], "texture": "#texture", "cullface": "down"}
			}
		},
		{
			"name": "Voxels-7A7561",
			"from": [7.25, -15.75, 8.75],
			"to": [7.75, -14.5, 9],
			"faces": {
				"east": {"uv": [8.96, 0.96, 11.04, 3.04], "texture": "#texture", "cullface": "down"},
				"south": {"uv": [8.96, 0.96, 11.04, 3.04], "texture": "#texture", "cullface": "down"},
				"west": {"uv": [8.96, 0.96, 11.04, 3.04], "texture": "#texture", "cullface": "down"},
				"up": {"uv": [8.96, 0.96, 11.04, 3.04], "texture": "#texture", "cullface": "down"},
				"down": {"uv": [8.96, 0.96, 11.04, 3.04], "texture": "#texture", "cullface": "down"}
			}
		},
		{
			"name": "Voxels-7A7561",
			"from": [7.25, -14.5, 7.5],
			"to": [7.75, -14.25, 7.75],
			"faces": {
				"north": {"uv": [8.96, 0.96, 11.04, 3.04], "texture": "#texture", "cullface": "down"},
				"east": {"uv": [8.96, 0.96, 11.04, 3.04], "texture": "#texture", "cullface": "down"},
				"west": {"uv": [8.96, 0.96, 11.04, 3.04], "texture": "#texture", "cullface": "down"}
			}
		},
		{
			"name": "Voxels-7A7561",
			"from": [7.25, -14.5, 8.5],
			"to": [7.75, -14.25, 8.75],
			"faces": {
				"east": {"uv": [8.96, 0.96, 11.04, 3.04], "texture": "#texture", "cullface": "down"},
				"south": {"uv": [8.96, 0.96, 11.04, 3.04], "texture": "#texture", "cullface": "down"},
				"west": {"uv": [8.96, 0.96, 11.04, 3.04], "texture": "#texture", "cullface": "down"}
			}
		},
		{
			"name": "Voxels-7A7561",
			"from": [7.25, -14.25, 7.25],
			"to": [7.75, -13.25, 7.5],
			"faces": {
				"north": {"uv": [8.96, 0.96, 11.04, 3.04], "texture": "#texture", "cullface": "down"},
				"east": {"uv": [8.96, 0.96, 11.04, 3.04], "texture": "#texture", "cullface": "down"},
				"west": {"uv": [8.96, 0.96, 11.04, 3.04], "texture": "#texture", "cullface": "down"},
				"down": {"uv": [8.96, 0.96, 11.04, 3.04], "texture": "#texture", "cullface": "down"}
			}
		},
		{
			"name": "Voxels-7A7561",
			"from": [7.25, -14.25, 8.75],
			"to": [7.75, -13.25, 9],
			"faces": {
				"east": {"uv": [8.96, 0.96, 11.04, 3.04], "texture": "#texture", "cullface": "down"},
				"south": {"uv": [8.96, 0.96, 11.04, 3.04], "texture": "#texture", "cullface": "down"},
				"west": {"uv": [8.96, 0.96, 11.04, 3.04], "texture": "#texture", "cullface": "down"},
				"down": {"uv": [8.96, 0.96, 11.04, 3.04], "texture": "#texture", "cullface": "down"}
			}
		},
		{
			"name": "Voxels-6C5031",
			"from": [7.25, -13.25, 7.25],
			"to": [7.75, -7.75, 7.5],
			"faces": {
				"north": {"uv": [12.96, 0.96, 15.04, 3.04], "texture": "#texture", "cullface": "down"},
				"east": {"uv": [12.96, 0.96, 15.04, 3.04], "texture": "#texture", "cullface": "down"},
				"west": {"uv": [12.96, 0.96, 15.04, 3.04], "texture": "#texture", "cullface": "down"}
			}
		},
		{
			"name": "Voxels-6C5031",
			"from": [7.25, -13.25, 8.75],
			"to": [7.75, -7.75, 9],
			"faces": {
				"east": {"uv": [12.96, 0.96, 15.04, 3.04], "texture": "#texture", "cullface": "down"},
				"south": {"uv": [12.96, 0.96, 15.04, 3.04], "texture": "#texture", "cullface": "down"},
				"west": {"uv": [12.96, 0.96, 15.04, 3.04], "texture": "#texture", "cullface": "down"}
			}
		},
		{
			"name": "Voxels-060605",
			"from": [7.25, -7.75, 7.25],
			"to": [7.75, -7.5, 7.5],
			"faces": {
				"north": {"uv": [0.96, 4.96, 3.04, 7.04], "texture": "#texture", "cullface": "down"},
				"east": {"uv": [0.96, 4.96, 3.04, 7.04], "texture": "#texture", "cullface": "down"},
				"west": {"uv": [0.96, 4.96, 3.04, 7.04], "texture": "#texture", "cullface": "down"}
			}
		},
		{
			"name": "Voxels-060605",
			"from": [7.25, -7.75, 8.75],
			"to": [7.75, -7.5, 9],
			"faces": {
				"east": {"uv": [0.96, 4.96, 3.04, 7.04], "texture": "#texture", "cullface": "down"},
				"south": {"uv": [0.96, 4.96, 3.04, 7.04], "texture": "#texture", "cullface": "down"},
				"west": {"uv": [0.96, 4.96, 3.04, 7.04], "texture": "#texture", "cullface": "down"}
			}
		},
		{
			"name": "Voxels-7A7561",
			"from": [7.25, -7.5, 7.25],
			"to": [7.75, -7.25, 7.5],
			"faces": {
				"north": {"uv": [8.96, 0.96, 11.04, 3.04], "texture": "#texture", "cullface": "down"},
				"east": {"uv": [8.96, 0.96, 11.04, 3.04], "texture": "#texture", "cullface": "down"},
				"west": {"uv": [8.96, 0.96, 11.04, 3.04], "texture": "#texture", "cullface": "down"}
			}
		},
		{
			"name": "Voxels-7A7561",
			"from": [7.25, -7.5, 8.75],
			"to": [7.75, -7.25, 9],
			"faces": {
				"east": {"uv": [8.96, 0.96, 11.04, 3.04], "texture": "#texture", "cullface": "down"},
				"south": {"uv": [8.96, 0.96, 11.04, 3.04], "texture": "#texture", "cullface": "down"},
				"west": {"uv": [8.96, 0.96, 11.04, 3.04], "texture": "#texture", "cullface": "down"}
			}
		},
		{
			"name": "Voxels-F7F7F5",
			"from": [7.25, -6, 7.5],
			"to": [7.75, -4.75, 7.75],
			"faces": {
				"north": {"uv": [4.96, 0.96, 7.04, 3.04], "texture": "#texture", "cullface": "down"},
				"east": {"uv": [4.96, 0.96, 7.04, 3.04], "texture": "#texture", "cullface": "down"},
				"south": {"uv": [4.96, 0.96, 7.04, 3.04], "texture": "#texture", "cullface": "down"},
				"west": {"uv": [4.96, 0.96, 7.04, 3.04], "texture": "#texture", "cullface": "down"}
			}
		},
		{
			"name": "Voxels-F7F7F5",
			"from": [7.25, -6, 8.5],
			"to": [7.75, -4.75, 8.75],
			"faces": {
				"north": {"uv": [4.96, 0.96, 7.04, 3.04], "texture": "#texture", "cullface": "down"},
				"east": {"uv": [4.96, 0.96, 7.04, 3.04], "texture": "#texture", "cullface": "down"},
				"south": {"uv": [4.96, 0.96, 7.04, 3.04], "texture": "#texture", "cullface": "down"},
				"west": {"uv": [4.96, 0.96, 7.04, 3.04], "texture": "#texture", "cullface": "down"}
			}
		},
		{
			"name": "Voxels-F7F7F5",
			"from": [7.25, -4, 7.5],
			"to": [7.75, 20.75, 7.75],
			"faces": {
				"north": {"uv": [4.96, 0.96, 7.04, 3.04], "texture": "#texture", "cullface": "up"},
				"east": {"uv": [4.96, 0.96, 7.04, 3.04], "texture": "#texture", "cullface": "up"},
				"south": {"uv": [4.96, 0.96, 7.04, 3.04], "texture": "#texture", "cullface": "up"},
				"west": {"uv": [4.96, 0.96, 7.04, 3.04], "texture": "#texture", "cullface": "up"},
				"up": {"uv": [4.96, 0.96, 7.04, 3.04], "texture": "#texture", "cullface": "up"}
			}
		},
		{
			"name": "Voxels-F7F7F5",
			"from": [7.25, -4, 8.5],
			"to": [7.75, 20.75, 8.75],
			"faces": {
				"north": {"uv": [4.96, 0.96, 7.04, 3.04], "texture": "#texture", "cullface": "up"},
				"east": {"uv": [4.96, 0.96, 7.04, 3.04], "texture": "#texture", "cullface": "up"},
				"south": {"uv": [4.96, 0.96, 7.04, 3.04], "texture": "#texture", "cullface": "up"},
				"west": {"uv": [4.96, 0.96, 7.04, 3.04], "texture": "#texture", "cullface": "up"},
				"up": {"uv": [4.96, 0.96, 7.04, 3.04], "texture": "#texture", "cullface": "up"}
			}
		},
		{
			"name": "Voxels-F7F7F5",
			"from": [7.25, 21, 7.75],
			"to": [7.75, 21.75, 8],
			"faces": {
				"north": {"uv": [4.96, 0.96, 7.04, 3.04], "texture": "#texture", "cullface": "up"},
				"east": {"uv": [4.96, 0.96, 7.04, 3.04], "texture": "#texture", "cullface": "up"},
				"south": {"uv": [4.96, 0.96, 7.04, 3.04], "texture": "#texture", "cullface": "up"},
				"west": {"uv": [4.96, 0.96, 7.04, 3.04], "texture": "#texture", "cullface": "up"},
				"up": {"uv": [4.96, 0.96, 7.04, 3.04], "texture": "#texture", "cullface": "up"}
			}
		},
		{
			"name": "Voxels-F7F7F5",
			"from": [7.25, 21, 8.25],
			"to": [7.75, 21.75, 8.5],
			"faces": {
				"north": {"uv": [4.96, 0.96, 7.04, 3.04], "texture": "#texture", "cullface": "up"},
				"east": {"uv": [4.96, 0.96, 7.04, 3.04], "texture": "#texture", "cullface": "up"},
				"south": {"uv": [4.96, 0.96, 7.04, 3.04], "texture": "#texture", "cullface": "up"},
				"west": {"uv": [4.96, 0.96, 7.04, 3.04], "texture": "#texture", "cullface": "up"},
				"up": {"uv": [4.96, 0.96, 7.04, 3.04], "texture": "#texture", "cullface": "up"}
			}
		},
		{
			"name": "Voxels-F7F7F5",
			"from": [7.25, 22, 8],
			"to": [7.75, 22.75, 8.25],
			"faces": {
				"north": {"uv": [4.96, 0.96, 7.04, 3.04], "texture": "#texture", "cullface": "up"},
				"east": {"uv": [4.96, 0.96, 7.04, 3.04], "texture": "#texture", "cullface": "up"},
				"south": {"uv": [4.96, 0.96, 7.04, 3.04], "texture": "#texture", "cullface": "up"},
				"west": {"uv": [4.96, 0.96, 7.04, 3.04], "texture": "#texture", "cullface": "up"},
				"up": {"uv": [4.96, 0.96, 7.04, 3.04], "texture": "#texture", "cullface": "up"}
			}
		},
		{
			"name": "Voxels-F7F7F5",
			"from": [7.75, 14.25, 7.5],
			"to": [11.25, 15, 7.75],
			"faces": {
				"north": {"uv": [4.96, 0.96, 7.04, 3.04], "texture": "#texture"},
				"east": {"uv": [4.96, 0.96, 7.04, 3.04], "texture": "#texture"},
				"south": {"uv": [4.96, 0.96, 7.04, 3.04], "texture": "#texture"},
				"up": {"uv": [4.96, 0.96, 7.04, 3.04], "texture": "#texture"},
				"down": {"uv": [4.96, 0.96, 7.04, 3.04], "texture": "#texture"}
			}
		},
		{
			"name": "Voxels-F7F7F5",
			"from": [7.75, 14.25, 8.5],
			"to": [11.25, 15, 8.75],
			"faces": {
				"north": {"uv": [4.96, 0.96, 7.04, 3.04], "texture": "#texture"},
				"east": {"uv": [4.96, 0.96, 7.04, 3.04], "texture": "#texture"},
				"south": {"uv": [4.96, 0.96, 7.04, 3.04], "texture": "#texture"},
				"up": {"uv": [4.96, 0.96, 7.04, 3.04], "texture": "#texture"},
				"down": {"uv": [4.96, 0.96, 7.04, 3.04], "texture": "#texture"}
			}
		},
		{
			"name": "Voxels-6C5031",
			"from": [8.25, -7.25, 7.5],
			"to": [9.25, -7, 7.75],
			"faces": {
				"east": {"uv": [12.96, 0.96, 15.04, 3.04], "texture": "#texture", "cullface": "down"},
				"south": {"uv": [12.96, 0.96, 15.04, 3.04], "texture": "#texture", "cullface": "down"},
				"down": {"uv": [12.96, 0.96, 15.04, 3.04], "texture": "#texture", "cullface": "down"}
			}
		},
		{
			"name": "Voxels-7A7561",
			"from": [8.25, -7.25, 7.75],
			"to": [9, -7, 8],
			"faces": {
				"down": {"uv": [8.96, 0.96, 11.04, 3.04], "texture": "#texture", "cullface": "down"}
			}
		},
		{
			"name": "Voxels-6C5031",
			"from": [8.25, -7.25, 8],
			"to": [9.25, -7, 8.25],
			"faces": {
				"north": {"uv": [12.96, 0.96, 15.04, 3.04], "texture": "#texture", "cullface": "down"},
				"east": {"uv": [12.96, 0.96, 15.04, 3.04], "texture": "#texture", "cullface": "down"},
				"south": {"uv": [12.96, 0.96, 15.04, 3.04], "texture": "#texture", "cullface": "down"},
				"down": {"uv": [12.96, 0.96, 15.04, 3.04], "texture": "#texture", "cullface": "down"}
			}
		},
		{
			"name": "Voxels-6C5031",
			"from": [8.25, -7.25, 8.25],
			"to": [8.5, -7, 8.75],
			"faces": {
				"east": {"uv": [12.96, 0.96, 15.04, 3.04], "texture": "#texture", "cullface": "down"},
				"west": {"uv": [12.96, 0.96, 15.04, 3.04], "texture": "#texture", "cullface": "down"},
				"down": {"uv": [12.96, 0.96, 15.04, 3.04], "texture": "#texture", "cullface": "down"}
			}
		},
		{
			"name": "Voxels-F7F7F5",
			"from": [8.25, 14, 7.75],
			"to": [11.5, 15.25, 8],
			"faces": {
				"north": {"uv": [4.96, 0.96, 7.04, 3.04], "texture": "#texture"},
				"east": {"uv": [4.96, 0.96, 7.04, 3.04], "texture": "#texture"},
				"south": {"uv": [4.96, 0.96, 7.04, 3.04], "texture": "#texture"},
				"up": {"uv": [4.96, 0.96, 7.04, 3.04], "texture": "#texture"},
				"down": {"uv": [4.96, 0.96, 7.04, 3.04], "texture": "#texture"}
			}
		},
		{
			"name": "Voxels-F7F7F5",
			"from": [8.25, 14, 8.25],
			"to": [11.5, 15.25, 8.5],
			"faces": {
				"north": {"uv": [4.96, 0.96, 7.04, 3.04], "texture": "#texture"},
				"east": {"uv": [4.96, 0.96, 7.04, 3.04], "texture": "#texture"},
				"south": {"uv": [4.96, 0.96, 7.04, 3.04], "texture": "#texture"},
				"up": {"uv": [4.96, 0.96, 7.04, 3.04], "texture": "#texture"},
				"down": {"uv": [4.96, 0.96, 7.04, 3.04], "texture": "#texture"}
			}
		},
		{
			"name": "Voxels-7A7561",
			"from": [8.5, -7.25, 8.25],
			"to": [9.25, -7, 8.5],
			"faces": {
				"east": {"uv": [8.96, 0.96, 11.04, 3.04], "texture": "#texture", "cullface": "down"},
				"down": {"uv": [8.96, 0.96, 11.04, 3.04], "texture": "#texture", "cullface": "down"}
			}
		},
		{
			"name": "Voxels-6C5031",
			"from": [8.5, -7.25, 8.5],
			"to": [9.25, -7, 8.75],
			"faces": {
				"east": {"uv": [12.96, 0.96, 15.04, 3.04], "texture": "#texture", "cullface": "down"},
				"down": {"uv": [12.96, 0.96, 15.04, 3.04], "texture": "#texture", "cullface": "down"}
			}
		},
		{
			"name": "Voxels-F7F7F5",
			"from": [8.75, 13.75, 8],
			"to": [11.75, 15.5, 8.25],
			"faces": {
				"north": {"uv": [4.96, 0.96, 7.04, 3.04], "texture": "#texture"},
				"east": {"uv": [4.96, 0.96, 7.04, 3.04], "texture": "#texture"},
				"south": {"uv": [4.96, 0.96, 7.04, 3.04], "texture": "#texture"},
				"up": {"uv": [4.96, 0.96, 7.04, 3.04], "texture": "#texture"},
				"down": {"uv": [4.96, 0.96, 7.04, 3.04], "texture": "#texture"}
			}
		},
		{
			"name": "Voxels-6C5031",
			"from": [9, -7.25, 7.75],
			"to": [9.25, -7, 8],
			"faces": {
				"east": {"uv": [12.96, 0.96, 15.04, 3.04], "texture": "#texture", "cullface": "down"},
				"down": {"uv": [12.96, 0.96, 15.04, 3.04], "texture": "#texture", "cullface": "down"}
			}
		},
		{
			"name": "Voxels-F7F7F5",
			"from": [11.25, 14.5, 7.5],
			"to": [11.75, 15, 7.75],
			"faces": {
				"north": {"uv": [4.96, 0.96, 7.04, 3.04], "texture": "#texture"},
				"east": {"uv": [4.96, 0.96, 7.04, 3.04], "texture": "#texture"},
				"south": {"uv": [4.96, 0.96, 7.04, 3.04], "texture": "#texture"},
				"up": {"uv": [4.96, 0.96, 7.04, 3.04], "texture": "#texture"},
				"down": {"uv": [4.96, 0.96, 7.04, 3.04], "texture": "#texture"}
			}
		},
		{
			"name": "Voxels-F7F7F5",
			"from": [11.25, 14.5, 8.5],
			"to": [11.75, 15, 8.75],
			"faces": {
				"north": {"uv": [4.96, 0.96, 7.04, 3.04], "texture": "#texture"},
				"east": {"uv": [4.96, 0.96, 7.04, 3.04], "texture": "#texture"},
				"south": {"uv": [4.96, 0.96, 7.04, 3.04], "texture": "#texture"},
				"up": {"uv": [4.96, 0.96, 7.04, 3.04], "texture": "#texture"},
				"down": {"uv": [4.96, 0.96, 7.04, 3.04], "texture": "#texture"}
			}
		},
		{
			"name": "Voxels-F7F7F5",
			"from": [11.5, 14.25, 7.75],
			"to": [12, 15.25, 8],
			"faces": {
				"north": {"uv": [4.96, 0.96, 7.04, 3.04], "texture": "#texture"},
				"east": {"uv": [4.96, 0.96, 7.04, 3.04], "texture": "#texture"},
				"south": {"uv": [4.96, 0.96, 7.04, 3.04], "texture": "#texture"},
				"up": {"uv": [4.96, 0.96, 7.04, 3.04], "texture": "#texture"},
				"down": {"uv": [4.96, 0.96, 7.04, 3.04], "texture": "#texture"}
			}
		},
		{
			"name": "Voxels-F7F7F5",
			"from": [11.5, 14.25, 8.25],
			"to": [12, 15.25, 8.5],
			"faces": {
				"north": {"uv": [4.96, 0.96, 7.04, 3.04], "texture": "#texture"},
				"east": {"uv": [4.96, 0.96, 7.04, 3.04], "texture": "#texture"},
				"south": {"uv": [4.96, 0.96, 7.04, 3.04], "texture": "#texture"},
				"up": {"uv": [4.96, 0.96, 7.04, 3.04], "texture": "#texture"},
				"down": {"uv": [4.96, 0.96, 7.04, 3.04], "texture": "#texture"}
			}
		},
		{
			"name": "Voxels-F7F7F5",
			"from": [11.5, 15.5, 8],
			"to": [13.25, 15.75, 8.25],
			"faces": {
				"north": {"uv": [4.96, 0.96, 7.04, 3.04], "texture": "#texture"},
				"east": {"uv": [4.96, 0.96, 7.04, 3.04], "texture": "#texture"},
				"south": {"uv": [4.96, 0.96, 7.04, 3.04], "texture": "#texture"},
				"west": {"uv": [4.96, 0.96, 7.04, 3.04], "texture": "#texture"},
				"up": {"uv": [4.96, 0.96, 7.04, 3.04], "texture": "#texture"},
				"down": {"uv": [4.96, 0.96, 7.04, 3.04], "texture": "#texture"}
			}
		},
		{
			"name": "Voxels-F7F7F5",
			"from": [11.75, 14, 8],
			"to": [12.25, 15.5, 8.25],
			"faces": {
				"north": {"uv": [4.96, 0.96, 7.04, 3.04], "texture": "#texture"},
				"east": {"uv": [4.96, 0.96, 7.04, 3.04], "texture": "#texture"},
				"south": {"uv": [4.96, 0.96, 7.04, 3.04], "texture": "#texture"},
				"down": {"uv": [4.96, 0.96, 7.04, 3.04], "texture": "#texture"}
			}
		},
		{
			"name": "Voxels-F7F7F5",
			"from": [11.75, 14.75, 7.5],
			"to": [12, 15, 7.75],
			"faces": {
				"north": {"uv": [4.96, 0.96, 7.04, 3.04], "texture": "#texture"},
				"east": {"uv": [4.96, 0.96, 7.04, 3.04], "texture": "#texture"},
				"up": {"uv": [4.96, 0.96, 7.04, 3.04], "texture": "#texture"},
				"down": {"uv": [4.96, 0.96, 7.04, 3.04], "texture": "#texture"}
			}
		},
		{
			"name": "Voxels-F7F7F5",
			"from": [11.75, 14.75, 8.5],
			"to": [12, 15, 8.75],
			"faces": {
				"east": {"uv": [4.96, 0.96, 7.04, 3.04], "texture": "#texture"},
				"south": {"uv": [4.96, 0.96, 7.04, 3.04], "texture": "#texture"},
				"up": {"uv": [4.96, 0.96, 7.04, 3.04], "texture": "#texture"},
				"down": {"uv": [4.96, 0.96, 7.04, 3.04], "texture": "#texture"}
			}
		},
		{
			"name": "Voxels-F7F7F5",
			"from": [11.75, 15.25, 7.75],
			"to": [12.75, 15.5, 8],
			"faces": {
				"north": {"uv": [4.96, 0.96, 7.04, 3.04], "texture": "#texture"},
				"east": {"uv": [4.96, 0.96, 7.04, 3.04], "texture": "#texture"},
				"south": {"uv": [4.96, 0.96, 7.04, 3.04], "texture": "#texture"},
				"west": {"uv": [4.96, 0.96, 7.04, 3.04], "texture": "#texture"},
				"up": {"uv": [4.96, 0.96, 7.04, 3.04], "texture": "#texture"},
				"down": {"uv": [4.96, 0.96, 7.04, 3.04], "texture": "#texture"}
			}
		},
		{
			"name": "Voxels-F7F7F5",
			"from": [11.75, 15.25, 8.25],
			"to": [12.75, 15.5, 8.5],
			"faces": {
				"north": {"uv": [4.96, 0.96, 7.04, 3.04], "texture": "#texture"},
				"east": {"uv": [4.96, 0.96, 7.04, 3.04], "texture": "#texture"},
				"south": {"uv": [4.96, 0.96, 7.04, 3.04], "texture": "#texture"},
				"west": {"uv": [4.96, 0.96, 7.04, 3.04], "texture": "#texture"},
				"up": {"uv": [4.96, 0.96, 7.04, 3.04], "texture": "#texture"},
				"down": {"uv": [4.96, 0.96, 7.04, 3.04], "texture": "#texture"}
			}
		},
		{
			"name": "Voxels-F7F7F5",
			"from": [11.75, 15.75, 8],
			"to": [13.25, 16, 8.25],
			"faces": {
				"north": {"uv": [4.96, 0.96, 7.04, 3.04], "texture": "#texture"},
				"east": {"uv": [4.96, 0.96, 7.04, 3.04], "texture": "#texture"},
				"south": {"uv": [4.96, 0.96, 7.04, 3.04], "texture": "#texture"},
				"west": {"uv": [4.96, 0.96, 7.04, 3.04], "texture": "#texture"},
				"up": {"uv": [4.96, 0.96, 7.04, 3.04], "texture": "#texture", "cullface": "up"}
			}
		},
		{
			"name": "Voxels-F7F7F5",
			"from": [12, 14.5, 7.75],
			"to": [12.25, 15.25, 8],
			"faces": {
				"north": {"uv": [4.96, 0.96, 7.04, 3.04], "texture": "#texture"},
				"east": {"uv": [4.96, 0.96, 7.04, 3.04], "texture": "#texture"},
				"down": {"uv": [4.96, 0.96, 7.04, 3.04], "texture": "#texture"}
			}
		},
		{
			"name": "Voxels-F7F7F5",
			"from": [12, 14.5, 8.25],
			"to": [12.25, 15.25, 8.5],
			"faces": {
				"east": {"uv": [4.96, 0.96, 7.04, 3.04], "texture": "#texture"},
				"south": {"uv": [4.96, 0.96, 7.04, 3.04], "texture": "#texture"},
				"down": {"uv": [4.96, 0.96, 7.04, 3.04], "texture": "#texture"}
			}
		},
		{
			"name": "Voxels-F7F7F5",
			"from": [12, 15, 7.5],
			"to": [12.25, 15.25, 7.75],
			"faces": {
				"north": {"uv": [4.96, 0.96, 7.04, 3.04], "texture": "#texture"},
				"east": {"uv": [4.96, 0.96, 7.04, 3.04], "texture": "#texture"},
				"west": {"uv": [4.96, 0.96, 7.04, 3.04], "texture": "#texture"},
				"up": {"uv": [4.96, 0.96, 7.04, 3.04], "texture": "#texture"},
				"down": {"uv": [4.96, 0.96, 7.04, 3.04], "texture": "#texture"}
			}
		},
		{
			"name": "Voxels-F7F7F5",
			"from": [12, 15, 8.5],
			"to": [12.25, 15.25, 8.75],
			"faces": {
				"east": {"uv": [4.96, 0.96, 7.04, 3.04], "texture": "#texture"},
				"south": {"uv": [4.96, 0.96, 7.04, 3.04], "texture": "#texture"},
				"west": {"uv": [4.96, 0.96, 7.04, 3.04], "texture": "#texture"},
				"up": {"uv": [4.96, 0.96, 7.04, 3.04], "texture": "#texture"},
				"down": {"uv": [4.96, 0.96, 7.04, 3.04], "texture": "#texture"}
			}
		},
		{
			"name": "Voxels-F7F7F5",
			"from": [12, 15.5, 7.75],
			"to": [12.75, 15.75, 8],
			"faces": {
				"north": {"uv": [4.96, 0.96, 7.04, 3.04], "texture": "#texture"},
				"east": {"uv": [4.96, 0.96, 7.04, 3.04], "texture": "#texture"},
				"west": {"uv": [4.96, 0.96, 7.04, 3.04], "texture": "#texture"},
				"up": {"uv": [4.96, 0.96, 7.04, 3.04], "texture": "#texture"}
			}
		},
		{
			"name": "Voxels-F7F7F5",
			"from": [12, 15.5, 8.25],
			"to": [12.75, 15.75, 8.5],
			"faces": {
				"east": {"uv": [4.96, 0.96, 7.04, 3.04], "texture": "#texture"},
				"south": {"uv": [4.96, 0.96, 7.04, 3.04], "texture": "#texture"},
				"west": {"uv": [4.96, 0.96, 7.04, 3.04], "texture": "#texture"},
				"up": {"uv": [4.96, 0.96, 7.04, 3.04], "texture": "#texture"}
			}
		},
		{
			"name": "Voxels-F7F7F5",
			"from": [12, 16, 8],
			"to": [13.25, 16.25, 8.25],
			"faces": {
				"north": {"uv": [4.96, 0.96, 7.04, 3.04], "texture": "#texture", "cullface": "up"},
				"east": {"uv": [4.96, 0.96, 7.04, 3.04], "texture": "#texture", "cullface": "up"},
				"south": {"uv": [4.96, 0.96, 7.04, 3.04], "texture": "#texture", "cullface": "up"},
				"west": {"uv": [4.96, 0.96, 7.04, 3.04], "texture": "#texture", "cullface": "up"},
				"up": {"uv": [4.96, 0.96, 7.04, 3.04], "texture": "#texture", "cullface": "up"}
			}
		},
		{
			"name": "Voxels-F7F7F5",
			"from": [12, 16.25, 8],
			"to": [13, 16.5, 8.25],
			"faces": {
				"north": {"uv": [4.96, 0.96, 7.04, 3.04], "texture": "#texture", "cullface": "up"},
				"east": {"uv": [4.96, 0.96, 7.04, 3.04], "texture": "#texture", "cullface": "up"},
				"south": {"uv": [4.96, 0.96, 7.04, 3.04], "texture": "#texture", "cullface": "up"},
				"west": {"uv": [4.96, 0.96, 7.04, 3.04], "texture": "#texture", "cullface": "up"},
				"up": {"uv": [4.96, 0.96, 7.04, 3.04], "texture": "#texture", "cullface": "up"}
			}
		},
		{
			"name": "Voxels-F7F7F5",
			"from": [12.25, 14.25, 8],
			"to": [12.5, 15.5, 8.25],
			"faces": {
				"north": {"uv": [4.96, 0.96, 7.04, 3.04], "texture": "#texture"},
				"east": {"uv": [4.96, 0.96, 7.04, 3.04], "texture": "#texture"},
				"south": {"uv": [4.96, 0.96, 7.04, 3.04], "texture": "#texture"},
				"down": {"uv": [4.96, 0.96, 7.04, 3.04], "texture": "#texture"}
			}
		},
		{
			"name": "Voxels-F7F7F5",
			"from": [12.25, 14.75, 7.75],
			"to": [12.5, 15.25, 8],
			"faces": {
				"north": {"uv": [4.96, 0.96, 7.04, 3.04], "texture": "#texture"},
				"east": {"uv": [4.96, 0.96, 7.04, 3.04], "texture": "#texture"},
				"down": {"uv": [4.96, 0.96, 7.04, 3.04], "texture": "#texture"}
			}
		},
		{
			"name": "Voxels-F7F7F5",
			"from": [12.25, 14.75, 8.25],
			"to": [12.5, 15.25, 8.5],
			"faces": {
				"east": {"uv": [4.96, 0.96, 7.04, 3.04], "texture": "#texture"},
				"south": {"uv": [4.96, 0.96, 7.04, 3.04], "texture": "#texture"},
				"down": {"uv": [4.96, 0.96, 7.04, 3.04], "texture": "#texture"}
			}
		},
		{
			"name": "Voxels-F7F7F5",
			"from": [12.25, 15.25, 7.5],
			"to": [12.5, 15.75, 7.75],
			"faces": {
				"north": {"uv": [4.96, 0.96, 7.04, 3.04], "texture": "#texture"},
				"east": {"uv": [4.96, 0.96, 7.04, 3.04], "texture": "#texture"},
				"south": {"uv": [4.96, 0.96, 7.04, 3.04], "texture": "#texture"},
				"west": {"uv": [4.96, 0.96, 7.04, 3.04], "texture": "#texture"},
				"up": {"uv": [4.96, 0.96, 7.04, 3.04], "texture": "#texture"},
				"down": {"uv": [4.96, 0.96, 7.04, 3.04], "texture": "#texture"}
			}
		},
		{
			"name": "Voxels-F7F7F5",
			"from": [12.25, 15.25, 8.5],
			"to": [12.5, 15.75, 8.75],
			"faces": {
				"north": {"uv": [4.96, 0.96, 7.04, 3.04], "texture": "#texture"},
				"east": {"uv": [4.96, 0.96, 7.04, 3.04], "texture": "#texture"},
				"south": {"uv": [4.96, 0.96, 7.04, 3.04], "texture": "#texture"},
				"west": {"uv": [4.96, 0.96, 7.04, 3.04], "texture": "#texture"},
				"up": {"uv": [4.96, 0.96, 7.04, 3.04], "texture": "#texture"},
				"down": {"uv": [4.96, 0.96, 7.04, 3.04], "texture": "#texture"}
			}
		},
		{
			"name": "Voxels-F7F7F5",
			"from": [12.25, 15.75, 7.75],
			"to": [13, 16, 8],
			"faces": {
				"north": {"uv": [4.96, 0.96, 7.04, 3.04], "texture": "#texture"},
				"east": {"uv": [4.96, 0.96, 7.04, 3.04], "texture": "#texture"},
				"west": {"uv": [4.96, 0.96, 7.04, 3.04], "texture": "#texture"},
				"up": {"uv": [4.96, 0.96, 7.04, 3.04], "texture": "#texture", "cullface": "up"},
				"down": {"uv": [4.96, 0.96, 7.04, 3.04], "texture": "#texture"}
			}
		},
		{
			"name": "Voxels-F7F7F5",
			"from": [12.25, 15.75, 8.25],
			"to": [13, 16, 8.5],
			"faces": {
				"east": {"uv": [4.96, 0.96, 7.04, 3.04], "texture": "#texture"},
				"south": {"uv": [4.96, 0.96, 7.04, 3.04], "texture": "#texture"},
				"west": {"uv": [4.96, 0.96, 7.04, 3.04], "texture": "#texture"},
				"up": {"uv": [4.96, 0.96, 7.04, 3.04], "texture": "#texture", "cullface": "up"},
				"down": {"uv": [4.96, 0.96, 7.04, 3.04], "texture": "#texture"}
			}
		},
		{
			"name": "Voxels-F7F7F5",
			"from": [12.25, 16, 7.75],
			"to": [12.75, 16.25, 8],
			"faces": {
				"north": {"uv": [4.96, 0.96, 7.04, 3.04], "texture": "#texture", "cullface": "up"},
				"east": {"uv": [4.96, 0.96, 7.04, 3.04], "texture": "#texture", "cullface": "up"},
				"west": {"uv": [4.96, 0.96, 7.04, 3.04], "texture": "#texture", "cullface": "up"},
				"up": {"uv": [4.96, 0.96, 7.04, 3.04], "texture": "#texture", "cullface": "up"}
			}
		},
		{
			"name": "Voxels-F7F7F5",
			"from": [12.25, 16, 8.25],
			"to": [12.75, 16.25, 8.5],
			"faces": {
				"east": {"uv": [4.96, 0.96, 7.04, 3.04], "texture": "#texture", "cullface": "up"},
				"south": {"uv": [4.96, 0.96, 7.04, 3.04], "texture": "#texture", "cullface": "up"},
				"west": {"uv": [4.96, 0.96, 7.04, 3.04], "texture": "#texture", "cullface": "up"},
				"up": {"uv": [4.96, 0.96, 7.04, 3.04], "texture": "#texture", "cullface": "up"}
			}
		},
		{
			"name": "Voxels-F7F7F5",
			"from": [12.25, 16.5, 8],
			"to": [13, 16.75, 8.25],
			"faces": {
				"north": {"uv": [4.96, 0.96, 7.04, 3.04], "texture": "#texture", "cullface": "up"},
				"east": {"uv": [4.96, 0.96, 7.04, 3.04], "texture": "#texture", "cullface": "up"},
				"south": {"uv": [4.96, 0.96, 7.04, 3.04], "texture": "#texture", "cullface": "up"},
				"west": {"uv": [4.96, 0.96, 7.04, 3.04], "texture": "#texture", "cullface": "up"},
				"up": {"uv": [4.96, 0.96, 7.04, 3.04], "texture": "#texture", "cullface": "up"}
			}
		},
		{
			"name": "Voxels-F7F7F5",
			"from": [12.25, 16.75, 8],
			"to": [12.75, 17, 8.25],
			"faces": {
				"north": {"uv": [4.96, 0.96, 7.04, 3.04], "texture": "#texture", "cullface": "up"},
				"east": {"uv": [4.96, 0.96, 7.04, 3.04], "texture": "#texture", "cullface": "up"},
				"south": {"uv": [4.96, 0.96, 7.04, 3.04], "texture": "#texture", "cullface": "up"},
				"west": {"uv": [4.96, 0.96, 7.04, 3.04], "texture": "#texture", "cullface": "up"},
				"up": {"uv": [4.96, 0.96, 7.04, 3.04], "texture": "#texture", "cullface": "up"}
			}
		},
		{
			"name": "Voxels-F7F7F5",
			"from": [12.25, 17, 8],
			"to": [12.5, 17.25, 8.25],
			"faces": {
				"north": {"uv": [4.96, 0.96, 7.04, 3.04], "texture": "#texture", "cullface": "up"},
				"east": {"uv": [4.96, 0.96, 7.04, 3.04], "texture": "#texture", "cullface": "up"},
				"south": {"uv": [4.96, 0.96, 7.04, 3.04], "texture": "#texture", "cullface": "up"},
				"west": {"uv": [4.96, 0.96, 7.04, 3.04], "texture": "#texture", "cullface": "up"},
				"up": {"uv": [4.96, 0.96, 7.04, 3.04], "texture": "#texture", "cullface": "up"}
			}
		},
		{
			"name": "Voxels-F7F7F5",
			"from": [12.5, 14.5, 8],
			"to": [12.75, 15.5, 8.25],
			"faces": {
				"north": {"uv": [4.96, 0.96, 7.04, 3.04], "texture": "#texture"},
				"east": {"uv": [4.96, 0.96, 7.04, 3.04], "texture": "#texture"},
				"south": {"uv": [4.96, 0.96, 7.04, 3.04], "texture": "#texture"},
				"down": {"uv": [4.96, 0.96, 7.04, 3.04], "texture": "#texture"}
			}
		},
		{
			"name": "Voxels-F7F7F5",
			"from": [12.5, 15.75, 7.5],
			"to": [12.75, 16.5, 7.75],
			"faces": {
				"north": {"uv": [4.96, 0.96, 7.04, 3.04], "texture": "#texture", "cullface": "up"},
				"east": {"uv": [4.96, 0.96, 7.04, 3.04], "texture": "#texture", "cullface": "up"},
				"south": {"uv": [4.96, 0.96, 7.04, 3.04], "texture": "#texture", "cullface": "up"},
				"west": {"uv": [4.96, 0.96, 7.04, 3.04], "texture": "#texture", "cullface": "up"},
				"up": {"uv": [4.96, 0.96, 7.04, 3.04], "texture": "#texture", "cullface": "up"},
				"down": {"uv": [4.96, 0.96, 7.04, 3.04], "texture": "#texture", "cullface": "up"}
			}
		},
		{
			"name": "Voxels-F7F7F5",
			"from": [12.5, 15.75, 8.5],
			"to": [12.75, 16.5, 8.75],
			"faces": {
				"north": {"uv": [4.96, 0.96, 7.04, 3.04], "texture": "#texture", "cullface": "up"},
				"east": {"uv": [4.96, 0.96, 7.04, 3.04], "texture": "#texture", "cullface": "up"},
				"south": {"uv": [4.96, 0.96, 7.04, 3.04], "texture": "#texture", "cullface": "up"},
				"west": {"uv": [4.96, 0.96, 7.04, 3.04], "texture": "#texture", "cullface": "up"},
				"up": {"uv": [4.96, 0.96, 7.04, 3.04], "texture": "#texture", "cullface": "up"},
				"down": {"uv": [4.96, 0.96, 7.04, 3.04], "texture": "#texture", "cullface": "up"}
			}
		},
		{
			"name": "Voxels-F7F7F5",
			"from": [12.5, 16.25, 7.75],
			"to": [12.75, 16.5, 8],
			"faces": {
				"east": {"uv": [4.96, 0.96, 7.04, 3.04], "texture": "#texture", "cullface": "up"},
				"west": {"uv": [4.96, 0.96, 7.04, 3.04], "texture": "#texture", "cullface": "up"},
				"up": {"uv": [4.96, 0.96, 7.04, 3.04], "texture": "#texture", "cullface": "up"}
			}
		},
		{
			"name": "Voxels-F7F7F5",
			"from": [12.5, 16.25, 8.25],
			"to": [12.75, 16.5, 8.5],
			"faces": {
				"east": {"uv": [4.96, 0.96, 7.04, 3.04], "texture": "#texture", "cullface": "up"},
				"west": {"uv": [4.96, 0.96, 7.04, 3.04], "texture": "#texture", "cullface": "up"},
				"up": {"uv": [4.96, 0.96, 7.04, 3.04], "texture": "#texture", "cullface": "up"}
			}
		},
		{
			"name": "Voxels-F7F7F5",
			"from": [12.75, 15, 8],
			"to": [13, 15.5, 8.25],
			"faces": {
				"north": {"uv": [4.96, 0.96, 7.04, 3.04], "texture": "#texture"},
				"east": {"uv": [4.96, 0.96, 7.04, 3.04], "texture": "#texture"},
				"south": {"uv": [4.96, 0.96, 7.04, 3.04], "texture": "#texture"},
				"down": {"uv": [4.96, 0.96, 7.04, 3.04], "texture": "#texture"}
			}
		}
	],
	"display": {
		"thirdperson_righthand": {
			"rotation": [0, 99, 0],
			"translation": [-0.513, 11.445, 1.6847],
			"scale": [0.7, 0.7, 0.7]
		},
		"thirdperson_lefthand": {
			"rotation": [0, 99, 0],
			"translation": [-0.513, 11.445, 1.6847],
			"scale": [-0.7, 0.7, 0.7]
		},
		"firstperson_righthand": {
			"rotation": [0, 90, 0],
			"translation": [0, 11.592, 0],
			"scale": [0.7, 0.7, 0.7]
		},
		"firstperson_lefthand": {
			"rotation": [0, 90, 0],
			"translation": [0, 11.592, 0],
			"scale": [-0.7, 0.7, 0.7]
		},
		"ground": {
			"translation": [0, 12, 0],
			"scale": [0.4, 0.4, 0.4]
		},
		"gui": {
			"rotation": [0, 0, -47],
			"translation": [0.7961, 1.2092, 0],
			"scale": [0.4, 0.4, 0.4]
		},
		"fixed": {
			"rotation": [0, 0, 45],
			"translation": [-0.855, 1.5163, 0],
			"scale": [0.5, 0.5, 0.5]
		}
	}
}