{
  "parent": "minecraft:item/generated",
  "textures": {
    "layer0": "minecraft:item/knowledge_book"
  },
  "overrides": [
    {"predicate": {"custom_model_data": 1},"model": "minecraft:item/override/statue_1"},
    {"predicate": {"custom_model_data": 2},"model": "minecraft:item/override/lightcover"},
    {"predicate": {"custom_model_data": 3},"model": "minecraft:item/override/books/black_closed_ink"},
    {"predicate": {"custom_model_data": 4},"model": "minecraft:item/override/books/black_open_ink"},
    {"predicate": {"custom_model_data": 5},"model": "minecraft:item/override/books/black_closed"},
    {"predicate": {"custom_model_data": 6},"model": "minecraft:item/override/books/black_open"},
    {"predicate": {"custom_model_data": 7},"model": "minecraft:item/override/books/blue_closed_ink"},
    {"predicate": {"custom_model_data": 8},"model": "minecraft:item/override/books/blue_open_ink"},
    {"predicate": {"custom_model_data": 9},"model": "minecraft:item/override/books/blue_closed"},
    {"predicate": {"custom_model_data": 10},"model": "minecraft:item/override/books/blue_open"},
    {"predicate": {"custom_model_data": 11},"model": "minecraft:item/override/books/book_and_quill_closed_ink"},
    {"predicate": {"custom_model_data": 12},"model": "minecraft:item/override/books/book_and_quill_open_ink"},
    {"predicate": {"custom_model_data": 13},"model": "minecraft:item/override/books/book_and_quill_closed"},
    {"predicate": {"custom_model_data": 14},"model": "minecraft:item/override/books/book_and_quill_open"},
    {"predicate": {"custom_model_data": 15},"model": "minecraft:item/override/books/brown_closed_ink"},
    {"predicate": {"custom_model_data": 16},"model": "minecraft:item/override/books/brown_open_ink"},
    {"predicate": {"custom_model_data": 17},"model": "minecraft:item/override/books/brown_closed"},
    {"predicate": {"custom_model_data": 18},"model": "minecraft:item/override/books/brown_open"},
    {"predicate": {"custom_model_data": 19},"model": "minecraft:item/override/books/cyan_closed_ink"},
    {"predicate": {"custom_model_data": 20},"model": "minecraft:item/override/books/cyan_open_ink"},
    {"predicate": {"custom_model_data": 21},"model": "minecraft:item/override/books/cyan_closed"},
    {"predicate": {"custom_model_data": 22},"model": "minecraft:item/override/books/cyan_open"},
    {"predicate": {"custom_model_data": 23},"model": "minecraft:item/override/books/dark_red_closed_ink"},
    {"predicate": {"custom_model_data": 24},"model": "minecraft:item/override/books/dark_red_open_ink"},
    {"predicate": {"custom_model_data": 25},"model": "minecraft:item/override/books/dark_red_closed"},
    {"predicate": {"custom_model_data": 26},"model": "minecraft:item/override/books/dark_red_open"},
    {"predicate": {"custom_model_data": 27},"model": "minecraft:item/override/books/enchanted_closed_ink"},
    {"predicate": {"custom_model_data": 28},"model": "minecraft:item/override/books/enchanted_open_ink"},
    {"predicate": {"custom_model_data": 29},"model": "minecraft:item/override/books/enchanted_closed"},
    {"predicate": {"custom_model_data": 30},"model": "minecraft:item/override/books/enchanted_open"},
    {"predicate": {"custom_model_data": 31},"model": "minecraft:item/override/books/gene_closed_ink"},
    {"predicate": {"custom_model_data": 32},"model": "minecraft:item/override/books/gene_open_ink"},
    {"predicate": {"custom_model_data": 33},"model": "minecraft:item/override/books/gene_closed"},
    {"predicate": {"custom_model_data": 34},"model": "minecraft:item/override/books/gene_open"},
    {"predicate": {"custom_model_data": 35},"model": "minecraft:item/override/books/gene_closed_ink"},
    {"predicate": {"custom_model_data": 36},"model": "minecraft:item/override/books/gene_open_ink"},
    {"predicate": {"custom_model_data": 37},"model": "minecraft:item/override/books/gene_closed"},
    {"predicate": {"custom_model_data": 38},"model": "minecraft:item/override/books/gene_open"},
    {"predicate": {"custom_model_data": 39},"model": "minecraft:item/override/books/gray_closed_ink"},
    {"predicate": {"custom_model_data": 40},"model": "minecraft:item/override/books/gray_open_ink"},
    {"predicate": {"custom_model_data": 41},"model": "minecraft:item/override/books/gray_closed"},
    {"predicate": {"custom_model_data": 42},"model": "minecraft:item/override/books/gray_open"},
    {"predicate": {"custom_model_data": 43},"model": "minecraft:item/override/books/green_closed_ink"},
    {"predicate": {"custom_model_data": 44},"model": "minecraft:item/override/books/green_open_ink"},
    {"predicate": {"custom_model_data": 45},"model": "minecraft:item/override/books/green_closed"},
    {"predicate": {"custom_model_data": 46},"model": "minecraft:item/override/books/green_open"},
    {"predicate": {"custom_model_data": 47},"model": "minecraft:item/override/books/light_blue_closed_ink"},
    {"predicate": {"custom_model_data": 48},"model": "minecraft:item/override/books/light_blue_open_ink"},
    {"predicate": {"custom_model_data": 49},"model": "minecraft:item/override/books/light_blue_closed"},
    {"predicate": {"custom_model_data": 50},"model": "minecraft:item/override/books/light_blue_open"},
    {"predicate": {"custom_model_data": 51},"model": "minecraft:item/override/books/light_gray_closed_ink"},
    {"predicate": {"custom_model_data": 52},"model": "minecraft:item/override/books/light_gray_open_ink"},
    {"predicate": {"custom_model_data": 53},"model": "minecraft:item/override/books/light_gray_closed"},
    {"predicate": {"custom_model_data": 54},"model": "minecraft:item/override/books/light_gray_open"},
    {"predicate": {"custom_model_data": 55},"model": "minecraft:item/override/books/light_green_closed_ink"},
    {"predicate": {"custom_model_data": 56},"model": "minecraft:item/override/books/light_green_open_ink"},
    {"predicate": {"custom_model_data": 57},"model": "minecraft:item/override/books/light_green_closed"},
    {"predicate": {"custom_model_data": 58},"model": "minecraft:item/override/books/light_green_open"},
    {"predicate": {"custom_model_data": 59},"model": "minecraft:item/override/books/light_red_closed_ink"},
    {"predicate": {"custom_model_data": 60},"model": "minecraft:item/override/books/light_red_open_ink"},
    {"predicate": {"custom_model_data": 61},"model": "minecraft:item/override/books/light_red_closed"},
    {"predicate": {"custom_model_data": 62},"model": "minecraft:item/override/books/light_red_open"},
    {"predicate": {"custom_model_data": 63},"model": "minecraft:item/override/books/lime_closed_ink"},
    {"predicate": {"custom_model_data": 64},"model": "minecraft:item/override/books/lime_open_ink"},
    {"predicate": {"custom_model_data": 65},"model": "minecraft:item/override/books/lime_closed"},
    {"predicate": {"custom_model_data": 66},"model": "minecraft:item/override/books/lime_open"},
    {"predicate": {"custom_model_data": 67},"model": "minecraft:item/override/books/magenta_closed_ink"},
    {"predicate": {"custom_model_data": 68},"model": "minecraft:item/override/books/magenta_open_ink"},
    {"predicate": {"custom_model_data": 69},"model": "minecraft:item/override/books/magenta_closed"},
    {"predicate": {"custom_model_data": 70},"model": "minecraft:item/override/books/magenta_open"},
    {"predicate": {"custom_model_data": 71},"model": "minecraft:item/override/books/orange_closed_ink"},
    {"predicate": {"custom_model_data": 72},"model": "minecraft:item/override/books/orange_open_ink"},
    {"predicate": {"custom_model_data": 73},"model": "minecraft:item/override/books/orange_closed"},
    {"predicate": {"custom_model_data": 74},"model": "minecraft:item/override/books/orange_open"},
    {"predicate": {"custom_model_data": 75},"model": "minecraft:item/override/books/pink_closed_ink"},
    {"predicate": {"custom_model_data": 76},"model": "minecraft:item/override/books/pink_open_ink"},
    {"predicate": {"custom_model_data": 77},"model": "minecraft:item/override/books/pink_closed"},
    {"predicate": {"custom_model_data": 78},"model": "minecraft:item/override/books/pink_open"},
    {"predicate": {"custom_model_data": 79},"model": "minecraft:item/override/books/purple_closed_ink"},
    {"predicate": {"custom_model_data": 80},"model": "minecraft:item/override/books/purple_open_ink"},
    {"predicate": {"custom_model_data": 81},"model": "minecraft:item/override/books/purple_closed"},
    {"predicate": {"custom_model_data": 82},"model": "minecraft:item/override/books/purple_open"},
    {"predicate": {"custom_model_data": 83},"model": "minecraft:item/override/books/tattered_closed_ink"},
    {"predicate": {"custom_model_data": 84},"model": "minecraft:item/override/books/tattered_open_ink"},
    {"predicate": {"custom_model_data": 85},"model": "minecraft:item/override/books/tattered_closed"},
    {"predicate": {"custom_model_data": 86},"model": "minecraft:item/override/books/tattered_open"},
    {"predicate": {"custom_model_data": 87},"model": "minecraft:item/override/books/tome_closed_ink"},
    {"predicate": {"custom_model_data": 88},"model": "minecraft:item/override/books/tome_open_ink"},
    {"predicate": {"custom_model_data": 89},"model": "minecraft:item/override/books/tome_closed"},
    {"predicate": {"custom_model_data": 90},"model": "minecraft:item/override/books/tome_open"},
    {"predicate": {"custom_model_data": 91},"model": "minecraft:item/override/books/white_closed_ink"},
    {"predicate": {"custom_model_data": 92},"model": "minecraft:item/override/books/white_open_ink"},
    {"predicate": {"custom_model_data": 93},"model": "minecraft:item/override/books/white_closed"},
    {"predicate": {"custom_model_data": 94},"model": "minecraft:item/override/books/white_open"},
    {"predicate": {"custom_model_data": 95},"model": "minecraft:item/override/books/written_closed_ink"},
    {"predicate": {"custom_model_data": 96},"model": "minecraft:item/override/books/written_open_ink"},
    {"predicate": {"custom_model_data": 97},"model": "minecraft:item/override/books/written_closed"},
    {"predicate": {"custom_model_data": 98},"model": "minecraft:item/override/books/written_open"},
    {"predicate": {"custom_model_data": 99},"model": "minecraft:item/override/books/yellow_closed_ink"},
    {"predicate": {"custom_model_data": 100},"model": "minecraft:item/override/books/yellow_open_ink"},
    {"predicate": {"custom_model_data": 101},"model": "minecraft:item/override/books/yellow_closed"},
    {"predicate": {"custom_model_data": 102},"model": "minecraft:item/override/books/yellow_open"},
    {"predicate": {"custom_model_data": 103},"model": "minecraft:item/knowledge_book"}
  ]
}