{
	"credit": "Made with Blockbench",
	"textures": {
		"0": "item/weapons/blackmetal",
		"1": "item/weapons/wraps",
		"particle": "item/weapons/blackmetal"
	},
	"elements": [
		{
			"from": [7.5, -15, 6.75],
			"to": [8.5, -14.5, 8.25],
			"rotation": {"angle": 0, "axis": "y", "origin": [7, -15, 6.25]},
			"faces": {
				"north": {"uv": [0, 0, 1, 0.5], "texture": "#0"},
				"east": {"uv": [0, 0, 1.5, 0.5], "texture": "#0"},
				"south": {"uv": [0, 0, 1, 0.5], "texture": "#0"},
				"west": {"uv": [0, 0, 1.5, 0.5], "texture": "#0"},
				"up": {"uv": [0, 0, 1, 1.5], "texture": "#0"},
				"down": {"uv": [0, 0, 1, 1.5], "texture": "#0"}
			}
		},
		{
			"from": [7.5, -14, 5.75],
			"to": [8.5, -12.5, 6.25],
			"rotation": {"angle": 0, "axis": "x", "origin": [7, -12, 5.75]},
			"faces": {
				"north": {"uv": [0, 0, 1, 1.5], "rotation": 180, "texture": "#0"},
				"east": {"uv": [0, 0, 1.5, 0.5], "rotation": 270, "texture": "#0"},
				"south": {"uv": [0, 0, 1, 1.5], "texture": "#0"},
				"west": {"uv": [0, 0, 1.5, 0.5], "rotation": 90, "texture": "#0"},
				"up": {"uv": [0, 0, 1, 0.5], "rotation": 180, "texture": "#0"},
				"down": {"uv": [0, 0, 1, 0.5], "texture": "#0"}
			}
		},
		{
			"from": [7.5, -14, 8.75],
			"to": [8.5, -12.5, 9.25],
			"rotation": {"angle": 0, "axis": "x", "origin": [7, -12, 8.75]},
			"faces": {
				"north": {"uv": [0, 0, 1, 1.5], "rotation": 180, "texture": "#0"},
				"east": {"uv": [0, 0, 1.5, 0.5], "rotation": 270, "texture": "#0"},
				"south": {"uv": [0, 0, 1, 1.5], "texture": "#0"},
				"west": {"uv": [0, 0, 1.5, 0.5], "rotation": 90, "texture": "#0"},
				"up": {"uv": [0, 0, 1, 0.5], "rotation": 180, "texture": "#0"},
				"down": {"uv": [0, 0, 1, 0.5], "texture": "#0"}
			}
		},
		{
			"from": [7.5, -15.5, 5.25],
			"to": [8.5, -14.5, 6.25],
			"rotation": {"angle": 0, "axis": "y", "origin": [7, -15.5, 5.75]},
			"faces": {
				"north": {"uv": [0, 0, 1, 1], "texture": "#0"},
				"east": {"uv": [0, 0, 1, 1], "texture": "#0"},
				"south": {"uv": [0, 0, 1, 1], "texture": "#0"},
				"west": {"uv": [0, 0, 1, 1], "texture": "#0"},
				"up": {"uv": [0, 0, 1, 1], "texture": "#0"},
				"down": {"uv": [0, 0, 1, 1], "texture": "#0"}
			}
		},
		{
			"from": [7.5, -15.5, 8.75],
			"to": [8.5, -14.5, 9.75],
			"rotation": {"angle": 0, "axis": "y", "origin": [7, -15.5, 9.25]},
			"faces": {
				"north": {"uv": [0, 0, 1, 1], "texture": "#0"},
				"east": {"uv": [0, 0, 1, 1], "texture": "#0"},
				"south": {"uv": [0, 0, 1, 1], "texture": "#0"},
				"west": {"uv": [0, 0, 1, 1], "texture": "#0"},
				"up": {"uv": [0, 0, 1, 1], "texture": "#0"},
				"down": {"uv": [0, 0, 1, 1], "texture": "#0"}
			}
		},
		{
			"from": [7.5, -12, 8.75],
			"to": [8.5, -11, 9.75],
			"rotation": {"angle": 0, "axis": "y", "origin": [7, -12, 9.25]},
			"faces": {
				"north": {"uv": [0, 0, 1, 1], "texture": "#0"},
				"east": {"uv": [0, 0, 1, 1], "texture": "#0"},
				"south": {"uv": [0, 0, 1, 1], "texture": "#0"},
				"west": {"uv": [0, 0, 1, 1], "texture": "#0"},
				"up": {"uv": [0, 0, 1, 1], "texture": "#0"},
				"down": {"uv": [0, 0, 1, 1], "texture": "#0"}
			}
		},
		{
			"from": [7.5, -12, 5.25],
			"to": [8.5, -11, 6.25],
			"rotation": {"angle": 0, "axis": "y", "origin": [7, -12, 5.75]},
			"faces": {
				"north": {"uv": [0, 0, 1, 1], "texture": "#0"},
				"east": {"uv": [0, 0, 1, 1], "texture": "#0"},
				"south": {"uv": [0, 0, 1, 1], "texture": "#0"},
				"west": {"uv": [0, 0, 1, 1], "texture": "#0"},
				"up": {"uv": [0, 0, 1, 1], "texture": "#0"},
				"down": {"uv": [0, 0, 1, 1], "texture": "#0"}
			}
		},
		{
			"from": [7.5, -12, 6.75],
			"to": [8.5, -11.5, 8.25],
			"rotation": {"angle": 0, "axis": "y", "origin": [7, -12, 6.25]},
			"faces": {
				"north": {"uv": [0, 0, 1, 0.5], "texture": "#0"},
				"east": {"uv": [0, 0, 1.5, 0.5], "texture": "#0"},
				"south": {"uv": [0, 0, 1, 0.5], "texture": "#0"},
				"west": {"uv": [0, 0, 1.5, 0.5], "texture": "#0"},
				"up": {"uv": [0, 0, 1, 1.5], "texture": "#0"},
				"down": {"uv": [0, 0, 1, 1.5], "texture": "#0"}
			}
		},
		{
			"from": [7.85, 2.5, 6.25],
			"to": [8.15, 3.25, 8.75],
			"rotation": {"angle": 0, "axis": "y", "origin": [7, 2.5, 6.25]},
			"faces": {
				"north": {"uv": [0, 0, 0.3, 0.75], "texture": "#0"},
				"east": {"uv": [0, 0, 2.5, 0.75], "texture": "#0"},
				"south": {"uv": [0, 0, 0.3, 0.75], "texture": "#0"},
				"west": {"uv": [0, 0, 2.5, 0.75], "texture": "#0"},
				"up": {"uv": [0, 0, 0.3, 2.5], "texture": "#0"},
				"down": {"uv": [0, 0, 0.3, 2.5], "texture": "#0"}
			}
		},
		{
			"from": [7.6, 2.5, 6.75],
			"to": [8.4, 2.75, 8.25],
			"rotation": {"angle": 0, "axis": "y", "origin": [7, 2.5, 6.25]},
			"faces": {
				"north": {"uv": [0, 0, 0.8, 0.25], "texture": "#0"},
				"east": {"uv": [0, 0, 1.5, 0.25], "texture": "#0"},
				"south": {"uv": [0, 0, 0.8, 0.25], "texture": "#0"},
				"west": {"uv": [0, 0, 1.5, 0.25], "texture": "#0"},
				"up": {"uv": [0, 0, 0.8, 1.5], "texture": "#0"},
				"down": {"uv": [0, 0, 0.8, 1.5], "texture": "#0"}
			}
		},
		{
			"from": [7.6, 2.75, 6.5],
			"to": [8.4, 3.5, 8.5],
			"rotation": {"angle": 0, "axis": "y", "origin": [7, 2.5, 6.25]},
			"faces": {
				"north": {"uv": [0, 0, 0.8, 0.75], "texture": "#0"},
				"east": {"uv": [0, 0, 2, 0.75], "texture": "#0"},
				"south": {"uv": [0, 0, 0.8, 0.75], "texture": "#0"},
				"west": {"uv": [0, 0, 2, 0.75], "texture": "#0"},
				"up": {"uv": [0, 0, 0.8, 2], "texture": "#0"},
				"down": {"uv": [0, 0, 0.8, 2], "texture": "#0"}
			}
		},
		{
			"from": [7.6, 3.5, 6.25],
			"to": [8.4, 4.25, 8.75],
			"rotation": {"angle": 0, "axis": "y", "origin": [7, 3.5, 6.25]},
			"faces": {
				"north": {"uv": [0, 0, 0.8, 0.75], "texture": "#0"},
				"east": {"uv": [0, 0, 2.5, 0.75], "texture": "#0"},
				"south": {"uv": [0, 0, 0.8, 0.75], "texture": "#0"},
				"west": {"uv": [0, 0, 2.5, 0.75], "texture": "#0"},
				"up": {"uv": [0, 0, 0.8, 2.5], "texture": "#0"},
				"down": {"uv": [0, 0, 0.8, 2.5], "texture": "#0"}
			}
		},
		{
			"from": [7.6, 4.25, 6],
			"to": [8.4, 5, 9],
			"rotation": {"angle": 0, "axis": "y", "origin": [7, 4.25, 6.25]},
			"faces": {
				"north": {"uv": [0, 0, 0.8, 0.75], "texture": "#0"},
				"east": {"uv": [0, 0, 3, 0.75], "texture": "#0"},
				"south": {"uv": [0, 0, 0.8, 0.75], "texture": "#0"},
				"west": {"uv": [0, 0, 3, 0.75], "texture": "#0"},
				"up": {"uv": [0, 0, 0.8, 3], "texture": "#0"},
				"down": {"uv": [0, 0, 0.8, 3], "texture": "#0"}
			}
		},
		{
			"from": [7.6, 5, 5.75],
			"to": [8.4, 5.75, 9.25],
			"rotation": {"angle": 0, "axis": "y", "origin": [7, 5.25, 6.25]},
			"faces": {
				"north": {"uv": [0, 0, 0.8, 0.75], "texture": "#0"},
				"east": {"uv": [0, 0, 3.5, 0.75], "texture": "#0"},
				"south": {"uv": [0, 0, 0.8, 0.75], "texture": "#0"},
				"west": {"uv": [0, 0, 3.5, 0.75], "texture": "#0"},
				"up": {"uv": [0, 0, 0.8, 3.5], "texture": "#0"},
				"down": {"uv": [0, 0, 0.8, 3.5], "texture": "#0"}
			}
		},
		{
			"from": [7.6, 5.75, 5.5],
			"to": [8.4, 6.5, 9.5],
			"rotation": {"angle": 0, "axis": "y", "origin": [7, 5.75, 6.25]},
			"faces": {
				"north": {"uv": [0, 0, 0.8, 0.75], "texture": "#0"},
				"east": {"uv": [0, 0, 4, 0.75], "texture": "#0"},
				"south": {"uv": [0, 0, 0.8, 0.75], "texture": "#0"},
				"west": {"uv": [0, 0, 4, 0.75], "texture": "#0"},
				"up": {"uv": [0, 0, 0.8, 4], "texture": "#0"},
				"down": {"uv": [0, 0, 0.8, 4], "texture": "#0"}
			}
		},
		{
			"from": [7.6, 6.5, 5.25],
			"to": [8.4, 7.25, 9.75],
			"rotation": {"angle": 0, "axis": "y", "origin": [7, 6.5, 6.25]},
			"faces": {
				"north": {"uv": [0, 0, 0.8, 0.75], "texture": "#0"},
				"east": {"uv": [0, 0, 4.5, 0.75], "texture": "#0"},
				"south": {"uv": [0, 0, 0.8, 0.75], "texture": "#0"},
				"west": {"uv": [0, 0, 4.5, 0.75], "texture": "#0"},
				"up": {"uv": [0, 0, 0.8, 4.5], "texture": "#0"},
				"down": {"uv": [0, 0, 0.8, 4.5], "texture": "#0"}
			}
		},
		{
			"from": [7.6, 7.25, 5],
			"to": [8.4, 8, 10],
			"rotation": {"angle": 0, "axis": "y", "origin": [7, 7.25, 6.25]},
			"faces": {
				"north": {"uv": [0, 0, 0.8, 0.75], "texture": "#0"},
				"east": {"uv": [0, 0, 5, 0.75], "texture": "#0"},
				"south": {"uv": [0, 0, 0.8, 0.75], "texture": "#0"},
				"west": {"uv": [0, 0, 5, 0.75], "texture": "#0"},
				"up": {"uv": [0, 0, 0.8, 5], "texture": "#0"},
				"down": {"uv": [0, 0, 0.8, 5], "texture": "#0"}
			}
		},
		{
			"from": [7.6, 8, 4.75],
			"to": [8.4, 8.75, 10.25],
			"rotation": {"angle": 0, "axis": "y", "origin": [7, 8, 6.25]},
			"faces": {
				"north": {"uv": [0, 0, 0.8, 0.75], "texture": "#0"},
				"east": {"uv": [0, 0, 5.5, 0.75], "texture": "#0"},
				"south": {"uv": [0, 0, 0.8, 0.75], "texture": "#0"},
				"west": {"uv": [0, 0, 5.5, 0.75], "texture": "#0"},
				"up": {"uv": [0, 0, 0.8, 5.5], "texture": "#0"},
				"down": {"uv": [0, 0, 0.8, 5.5], "texture": "#0"}
			}
		},
		{
			"from": [7.6, 8.75, 4.5],
			"to": [8.4, 9, 10.5],
			"rotation": {"angle": 0, "axis": "y", "origin": [7, 8.25, 6.25]},
			"faces": {
				"north": {"uv": [0, 0, 0.8, 0.25], "texture": "#0"},
				"east": {"uv": [0, 0, 6, 0.25], "texture": "#0"},
				"south": {"uv": [0, 0, 0.8, 0.25], "texture": "#0"},
				"west": {"uv": [0, 0, 6, 0.25], "texture": "#0"},
				"up": {"uv": [0, 0, 0.8, 6], "texture": "#0"},
				"down": {"uv": [0, 0, 0.8, 6], "texture": "#0"}
			}
		},
		{
			"from": [7.6, 9, 4.75],
			"to": [8.4, 10, 10.25],
			"rotation": {"angle": 0, "axis": "y", "origin": [7, 9, 6.25]},
			"faces": {
				"north": {"uv": [0, 0, 0.8, 1], "texture": "#0"},
				"east": {"uv": [0, 0, 5.5, 1], "texture": "#0"},
				"south": {"uv": [0, 0, 0.8, 1], "texture": "#0"},
				"west": {"uv": [0, 0, 5.5, 1], "texture": "#0"},
				"up": {"uv": [0, 0, 0.8, 5.5], "texture": "#0"},
				"down": {"uv": [0, 0, 0.8, 5.5], "texture": "#0"}
			}
		},
		{
			"from": [7.6, 11, 5.25],
			"to": [8.4, 12, 9.75],
			"rotation": {"angle": 0, "axis": "y", "origin": [7, 11, 6.25]},
			"faces": {
				"north": {"uv": [0, 0, 0.8, 1], "texture": "#0"},
				"east": {"uv": [0, 0, 4.5, 1], "texture": "#0"},
				"south": {"uv": [0, 0, 0.8, 1], "texture": "#0"},
				"west": {"uv": [0, 0, 4.5, 1], "texture": "#0"},
				"up": {"uv": [0, 0, 0.8, 4.5], "texture": "#0"},
				"down": {"uv": [0, 0, 0.8, 4.5], "texture": "#0"}
			}
		},
		{
			"from": [7.6, 10, 5],
			"to": [8.4, 11, 10],
			"rotation": {"angle": 0, "axis": "y", "origin": [7, 10, 6.25]},
			"faces": {
				"north": {"uv": [0, 0, 0.8, 1], "texture": "#0"},
				"east": {"uv": [0, 0, 5, 1], "texture": "#0"},
				"south": {"uv": [0, 0, 0.8, 1], "texture": "#0"},
				"west": {"uv": [0, 0, 5, 1], "texture": "#0"},
				"up": {"uv": [0, 0, 0.8, 5], "texture": "#0"},
				"down": {"uv": [0, 0, 0.8, 5], "texture": "#0"}
			}
		},
		{
			"from": [7.6, 13, 5.75],
			"to": [8.4, 14, 9.25],
			"rotation": {"angle": 0, "axis": "y", "origin": [7, 13, 6.25]},
			"faces": {
				"north": {"uv": [0, 0, 0.8, 1], "texture": "#0"},
				"east": {"uv": [0, 0, 3.5, 1], "texture": "#0"},
				"south": {"uv": [0, 0, 0.8, 1], "texture": "#0"},
				"west": {"uv": [0, 0, 3.5, 1], "texture": "#0"},
				"up": {"uv": [0, 0, 0.8, 3.5], "texture": "#0"},
				"down": {"uv": [0, 0, 0.8, 3.5], "texture": "#0"}
			}
		},
		{
			"from": [7.6, 14, 6],
			"to": [8.4, 15, 9],
			"rotation": {"angle": 0, "axis": "y", "origin": [7, 14, 6.25]},
			"faces": {
				"north": {"uv": [0, 0, 0.8, 1], "texture": "#0"},
				"east": {"uv": [0, 0, 3, 1], "texture": "#0"},
				"south": {"uv": [0, 0, 0.8, 1], "texture": "#0"},
				"west": {"uv": [0, 0, 3, 1], "texture": "#0"},
				"up": {"uv": [0, 0, 0.8, 3], "texture": "#0"},
				"down": {"uv": [0, 0, 0.8, 3], "texture": "#0"}
			}
		},
		{
			"from": [7.6, 15, 6.25],
			"to": [8.4, 16, 8.75],
			"rotation": {"angle": 0, "axis": "y", "origin": [7, 15, 6.25]},
			"faces": {
				"north": {"uv": [0, 0, 0.8, 1], "texture": "#0"},
				"east": {"uv": [0, 0, 2.5, 1], "texture": "#0"},
				"south": {"uv": [0, 0, 0.8, 1], "texture": "#0"},
				"west": {"uv": [0, 0, 2.5, 1], "texture": "#0"},
				"up": {"uv": [0, 0, 0.8, 2.5], "texture": "#0"},
				"down": {"uv": [0, 0, 0.8, 2.5], "texture": "#0"}
			}
		},
		{
			"from": [7.6, 16, 6.5],
			"to": [8.4, 17, 8.5],
			"rotation": {"angle": 0, "axis": "y", "origin": [7, 16, 6.25]},
			"faces": {
				"north": {"uv": [0, 0, 0.8, 1], "texture": "#0"},
				"east": {"uv": [0, 0, 2, 1], "texture": "#0"},
				"south": {"uv": [0, 0, 0.8, 1], "texture": "#0"},
				"west": {"uv": [0, 0, 2, 1], "texture": "#0"},
				"up": {"uv": [0, 0, 0.8, 2], "texture": "#0"},
				"down": {"uv": [0, 0, 0.8, 2], "texture": "#0"}
			}
		},
		{
			"from": [7.6, 17, 6.75],
			"to": [8.4, 18, 8.25],
			"rotation": {"angle": 0, "axis": "y", "origin": [7, 17, 6.25]},
			"faces": {
				"north": {"uv": [0, 0, 0.8, 1], "texture": "#0"},
				"east": {"uv": [0, 0, 1.5, 1], "texture": "#0"},
				"south": {"uv": [0, 0, 0.8, 1], "texture": "#0"},
				"west": {"uv": [0, 0, 1.5, 1], "texture": "#0"},
				"up": {"uv": [0, 0, 0.8, 1.5], "texture": "#0"},
				"down": {"uv": [0, 0, 0.8, 1.5], "texture": "#0"}
			}
		},
		{
			"from": [7.6, 18, 7],
			"to": [8.4, 19, 8],
			"rotation": {"angle": 0, "axis": "y", "origin": [7, 18, 6.25]},
			"faces": {
				"north": {"uv": [0, 0, 0.8, 1], "texture": "#0"},
				"east": {"uv": [0, 0, 1, 1], "texture": "#0"},
				"south": {"uv": [0, 0, 0.8, 1], "texture": "#0"},
				"west": {"uv": [0, 0, 1, 1], "texture": "#0"},
				"up": {"uv": [0, 0, 0.8, 1], "texture": "#0"},
				"down": {"uv": [0, 0, 0.8, 1], "texture": "#0"}
			}
		},
		{
			"from": [7.6, 19, 7.25],
			"to": [8.4, 20, 7.75],
			"rotation": {"angle": 0, "axis": "y", "origin": [7, 19, 6.25]},
			"faces": {
				"north": {"uv": [0, 0, 0.8, 1], "texture": "#0"},
				"east": {"uv": [0, 0, 0.5, 1], "texture": "#0"},
				"south": {"uv": [0, 0, 0.8, 1], "texture": "#0"},
				"west": {"uv": [0, 0, 0.5, 1], "texture": "#0"},
				"up": {"uv": [0, 0, 0.8, 0.5], "texture": "#0"},
				"down": {"uv": [0, 0, 0.8, 0.5], "texture": "#0"}
			}
		},
		{
			"from": [7.6, 12, 5.5],
			"to": [8.4, 13, 9.5],
			"rotation": {"angle": 0, "axis": "y", "origin": [7, 12, 6.25]},
			"faces": {
				"north": {"uv": [0, 0, 0.8, 1], "texture": "#0"},
				"east": {"uv": [0, 0, 4, 1], "texture": "#0"},
				"south": {"uv": [0, 0, 0.8, 1], "texture": "#0"},
				"west": {"uv": [0, 0, 4, 1], "texture": "#0"},
				"up": {"uv": [0, 0, 0.8, 4], "texture": "#0"},
				"down": {"uv": [0, 0, 0.8, 4], "texture": "#0"}
			}
		},
		{
			"from": [7.35, 2.5, 7],
			"to": [8.65, 3, 8],
			"rotation": {"angle": 0, "axis": "y", "origin": [7, 2.5, 6.25]},
			"faces": {
				"north": {"uv": [0, 0, 1.3, 0.5], "texture": "#0"},
				"east": {"uv": [0, 0, 1, 0.5], "texture": "#0"},
				"south": {"uv": [0, 0, 1.3, 0.5], "texture": "#0"},
				"west": {"uv": [0, 0, 1, 0.5], "texture": "#0"},
				"up": {"uv": [0, 0, 1.3, 1], "texture": "#0"},
				"down": {"uv": [0, 0, 1.3, 1], "texture": "#0"}
			}
		},
		{
			"from": [7.35, 3, 6.75],
			"to": [8.65, 3.75, 8.25],
			"rotation": {"angle": 0, "axis": "y", "origin": [7, 2.5, 6.25]},
			"faces": {
				"north": {"uv": [0, 0, 1.3, 0.75], "texture": "#0"},
				"east": {"uv": [0, 0, 1.5, 0.75], "texture": "#0"},
				"south": {"uv": [0, 0, 1.3, 0.75], "texture": "#0"},
				"west": {"uv": [0, 0, 1.5, 0.75], "texture": "#0"},
				"up": {"uv": [0, 0, 1.3, 1.5], "texture": "#0"},
				"down": {"uv": [0, 0, 1.3, 1.5], "texture": "#0"}
			}
		},
		{
			"from": [7.35, 3.75, 6.5],
			"to": [8.65, 4.5, 8.5],
			"rotation": {"angle": 0, "axis": "y", "origin": [7, 3.75, 6.25]},
			"faces": {
				"north": {"uv": [0, 0, 1.3, 0.75], "texture": "#0"},
				"east": {"uv": [0, 0, 2, 0.75], "texture": "#0"},
				"south": {"uv": [0, 0, 1.3, 0.75], "texture": "#0"},
				"west": {"uv": [0, 0, 2, 0.75], "texture": "#0"},
				"up": {"uv": [0, 0, 1.3, 2], "texture": "#0"},
				"down": {"uv": [0, 0, 1.3, 2], "texture": "#0"}
			}
		},
		{
			"from": [7.35, 4.5, 6.25],
			"to": [8.65, 5.25, 8.75],
			"rotation": {"angle": 0, "axis": "y", "origin": [7, 4.5, 6.25]},
			"faces": {
				"north": {"uv": [0, 0, 1.3, 0.75], "texture": "#0"},
				"east": {"uv": [0, 0, 2.5, 0.75], "texture": "#0"},
				"south": {"uv": [0, 0, 1.3, 0.75], "texture": "#0"},
				"west": {"uv": [0, 0, 2.5, 0.75], "texture": "#0"},
				"up": {"uv": [0, 0, 1.3, 2.5], "texture": "#0"},
				"down": {"uv": [0, 0, 1.3, 2.5], "texture": "#0"}
			}
		},
		{
			"from": [7.35, 5.25, 6],
			"to": [8.65, 6, 9],
			"rotation": {"angle": 0, "axis": "y", "origin": [7, 5.5, 6.25]},
			"faces": {
				"north": {"uv": [0, 0, 1.3, 0.75], "texture": "#0"},
				"east": {"uv": [0, 0, 3, 0.75], "texture": "#0"},
				"south": {"uv": [0, 0, 1.3, 0.75], "texture": "#0"},
				"west": {"uv": [0, 0, 3, 0.75], "texture": "#0"},
				"up": {"uv": [0, 0, 1.3, 3], "texture": "#0"},
				"down": {"uv": [0, 0, 1.3, 3], "texture": "#0"}
			}
		},
		{
			"from": [7.35, 6, 5.75],
			"to": [8.65, 6.75, 9.25],
			"rotation": {"angle": 0, "axis": "y", "origin": [7, 6, 6.25]},
			"faces": {
				"north": {"uv": [0, 0, 1.3, 0.75], "texture": "#0"},
				"east": {"uv": [0, 0, 3.5, 0.75], "texture": "#0"},
				"south": {"uv": [0, 0, 1.3, 0.75], "texture": "#0"},
				"west": {"uv": [0, 0, 3.5, 0.75], "texture": "#0"},
				"up": {"uv": [0, 0, 1.3, 3.5], "texture": "#0"},
				"down": {"uv": [0, 0, 1.3, 3.5], "texture": "#0"}
			}
		},
		{
			"from": [7.35, 6.75, 5.5],
			"to": [8.65, 7.5, 9.5],
			"rotation": {"angle": 0, "axis": "y", "origin": [7, 6.75, 6.25]},
			"faces": {
				"north": {"uv": [0, 0, 1.3, 0.75], "texture": "#0"},
				"east": {"uv": [0, 0, 4, 0.75], "texture": "#0"},
				"south": {"uv": [0, 0, 1.3, 0.75], "texture": "#0"},
				"west": {"uv": [0, 0, 4, 0.75], "texture": "#0"},
				"up": {"uv": [0, 0, 1.3, 4], "texture": "#0"},
				"down": {"uv": [0, 0, 1.3, 4], "texture": "#0"}
			}
		},
		{
			"from": [7.35, 7.5, 5.25],
			"to": [8.65, 8.25, 9.75],
			"rotation": {"angle": 0, "axis": "y", "origin": [7, 7.5, 6.25]},
			"faces": {
				"north": {"uv": [0, 0, 1.3, 0.75], "texture": "#0"},
				"east": {"uv": [0, 0, 4.5, 0.75], "texture": "#0"},
				"south": {"uv": [0, 0, 1.3, 0.75], "texture": "#0"},
				"west": {"uv": [0, 0, 4.5, 0.75], "texture": "#0"},
				"up": {"uv": [0, 0, 1.3, 4.5], "texture": "#0"},
				"down": {"uv": [0, 0, 1.3, 4.5], "texture": "#0"}
			}
		},
		{
			"from": [7.35, 8.25, 5],
			"to": [8.65, 9, 10],
			"rotation": {"angle": 0, "axis": "y", "origin": [7, 8.25, 6.25]},
			"faces": {
				"north": {"uv": [0, 0, 1.3, 0.75], "texture": "#0"},
				"east": {"uv": [0, 0, 5, 0.75], "texture": "#0"},
				"south": {"uv": [0, 0, 1.3, 0.75], "texture": "#0"},
				"west": {"uv": [0, 0, 5, 0.75], "texture": "#0"},
				"up": {"uv": [0, 0, 1.3, 5], "texture": "#0"},
				"down": {"uv": [0, 0, 1.3, 5], "texture": "#0"}
			}
		},
		{
			"from": [7.35, 9, 5],
			"to": [8.65, 9.75, 10],
			"rotation": {"angle": 0, "axis": "y", "origin": [7, 9, 6.25]},
			"faces": {
				"north": {"uv": [0, 0, 1.3, 0.75], "texture": "#0"},
				"east": {"uv": [0, 0, 5, 0.75], "texture": "#0"},
				"south": {"uv": [0, 0, 1.3, 0.75], "texture": "#0"},
				"west": {"uv": [0, 0, 5, 0.75], "texture": "#0"},
				"up": {"uv": [0, 0, 1.3, 5], "texture": "#0"},
				"down": {"uv": [0, 0, 1.3, 5], "texture": "#0"}
			}
		},
		{
			"from": [7.35, 9.75, 5.25],
			"to": [8.65, 10.75, 9.75],
			"rotation": {"angle": 0, "axis": "y", "origin": [7, 9.75, 6.25]},
			"faces": {
				"north": {"uv": [0, 0, 1.3, 1], "texture": "#0"},
				"east": {"uv": [0, 0, 4.5, 1], "texture": "#0"},
				"south": {"uv": [0, 0, 1.3, 1], "texture": "#0"},
				"west": {"uv": [0, 0, 4.5, 1], "texture": "#0"},
				"up": {"uv": [0, 0, 1.3, 4.5], "texture": "#0"},
				"down": {"uv": [0, 0, 1.3, 4.5], "texture": "#0"}
			}
		},
		{
			"from": [7.35, 10.75, 5.5],
			"to": [8.65, 11.75, 9.5],
			"rotation": {"angle": 0, "axis": "y", "origin": [7, 10.75, 6.25]},
			"faces": {
				"north": {"uv": [0, 0, 1.3, 1], "texture": "#0"},
				"east": {"uv": [0, 0, 4, 1], "texture": "#0"},
				"south": {"uv": [0, 0, 1.3, 1], "texture": "#0"},
				"west": {"uv": [0, 0, 4, 1], "texture": "#0"},
				"up": {"uv": [0, 0, 1.3, 4], "texture": "#0"},
				"down": {"uv": [0, 0, 1.3, 4], "texture": "#0"}
			}
		},
		{
			"from": [7.35, 11.75, 5.75],
			"to": [8.65, 12.75, 9.25],
			"rotation": {"angle": 0, "axis": "y", "origin": [7, 11.75, 6.25]},
			"faces": {
				"north": {"uv": [0, 0, 1.3, 1], "texture": "#0"},
				"east": {"uv": [0, 0, 3.5, 1], "texture": "#0"},
				"south": {"uv": [0, 0, 1.3, 1], "texture": "#0"},
				"west": {"uv": [0, 0, 3.5, 1], "texture": "#0"},
				"up": {"uv": [0, 0, 1.3, 3.5], "texture": "#0"},
				"down": {"uv": [0, 0, 1.3, 3.5], "texture": "#0"}
			}
		},
		{
			"from": [7.35, 12.75, 6],
			"to": [8.65, 13.75, 9],
			"rotation": {"angle": 0, "axis": "y", "origin": [7, 12.75, 6.25]},
			"faces": {
				"north": {"uv": [0, 0, 1.3, 1], "texture": "#0"},
				"east": {"uv": [0, 0, 3, 1], "texture": "#0"},
				"south": {"uv": [0, 0, 1.3, 1], "texture": "#0"},
				"west": {"uv": [0, 0, 3, 1], "texture": "#0"},
				"up": {"uv": [0, 0, 1.3, 3], "texture": "#0"},
				"down": {"uv": [0, 0, 1.3, 3], "texture": "#0"}
			}
		},
		{
			"from": [7.35, 13.75, 6.25],
			"to": [8.65, 14.75, 8.75],
			"rotation": {"angle": 0, "axis": "y", "origin": [7, 13.75, 6.25]},
			"faces": {
				"north": {"uv": [0, 0, 1.3, 1], "texture": "#0"},
				"east": {"uv": [0, 0, 2.5, 1], "texture": "#0"},
				"south": {"uv": [0, 0, 1.3, 1], "texture": "#0"},
				"west": {"uv": [0, 0, 2.5, 1], "texture": "#0"},
				"up": {"uv": [0, 0, 1.3, 2.5], "texture": "#0"},
				"down": {"uv": [0, 0, 1.3, 2.5], "texture": "#0"}
			}
		},
		{
			"from": [7.35, 15.75, 6.75],
			"to": [8.65, 16.75, 8.25],
			"rotation": {"angle": 0, "axis": "y", "origin": [7, 15.75, 6.25]},
			"faces": {
				"north": {"uv": [0, 0, 1.3, 1], "texture": "#0"},
				"east": {"uv": [0, 0, 1.5, 1], "texture": "#0"},
				"south": {"uv": [0, 0, 1.3, 1], "texture": "#0"},
				"west": {"uv": [0, 0, 1.5, 1], "texture": "#0"},
				"up": {"uv": [0, 0, 1.3, 1.5], "texture": "#0"},
				"down": {"uv": [0, 0, 1.3, 1.5], "texture": "#0"}
			}
		},
		{
			"from": [7.35, 16.75, 7],
			"to": [8.65, 17.75, 8],
			"rotation": {"angle": 0, "axis": "y", "origin": [7, 16.75, 6.25]},
			"faces": {
				"north": {"uv": [0, 0, 1.3, 1], "texture": "#0"},
				"east": {"uv": [0, 0, 1, 1], "texture": "#0"},
				"south": {"uv": [0, 0, 1.3, 1], "texture": "#0"},
				"west": {"uv": [0, 0, 1, 1], "texture": "#0"},
				"up": {"uv": [0, 0, 1.3, 1], "texture": "#0"},
				"down": {"uv": [0, 0, 1.3, 1], "texture": "#0"}
			}
		},
		{
			"from": [7.35, 17.75, 7.25],
			"to": [8.65, 18.75, 7.75],
			"rotation": {"angle": 0, "axis": "y", "origin": [7, 17.75, 6.25]},
			"faces": {
				"north": {"uv": [0, 0, 1.3, 1], "texture": "#0"},
				"east": {"uv": [0, 0, 0.5, 1], "texture": "#0"},
				"south": {"uv": [0, 0, 1.3, 1], "texture": "#0"},
				"west": {"uv": [0, 0, 0.5, 1], "texture": "#0"},
				"up": {"uv": [0, 0, 1.3, 0.5], "texture": "#0"},
				"down": {"uv": [0, 0, 1.3, 0.5], "texture": "#0"}
			}
		},
		{
			"from": [7.35, 14.75, 6.5],
			"to": [8.65, 15.75, 8.5],
			"rotation": {"angle": 0, "axis": "y", "origin": [7, 14.75, 6.25]},
			"faces": {
				"north": {"uv": [0, 0, 1.3, 1], "texture": "#0"},
				"east": {"uv": [0, 0, 2, 1], "texture": "#0"},
				"south": {"uv": [0, 0, 1.3, 1], "texture": "#0"},
				"west": {"uv": [0, 0, 2, 1], "texture": "#0"},
				"up": {"uv": [0, 0, 1.3, 2], "texture": "#0"},
				"down": {"uv": [0, 0, 1.3, 2], "texture": "#0"}
			}
		},
		{
			"from": [7.1, 2.5, 7.25],
			"to": [8.9, 3.25, 7.75],
			"rotation": {"angle": 0, "axis": "y", "origin": [7, 2.5, 6.25]},
			"faces": {
				"north": {"uv": [0, 0, 1.8, 0.75], "texture": "#0"},
				"east": {"uv": [0, 0, 0.5, 0.75], "texture": "#0"},
				"south": {"uv": [0, 0, 1.8, 0.75], "texture": "#0"},
				"west": {"uv": [0, 0, 0.5, 0.75], "texture": "#0"},
				"up": {"uv": [0, 0, 1.8, 0.5], "texture": "#0"},
				"down": {"uv": [0, 0, 1.8, 0.5], "texture": "#0"}
			}
		},
		{
			"from": [7.1, 3.25, 7],
			"to": [8.9, 4, 8],
			"rotation": {"angle": 0, "axis": "y", "origin": [7, 2.75, 6.25]},
			"faces": {
				"north": {"uv": [0, 0, 1.8, 0.75], "texture": "#0"},
				"east": {"uv": [0, 0, 1, 0.75], "texture": "#0"},
				"south": {"uv": [0, 0, 1.8, 0.75], "texture": "#0"},
				"west": {"uv": [0, 0, 1, 0.75], "texture": "#0"},
				"up": {"uv": [0, 0, 1.8, 1], "texture": "#0"},
				"down": {"uv": [0, 0, 1.8, 1], "texture": "#0"}
			}
		},
		{
			"from": [7.1, 4, 6.75],
			"to": [8.9, 4.75, 8.25],
			"rotation": {"angle": 0, "axis": "y", "origin": [7, 4, 6.25]},
			"faces": {
				"north": {"uv": [0, 0, 1.8, 0.75], "texture": "#0"},
				"east": {"uv": [0, 0, 1.5, 0.75], "texture": "#0"},
				"south": {"uv": [0, 0, 1.8, 0.75], "texture": "#0"},
				"west": {"uv": [0, 0, 1.5, 0.75], "texture": "#0"},
				"up": {"uv": [0, 0, 1.8, 1.5], "texture": "#0"},
				"down": {"uv": [0, 0, 1.8, 1.5], "texture": "#0"}
			}
		},
		{
			"from": [7.1, 4.75, 6.5],
			"to": [8.9, 5.5, 8.5],
			"rotation": {"angle": 0, "axis": "y", "origin": [7, 4.75, 6.25]},
			"faces": {
				"north": {"uv": [0, 0, 1.8, 0.75], "texture": "#0"},
				"east": {"uv": [0, 0, 2, 0.75], "texture": "#0"},
				"south": {"uv": [0, 0, 1.8, 0.75], "texture": "#0"},
				"west": {"uv": [0, 0, 2, 0.75], "texture": "#0"},
				"up": {"uv": [0, 0, 1.8, 2], "texture": "#0"},
				"down": {"uv": [0, 0, 1.8, 2], "texture": "#0"}
			}
		},
		{
			"from": [7.1, 5.5, 6.25],
			"to": [8.9, 6.25, 8.75],
			"rotation": {"angle": 0, "axis": "y", "origin": [7, 5.75, 6.25]},
			"faces": {
				"north": {"uv": [0, 0, 1.8, 0.75], "texture": "#0"},
				"east": {"uv": [0, 0, 2.5, 0.75], "texture": "#0"},
				"south": {"uv": [0, 0, 1.8, 0.75], "texture": "#0"},
				"west": {"uv": [0, 0, 2.5, 0.75], "texture": "#0"},
				"up": {"uv": [0, 0, 1.8, 2.5], "texture": "#0"},
				"down": {"uv": [0, 0, 1.8, 2.5], "texture": "#0"}
			}
		},
		{
			"from": [7.1, 6.25, 6],
			"to": [8.9, 7, 9],
			"rotation": {"angle": 0, "axis": "y", "origin": [7, 6.25, 6.25]},
			"faces": {
				"north": {"uv": [0, 0, 1.8, 0.75], "texture": "#0"},
				"east": {"uv": [0, 0, 3, 0.75], "texture": "#0"},
				"south": {"uv": [0, 0, 1.8, 0.75], "texture": "#0"},
				"west": {"uv": [0, 0, 3, 0.75], "texture": "#0"},
				"up": {"uv": [0, 0, 1.8, 3], "texture": "#0"},
				"down": {"uv": [0, 0, 1.8, 3], "texture": "#0"}
			}
		},
		{
			"from": [7.1, 7, 5.75],
			"to": [8.9, 7.75, 9.25],
			"rotation": {"angle": 0, "axis": "y", "origin": [7, 7, 6.25]},
			"faces": {
				"north": {"uv": [0, 0, 1.8, 0.75], "texture": "#0"},
				"east": {"uv": [0, 0, 3.5, 0.75], "texture": "#0"},
				"south": {"uv": [0, 0, 1.8, 0.75], "texture": "#0"},
				"west": {"uv": [0, 0, 3.5, 0.75], "texture": "#0"},
				"up": {"uv": [0, 0, 1.8, 3.5], "texture": "#0"},
				"down": {"uv": [0, 0, 1.8, 3.5], "texture": "#0"}
			}
		},
		{
			"from": [7.1, 7.75, 5.5],
			"to": [8.9, 8.5, 9.5],
			"rotation": {"angle": 0, "axis": "y", "origin": [7, 7.75, 6.25]},
			"faces": {
				"north": {"uv": [0, 0, 1.8, 0.75], "texture": "#0"},
				"east": {"uv": [0, 0, 4, 0.75], "texture": "#0"},
				"south": {"uv": [0, 0, 1.8, 0.75], "texture": "#0"},
				"west": {"uv": [0, 0, 4, 0.75], "texture": "#0"},
				"up": {"uv": [0, 0, 1.8, 4], "texture": "#0"},
				"down": {"uv": [0, 0, 1.8, 4], "texture": "#0"}
			}
		},
		{
			"from": [6.85, 8, 5.75],
			"to": [9.15, 8.75, 9.25],
			"rotation": {"angle": 0, "axis": "y", "origin": [7, 8, 6.25]},
			"faces": {
				"north": {"uv": [0, 0, 2.3, 0.75], "texture": "#0"},
				"east": {"uv": [0, 0, 3.5, 0.75], "texture": "#0"},
				"south": {"uv": [0, 0, 2.3, 0.75], "texture": "#0"},
				"west": {"uv": [0, 0, 3.5, 0.75], "texture": "#0"},
				"up": {"uv": [0, 0, 2.3, 3.5], "texture": "#0"},
				"down": {"uv": [0, 0, 2.3, 3.5], "texture": "#0"}
			}
		},
		{
			"from": [6.85, 7.25, 6],
			"to": [9.15, 8, 9],
			"rotation": {"angle": 0, "axis": "y", "origin": [7, 7.25, 6.25]},
			"faces": {
				"north": {"uv": [0, 0, 2.3, 0.75], "texture": "#0"},
				"east": {"uv": [0, 0, 3, 0.75], "texture": "#0"},
				"south": {"uv": [0, 0, 2.3, 0.75], "texture": "#0"},
				"west": {"uv": [0, 0, 3, 0.75], "texture": "#0"},
				"up": {"uv": [0, 0, 2.3, 3], "texture": "#0"},
				"down": {"uv": [0, 0, 2.3, 3], "texture": "#0"}
			}
		},
		{
			"from": [6.85, 6.5, 6.25],
			"to": [9.15, 7.25, 8.75],
			"rotation": {"angle": 0, "axis": "y", "origin": [7, 6.5, 6.25]},
			"faces": {
				"north": {"uv": [0, 0, 2.3, 0.75], "texture": "#0"},
				"east": {"uv": [0, 0, 2.5, 0.75], "texture": "#0"},
				"south": {"uv": [0, 0, 2.3, 0.75], "texture": "#0"},
				"west": {"uv": [0, 0, 2.5, 0.75], "texture": "#0"},
				"up": {"uv": [0, 0, 2.3, 2.5], "texture": "#0"},
				"down": {"uv": [0, 0, 2.3, 2.5], "texture": "#0"}
			}
		},
		{
			"from": [6.85, 5.75, 6.5],
			"to": [9.15, 6.5, 8.5],
			"rotation": {"angle": 0, "axis": "y", "origin": [7, 6, 6.25]},
			"faces": {
				"north": {"uv": [0, 0, 2.3, 0.75], "texture": "#0"},
				"east": {"uv": [0, 0, 2, 0.75], "texture": "#0"},
				"south": {"uv": [0, 0, 2.3, 0.75], "texture": "#0"},
				"west": {"uv": [0, 0, 2, 0.75], "texture": "#0"},
				"up": {"uv": [0, 0, 2.3, 2], "texture": "#0"},
				"down": {"uv": [0, 0, 2.3, 2], "texture": "#0"}
			}
		},
		{
			"from": [6.85, 5, 6.75],
			"to": [9.15, 5.75, 8.25],
			"rotation": {"angle": 0, "axis": "y", "origin": [7, 5, 6.25]},
			"faces": {
				"north": {"uv": [0, 0, 2.3, 0.75], "texture": "#0"},
				"east": {"uv": [0, 0, 1.5, 0.75], "texture": "#0"},
				"south": {"uv": [0, 0, 2.3, 0.75], "texture": "#0"},
				"west": {"uv": [0, 0, 1.5, 0.75], "texture": "#0"},
				"up": {"uv": [0, 0, 2.3, 1.5], "texture": "#0"},
				"down": {"uv": [0, 0, 2.3, 1.5], "texture": "#0"}
			}
		},
		{
			"from": [6.85, 4.25, 7],
			"to": [9.15, 5, 8],
			"rotation": {"angle": 0, "axis": "y", "origin": [7, 4.25, 6.25]},
			"faces": {
				"north": {"uv": [0, 0, 2.3, 0.75], "texture": "#0"},
				"east": {"uv": [0, 0, 1, 0.75], "texture": "#0"},
				"south": {"uv": [0, 0, 2.3, 0.75], "texture": "#0"},
				"west": {"uv": [0, 0, 1, 0.75], "texture": "#0"},
				"up": {"uv": [0, 0, 2.3, 1], "texture": "#0"},
				"down": {"uv": [0, 0, 2.3, 1], "texture": "#0"}
			}
		},
		{
			"from": [6.85, 3.5, 7.25],
			"to": [9.15, 4.25, 7.75],
			"rotation": {"angle": 0, "axis": "y", "origin": [7, 3, 6.25]},
			"faces": {
				"north": {"uv": [0, 0, 2.3, 0.75], "texture": "#0"},
				"east": {"uv": [0, 0, 0.5, 0.75], "texture": "#0"},
				"south": {"uv": [0, 0, 2.3, 0.75], "texture": "#0"},
				"west": {"uv": [0, 0, 0.5, 0.75], "texture": "#0"},
				"up": {"uv": [0, 0, 2.3, 0.5], "texture": "#0"},
				"down": {"uv": [0, 0, 2.3, 0.5], "texture": "#0"}
			}
		},
		{
			"from": [7.1, 8.5, 5.25],
			"to": [8.9, 9.5, 9.75],
			"rotation": {"angle": 0, "axis": "y", "origin": [7, 8.5, 6.25]},
			"faces": {
				"north": {"uv": [0, 0, 1.8, 1], "texture": "#0"},
				"east": {"uv": [0, 0, 4.5, 1], "texture": "#0"},
				"south": {"uv": [0, 0, 1.8, 1], "texture": "#0"},
				"west": {"uv": [0, 0, 4.5, 1], "texture": "#0"},
				"up": {"uv": [0, 0, 1.8, 4.5], "texture": "#0"},
				"down": {"uv": [0, 0, 1.8, 4.5], "texture": "#0"}
			}
		},
		{
			"from": [6.85, 8.75, 5.5],
			"to": [9.15, 9.25, 9.5],
			"rotation": {"angle": 0, "axis": "y", "origin": [7, 8.5, 6.25]},
			"faces": {
				"north": {"uv": [0, 0, 2.3, 0.5], "texture": "#0"},
				"east": {"uv": [0, 0, 4, 0.5], "texture": "#0"},
				"south": {"uv": [0, 0, 2.3, 0.5], "texture": "#0"},
				"west": {"uv": [0, 0, 4, 0.5], "texture": "#0"},
				"up": {"uv": [0, 0, 2.3, 4], "texture": "#0"},
				"down": {"uv": [0, 0, 2.3, 4], "texture": "#0"}
			}
		},
		{
			"from": [7.1, 9.5, 5.5],
			"to": [8.9, 10.5, 9.5],
			"rotation": {"angle": 0, "axis": "y", "origin": [7, 9.5, 6.25]},
			"faces": {
				"north": {"uv": [0, 0, 1.8, 1], "texture": "#0"},
				"east": {"uv": [0, 0, 4, 1], "texture": "#0"},
				"south": {"uv": [0, 0, 1.8, 1], "texture": "#0"},
				"west": {"uv": [0, 0, 4, 1], "texture": "#0"},
				"up": {"uv": [0, 0, 1.8, 4], "texture": "#0"},
				"down": {"uv": [0, 0, 1.8, 4], "texture": "#0"}
			}
		},
		{
			"from": [7.1, 10.5, 5.75],
			"to": [8.9, 11.5, 9.25],
			"rotation": {"angle": 0, "axis": "y", "origin": [7, 10.5, 6.25]},
			"faces": {
				"north": {"uv": [0, 0, 1.8, 1], "texture": "#0"},
				"east": {"uv": [0, 0, 3.5, 1], "texture": "#0"},
				"south": {"uv": [0, 0, 1.8, 1], "texture": "#0"},
				"west": {"uv": [0, 0, 3.5, 1], "texture": "#0"},
				"up": {"uv": [0, 0, 1.8, 3.5], "texture": "#0"},
				"down": {"uv": [0, 0, 1.8, 3.5], "texture": "#0"}
			}
		},
		{
			"from": [7.1, 11.5, 6],
			"to": [8.9, 12.5, 9],
			"rotation": {"angle": 0, "axis": "y", "origin": [7, 11.5, 6.25]},
			"faces": {
				"north": {"uv": [0, 0, 1.8, 1], "texture": "#0"},
				"east": {"uv": [0, 0, 3, 1], "texture": "#0"},
				"south": {"uv": [0, 0, 1.8, 1], "texture": "#0"},
				"west": {"uv": [0, 0, 3, 1], "texture": "#0"},
				"up": {"uv": [0, 0, 1.8, 3], "texture": "#0"},
				"down": {"uv": [0, 0, 1.8, 3], "texture": "#0"}
			}
		},
		{
			"from": [7.1, 12.5, 6.25],
			"to": [8.9, 13.5, 8.75],
			"rotation": {"angle": 0, "axis": "y", "origin": [7, 12.5, 6.25]},
			"faces": {
				"north": {"uv": [0, 0, 1.8, 1], "texture": "#0"},
				"east": {"uv": [0, 0, 2.5, 1], "texture": "#0"},
				"south": {"uv": [0, 0, 1.8, 1], "texture": "#0"},
				"west": {"uv": [0, 0, 2.5, 1], "texture": "#0"},
				"up": {"uv": [0, 0, 1.8, 2.5], "texture": "#0"},
				"down": {"uv": [0, 0, 1.8, 2.5], "texture": "#0"}
			}
		},
		{
			"from": [7.1, 13.5, 6.5],
			"to": [8.9, 14.5, 8.5],
			"rotation": {"angle": 0, "axis": "y", "origin": [7, 13.5, 6.25]},
			"faces": {
				"north": {"uv": [0, 0, 1.8, 1], "texture": "#0"},
				"east": {"uv": [0, 0, 2, 1], "texture": "#0"},
				"south": {"uv": [0, 0, 1.8, 1], "texture": "#0"},
				"west": {"uv": [0, 0, 2, 1], "texture": "#0"},
				"up": {"uv": [0, 0, 1.8, 2], "texture": "#0"},
				"down": {"uv": [0, 0, 1.8, 2], "texture": "#0"}
			}
		},
		{
			"from": [7.1, 16.5, 7.25],
			"to": [8.9, 17.5, 7.75],
			"rotation": {"angle": 0, "axis": "y", "origin": [7, 16.5, 6.25]},
			"faces": {
				"north": {"uv": [0, 0, 1.8, 1], "texture": "#0"},
				"east": {"uv": [0, 0, 0.5, 1], "texture": "#0"},
				"south": {"uv": [0, 0, 1.8, 1], "texture": "#0"},
				"west": {"uv": [0, 0, 0.5, 1], "texture": "#0"},
				"up": {"uv": [0, 0, 1.8, 0.5], "texture": "#0"},
				"down": {"uv": [0, 0, 1.8, 0.5], "texture": "#0"}
			}
		},
		{
			"from": [7.1, 15.5, 7],
			"to": [8.9, 16.5, 8],
			"rotation": {"angle": 0, "axis": "y", "origin": [7, 15.5, 6.25]},
			"faces": {
				"north": {"uv": [0, 0, 1.8, 1], "texture": "#0"},
				"east": {"uv": [0, 0, 1, 1], "texture": "#0"},
				"south": {"uv": [0, 0, 1.8, 1], "texture": "#0"},
				"west": {"uv": [0, 0, 1, 1], "texture": "#0"},
				"up": {"uv": [0, 0, 1.8, 1], "texture": "#0"},
				"down": {"uv": [0, 0, 1.8, 1], "texture": "#0"}
			}
		},
		{
			"from": [7.1, 14.5, 6.75],
			"to": [8.9, 15.5, 8.25],
			"rotation": {"angle": 0, "axis": "y", "origin": [7, 14.5, 6.25]},
			"faces": {
				"north": {"uv": [0, 0, 1.8, 1], "texture": "#0"},
				"east": {"uv": [0, 0, 1.5, 1], "texture": "#0"},
				"south": {"uv": [0, 0, 1.8, 1], "texture": "#0"},
				"west": {"uv": [0, 0, 1.5, 1], "texture": "#0"},
				"up": {"uv": [0, 0, 1.8, 1.5], "texture": "#0"},
				"down": {"uv": [0, 0, 1.8, 1.5], "texture": "#0"}
			}
		},
		{
			"from": [6.85, 9.25, 5.75],
			"to": [9.15, 10.25, 9.25],
			"rotation": {"angle": 0, "axis": "y", "origin": [7, 9.25, 6.25]},
			"faces": {
				"north": {"uv": [0, 0, 2.3, 1], "texture": "#0"},
				"east": {"uv": [0, 0, 3.5, 1], "texture": "#0"},
				"south": {"uv": [0, 0, 2.3, 1], "texture": "#0"},
				"west": {"uv": [0, 0, 3.5, 1], "texture": "#0"},
				"up": {"uv": [0, 0, 2.3, 3.5], "texture": "#0"},
				"down": {"uv": [0, 0, 2.3, 3.5], "texture": "#0"}
			}
		},
		{
			"from": [6.85, 10.25, 6],
			"to": [9.15, 11.25, 9],
			"rotation": {"angle": 0, "axis": "y", "origin": [7, 10.25, 6.25]},
			"faces": {
				"north": {"uv": [0, 0, 2.3, 1], "texture": "#0"},
				"east": {"uv": [0, 0, 3, 1], "texture": "#0"},
				"south": {"uv": [0, 0, 2.3, 1], "texture": "#0"},
				"west": {"uv": [0, 0, 3, 1], "texture": "#0"},
				"up": {"uv": [0, 0, 2.3, 3], "texture": "#0"},
				"down": {"uv": [0, 0, 2.3, 3], "texture": "#0"}
			}
		},
		{
			"from": [6.85, 11.25, 6.25],
			"to": [9.15, 12.25, 8.75],
			"rotation": {"angle": 0, "axis": "y", "origin": [7, 11.25, 6.25]},
			"faces": {
				"north": {"uv": [0, 0, 2.3, 1], "texture": "#0"},
				"east": {"uv": [0, 0, 2.5, 1], "texture": "#0"},
				"south": {"uv": [0, 0, 2.3, 1], "texture": "#0"},
				"west": {"uv": [0, 0, 2.5, 1], "texture": "#0"},
				"up": {"uv": [0, 0, 2.3, 2.5], "texture": "#0"},
				"down": {"uv": [0, 0, 2.3, 2.5], "texture": "#0"}
			}
		},
		{
			"from": [6.85, 12.25, 6.5],
			"to": [9.15, 13.25, 8.5],
			"rotation": {"angle": 0, "axis": "y", "origin": [7, 12.25, 6.25]},
			"faces": {
				"north": {"uv": [0, 0, 2.3, 1], "texture": "#0"},
				"east": {"uv": [0, 0, 2, 1], "texture": "#0"},
				"south": {"uv": [0, 0, 2.3, 1], "texture": "#0"},
				"west": {"uv": [0, 0, 2, 1], "texture": "#0"},
				"up": {"uv": [0, 0, 2.3, 2], "texture": "#0"},
				"down": {"uv": [0, 0, 2.3, 2], "texture": "#0"}
			}
		},
		{
			"from": [6.85, 13.25, 6.75],
			"to": [9.15, 14.25, 8.25],
			"rotation": {"angle": 0, "axis": "y", "origin": [7, 13.25, 6.25]},
			"faces": {
				"north": {"uv": [0, 0, 2.3, 1], "texture": "#0"},
				"east": {"uv": [0, 0, 1.5, 1], "texture": "#0"},
				"south": {"uv": [0, 0, 2.3, 1], "texture": "#0"},
				"west": {"uv": [0, 0, 1.5, 1], "texture": "#0"},
				"up": {"uv": [0, 0, 2.3, 1.5], "texture": "#0"},
				"down": {"uv": [0, 0, 2.3, 1.5], "texture": "#0"}
			}
		},
		{
			"from": [6.6, 5.25, 7],
			"to": [9.4, 6, 8],
			"rotation": {"angle": 0, "axis": "y", "origin": [7, 5.25, 6.25]},
			"faces": {
				"north": {"uv": [0, 0, 2.8, 0.75], "texture": "#0"},
				"east": {"uv": [0, 0, 1, 0.75], "texture": "#0"},
				"south": {"uv": [0, 0, 2.8, 0.75], "texture": "#0"},
				"west": {"uv": [0, 0, 1, 0.75], "texture": "#0"},
				"up": {"uv": [0, 0, 2.8, 1], "texture": "#0"},
				"down": {"uv": [0, 0, 2.8, 1], "texture": "#0"}
			}
		},
		{
			"from": [6.6, 4.5, 7.25],
			"to": [9.4, 5.25, 7.75],
			"rotation": {"angle": 0, "axis": "y", "origin": [7, 4.5, 6.25]},
			"faces": {
				"north": {"uv": [0, 0, 2.8, 0.75], "texture": "#0"},
				"east": {"uv": [0, 0, 0.5, 0.75], "texture": "#0"},
				"south": {"uv": [0, 0, 2.8, 0.75], "texture": "#0"},
				"west": {"uv": [0, 0, 0.5, 0.75], "texture": "#0"},
				"up": {"uv": [0, 0, 2.8, 0.5], "texture": "#0"},
				"down": {"uv": [0, 0, 2.8, 0.5], "texture": "#0"}
			}
		},
		{
			"from": [6.6, 6, 6.75],
			"to": [9.4, 6.75, 8.25],
			"rotation": {"angle": 0, "axis": "y", "origin": [7, 6, 6.25]},
			"faces": {
				"north": {"uv": [0, 0, 2.8, 0.75], "texture": "#0"},
				"east": {"uv": [0, 0, 1.5, 0.75], "texture": "#0"},
				"south": {"uv": [0, 0, 2.8, 0.75], "texture": "#0"},
				"west": {"uv": [0, 0, 1.5, 0.75], "texture": "#0"},
				"up": {"uv": [0, 0, 2.8, 1.5], "texture": "#0"},
				"down": {"uv": [0, 0, 2.8, 1.5], "texture": "#0"}
			}
		},
		{
			"from": [6.6, 6.75, 6.5],
			"to": [9.4, 7.5, 8.5],
			"rotation": {"angle": 0, "axis": "y", "origin": [7, 7, 6.25]},
			"faces": {
				"north": {"uv": [0, 0, 2.8, 0.75], "texture": "#0"},
				"east": {"uv": [0, 0, 2, 0.75], "texture": "#0"},
				"south": {"uv": [0, 0, 2.8, 0.75], "texture": "#0"},
				"west": {"uv": [0, 0, 2, 0.75], "texture": "#0"},
				"up": {"uv": [0, 0, 2.8, 2], "texture": "#0"},
				"down": {"uv": [0, 0, 2.8, 2], "texture": "#0"}
			}
		},
		{
			"from": [6.6, 11, 6.5],
			"to": [9.4, 12, 8.5],
			"rotation": {"angle": 0, "axis": "y", "origin": [7, 11.25, 6.25]},
			"faces": {
				"north": {"uv": [0, 0, 2.8, 1], "texture": "#0"},
				"east": {"uv": [0, 0, 2, 1], "texture": "#0"},
				"south": {"uv": [0, 0, 2.8, 1], "texture": "#0"},
				"west": {"uv": [0, 0, 2, 1], "texture": "#0"},
				"up": {"uv": [0, 0, 2.8, 2], "texture": "#0"},
				"down": {"uv": [0, 0, 2.8, 2], "texture": "#0"}
			}
		},
		{
			"from": [6.6, 12, 6.75],
			"to": [9.4, 13, 8.25],
			"rotation": {"angle": 0, "axis": "y", "origin": [7, 12, 6.25]},
			"faces": {
				"north": {"uv": [0, 0, 2.8, 1], "texture": "#0"},
				"east": {"uv": [0, 0, 1.5, 1], "texture": "#0"},
				"south": {"uv": [0, 0, 2.8, 1], "texture": "#0"},
				"west": {"uv": [0, 0, 1.5, 1], "texture": "#0"},
				"up": {"uv": [0, 0, 2.8, 1.5], "texture": "#0"},
				"down": {"uv": [0, 0, 2.8, 1.5], "texture": "#0"}
			}
		},
		{
			"from": [6.6, 13, 7],
			"to": [9.4, 14, 8],
			"rotation": {"angle": 0, "axis": "y", "origin": [7, 13, 6.25]},
			"faces": {
				"north": {"uv": [0, 0, 2.8, 1], "texture": "#0"},
				"east": {"uv": [0, 0, 1, 1], "texture": "#0"},
				"south": {"uv": [0, 0, 2.8, 1], "texture": "#0"},
				"west": {"uv": [0, 0, 1, 1], "texture": "#0"},
				"up": {"uv": [0, 0, 2.8, 1], "texture": "#0"},
				"down": {"uv": [0, 0, 2.8, 1], "texture": "#0"}
			}
		},
		{
			"from": [6.6, 14, 7.25],
			"to": [9.4, 15, 7.75],
			"rotation": {"angle": 0, "axis": "y", "origin": [7, 14, 6.25]},
			"faces": {
				"north": {"uv": [0, 0, 2.8, 1], "texture": "#0"},
				"east": {"uv": [0, 0, 0.5, 1], "texture": "#0"},
				"south": {"uv": [0, 0, 2.8, 1], "texture": "#0"},
				"west": {"uv": [0, 0, 0.5, 1], "texture": "#0"},
				"up": {"uv": [0, 0, 2.8, 0.5], "texture": "#0"},
				"down": {"uv": [0, 0, 2.8, 0.5], "texture": "#0"}
			}
		},
		{
			"from": [6.6, 7.5, 6.25],
			"to": [9.4, 8.25, 8.75],
			"rotation": {"angle": 0, "axis": "y", "origin": [7, 7.5, 6.25]},
			"faces": {
				"north": {"uv": [0, 0, 2.8, 0.75], "texture": "#0"},
				"east": {"uv": [0, 0, 2.5, 0.75], "texture": "#0"},
				"south": {"uv": [0, 0, 2.8, 0.75], "texture": "#0"},
				"west": {"uv": [0, 0, 2.5, 0.75], "texture": "#0"},
				"up": {"uv": [0, 0, 2.8, 2.5], "texture": "#0"},
				"down": {"uv": [0, 0, 2.8, 2.5], "texture": "#0"}
			}
		},
		{
			"from": [6.35, 5.5, 7.25],
			"to": [9.65, 6.25, 7.75],
			"rotation": {"angle": 0, "axis": "y", "origin": [7, 5.5, 6.25]},
			"faces": {
				"north": {"uv": [0, 0, 3.3, 0.75], "texture": "#0"},
				"east": {"uv": [0, 0, 0.5, 0.75], "texture": "#0"},
				"south": {"uv": [0, 0, 3.3, 0.75], "texture": "#0"},
				"west": {"uv": [0, 0, 0.5, 0.75], "texture": "#0"},
				"up": {"uv": [0, 0, 3.3, 0.5], "texture": "#0"},
				"down": {"uv": [0, 0, 3.3, 0.5], "texture": "#0"}
			}
		},
		{
			"from": [6.35, 6.25, 7],
			"to": [9.65, 7, 8],
			"rotation": {"angle": 0, "axis": "y", "origin": [7, 6.25, 6.25]},
			"faces": {
				"north": {"uv": [0, 0, 3.3, 0.75], "texture": "#0"},
				"east": {"uv": [0, 0, 1, 0.75], "texture": "#0"},
				"south": {"uv": [0, 0, 3.3, 0.75], "texture": "#0"},
				"west": {"uv": [0, 0, 1, 0.75], "texture": "#0"},
				"up": {"uv": [0, 0, 3.3, 1], "texture": "#0"},
				"down": {"uv": [0, 0, 3.3, 1], "texture": "#0"}
			}
		},
		{
			"from": [6.35, 7, 6.75],
			"to": [9.65, 7.75, 8.25],
			"rotation": {"angle": 0, "axis": "y", "origin": [7, 7, 6.25]},
			"faces": {
				"north": {"uv": [0, 0, 3.3, 0.75], "texture": "#0"},
				"east": {"uv": [0, 0, 1.5, 0.75], "texture": "#0"},
				"south": {"uv": [0, 0, 3.3, 0.75], "texture": "#0"},
				"west": {"uv": [0, 0, 1.5, 0.75], "texture": "#0"},
				"up": {"uv": [0, 0, 3.3, 1.5], "texture": "#0"},
				"down": {"uv": [0, 0, 3.3, 1.5], "texture": "#0"}
			}
		},
		{
			"from": [6.35, 7.75, 6.5],
			"to": [9.65, 8.5, 8.5],
			"rotation": {"angle": 0, "axis": "y", "origin": [7, 8, 6.25]},
			"faces": {
				"north": {"uv": [0, 0, 3.3, 0.75], "texture": "#0"},
				"east": {"uv": [0, 0, 2, 0.75], "texture": "#0"},
				"south": {"uv": [0, 0, 3.3, 0.75], "texture": "#0"},
				"west": {"uv": [0, 0, 2, 0.75], "texture": "#0"},
				"up": {"uv": [0, 0, 3.3, 2], "texture": "#0"},
				"down": {"uv": [0, 0, 3.3, 2], "texture": "#0"}
			}
		},
		{
			"from": [6.1, 6.5, 7.25],
			"to": [9.9, 7.25, 7.75],
			"rotation": {"angle": 0, "axis": "y", "origin": [7, 6.5, 6.25]},
			"faces": {
				"north": {"uv": [0, 0, 3.8, 0.75], "texture": "#0"},
				"east": {"uv": [0, 0, 0.5, 0.75], "texture": "#0"},
				"south": {"uv": [0, 0, 3.8, 0.75], "texture": "#0"},
				"west": {"uv": [0, 0, 0.5, 0.75], "texture": "#0"},
				"up": {"uv": [0, 0, 3.8, 0.5], "texture": "#0"},
				"down": {"uv": [0, 0, 3.8, 0.5], "texture": "#0"}
			}
		},
		{
			"from": [6.1, 7.25, 7],
			"to": [9.9, 8, 8],
			"rotation": {"angle": 0, "axis": "y", "origin": [7, 7.25, 6.25]},
			"faces": {
				"north": {"uv": [0, 0, 3.8, 0.75], "texture": "#0"},
				"east": {"uv": [0, 0, 1, 0.75], "texture": "#0"},
				"south": {"uv": [0, 0, 3.8, 0.75], "texture": "#0"},
				"west": {"uv": [0, 0, 1, 0.75], "texture": "#0"},
				"up": {"uv": [0, 0, 3.8, 1], "texture": "#0"},
				"down": {"uv": [0, 0, 3.8, 1], "texture": "#0"}
			}
		},
		{
			"from": [6.1, 8, 6.75],
			"to": [9.9, 8.75, 8.25],
			"rotation": {"angle": 0, "axis": "y", "origin": [7, 8, 6.25]},
			"faces": {
				"north": {"uv": [0, 0, 3.8, 0.75], "texture": "#0"},
				"east": {"uv": [0, 0, 1.5, 0.75], "texture": "#0"},
				"south": {"uv": [0, 0, 3.8, 0.75], "texture": "#0"},
				"west": {"uv": [0, 0, 1.5, 0.75], "texture": "#0"},
				"up": {"uv": [0, 0, 3.8, 1.5], "texture": "#0"},
				"down": {"uv": [0, 0, 3.8, 1.5], "texture": "#0"}
			}
		},
		{
			"from": [5.85, 8.25, 7],
			"to": [10.15, 9, 8],
			"rotation": {"angle": 0, "axis": "y", "origin": [7, 8.25, 6.25]},
			"faces": {
				"north": {"uv": [0, 0, 4.3, 0.75], "texture": "#0"},
				"east": {"uv": [0, 0, 1, 0.75], "texture": "#0"},
				"south": {"uv": [0, 0, 4.3, 0.75], "texture": "#0"},
				"west": {"uv": [0, 0, 1, 0.75], "texture": "#0"},
				"up": {"uv": [0, 0, 4.3, 1], "texture": "#0"},
				"down": {"uv": [0, 0, 4.3, 1], "texture": "#0"}
			}
		},
		{
			"from": [5.6, 8.5, 7.25],
			"to": [10.4, 10, 7.75],
			"rotation": {"angle": 0, "axis": "y", "origin": [7, 8.5, 6.25]},
			"faces": {
				"north": {"uv": [0, 0, 4.8, 1.5], "texture": "#0"},
				"east": {"uv": [0, 0, 0.5, 1.5], "texture": "#0"},
				"south": {"uv": [0, 0, 4.8, 1.5], "texture": "#0"},
				"west": {"uv": [0, 0, 0.5, 1.5], "texture": "#0"},
				"up": {"uv": [0, 0, 4.8, 0.5], "texture": "#0"},
				"down": {"uv": [0, 0, 4.8, 0.5], "texture": "#0"}
			}
		},
		{
			"from": [5.85, 7.5, 7.25],
			"to": [10.15, 8.25, 7.75],
			"rotation": {"angle": 0, "axis": "y", "origin": [7, 7.5, 6.25]},
			"faces": {
				"north": {"uv": [0, 0, 4.3, 0.75], "texture": "#0"},
				"east": {"uv": [0, 0, 0.5, 0.75], "texture": "#0"},
				"south": {"uv": [0, 0, 4.3, 0.75], "texture": "#0"},
				"west": {"uv": [0, 0, 0.5, 0.75], "texture": "#0"},
				"up": {"uv": [0, 0, 4.3, 0.5], "texture": "#0"},
				"down": {"uv": [0, 0, 4.3, 0.5], "texture": "#0"}
			}
		},
		{
			"from": [5.85, 9, 6.75],
			"to": [10.15, 9.25, 8.25],
			"rotation": {"angle": 0, "axis": "y", "origin": [7, 9, 6.25]},
			"faces": {
				"north": {"uv": [0, 0, 4.3, 0.25], "texture": "#0"},
				"east": {"uv": [0, 0, 1.5, 0.25], "texture": "#0"},
				"south": {"uv": [0, 0, 4.3, 0.25], "texture": "#0"},
				"west": {"uv": [0, 0, 1.5, 0.25], "texture": "#0"},
				"up": {"uv": [0, 0, 4.3, 1.5], "texture": "#0"},
				"down": {"uv": [0, 0, 4.3, 1.5], "texture": "#0"}
			}
		},
		{
			"from": [6.1, 8.75, 6.5],
			"to": [9.9, 9.5, 8.5],
			"rotation": {"angle": 0, "axis": "y", "origin": [7, 9, 6.25]},
			"faces": {
				"north": {"uv": [0, 0, 3.8, 0.75], "texture": "#0"},
				"east": {"uv": [0, 0, 2, 0.75], "texture": "#0"},
				"south": {"uv": [0, 0, 3.8, 0.75], "texture": "#0"},
				"west": {"uv": [0, 0, 2, 0.75], "texture": "#0"},
				"up": {"uv": [0, 0, 3.8, 2], "texture": "#0"},
				"down": {"uv": [0, 0, 3.8, 2], "texture": "#0"}
			}
		},
		{
			"from": [6.35, 8.5, 6.25],
			"to": [9.65, 9.75, 8.75],
			"rotation": {"angle": 0, "axis": "y", "origin": [7, 8.5, 6.25]},
			"faces": {
				"north": {"uv": [0, 0, 3.3, 1.25], "texture": "#0"},
				"east": {"uv": [0, 0, 2.5, 1.25], "texture": "#0"},
				"south": {"uv": [0, 0, 3.3, 1.25], "texture": "#0"},
				"west": {"uv": [0, 0, 2.5, 1.25], "texture": "#0"},
				"up": {"uv": [0, 0, 3.3, 2.5], "texture": "#0"},
				"down": {"uv": [0, 0, 3.3, 2.5], "texture": "#0"}
			}
		},
		{
			"from": [6.35, 9.75, 6.5],
			"to": [9.65, 10.75, 8.5],
			"rotation": {"angle": 0, "axis": "y", "origin": [7, 9.5, 6.25]},
			"faces": {
				"north": {"uv": [0, 0, 3.3, 1], "texture": "#0"},
				"east": {"uv": [0, 0, 2, 1], "texture": "#0"},
				"south": {"uv": [0, 0, 3.3, 1], "texture": "#0"},
				"west": {"uv": [0, 0, 2, 1], "texture": "#0"},
				"up": {"uv": [0, 0, 3.3, 2], "texture": "#0"},
				"down": {"uv": [0, 0, 3.3, 2], "texture": "#0"}
			}
		},
		{
			"from": [6.35, 10.75, 6.75],
			"to": [9.65, 11.75, 8.25],
			"rotation": {"angle": 0, "axis": "y", "origin": [7, 10.5, 6.25]},
			"faces": {
				"north": {"uv": [0, 0, 3.3, 1], "texture": "#0"},
				"east": {"uv": [0, 0, 1.5, 1], "texture": "#0"},
				"south": {"uv": [0, 0, 3.3, 1], "texture": "#0"},
				"west": {"uv": [0, 0, 1.5, 1], "texture": "#0"},
				"up": {"uv": [0, 0, 3.3, 1.5], "texture": "#0"},
				"down": {"uv": [0, 0, 3.3, 1.5], "texture": "#0"}
			}
		},
		{
			"from": [6.35, 11.75, 7],
			"to": [9.65, 12.75, 8],
			"rotation": {"angle": 0, "axis": "y", "origin": [7, 11.5, 6.25]},
			"faces": {
				"north": {"uv": [0, 0, 3.3, 1], "texture": "#0"},
				"east": {"uv": [0, 0, 1, 1], "texture": "#0"},
				"south": {"uv": [0, 0, 3.3, 1], "texture": "#0"},
				"west": {"uv": [0, 0, 1, 1], "texture": "#0"},
				"up": {"uv": [0, 0, 3.3, 1], "texture": "#0"},
				"down": {"uv": [0, 0, 3.3, 1], "texture": "#0"}
			}
		},
		{
			"from": [6.1, 9.5, 6.75],
			"to": [9.9, 10.5, 8.25],
			"rotation": {"angle": 0, "axis": "y", "origin": [7, 9.25, 6.25]},
			"faces": {
				"north": {"uv": [0, 0, 3.8, 1], "texture": "#0"},
				"east": {"uv": [0, 0, 1.5, 1], "texture": "#0"},
				"south": {"uv": [0, 0, 3.8, 1], "texture": "#0"},
				"west": {"uv": [0, 0, 1.5, 1], "texture": "#0"},
				"up": {"uv": [0, 0, 3.8, 1.5], "texture": "#0"},
				"down": {"uv": [0, 0, 3.8, 1.5], "texture": "#0"}
			}
		},
		{
			"from": [6.1, 10.5, 7],
			"to": [9.9, 11.5, 8],
			"rotation": {"angle": 0, "axis": "y", "origin": [7, 10.25, 6.25]},
			"faces": {
				"north": {"uv": [0, 0, 3.8, 1], "texture": "#0"},
				"east": {"uv": [0, 0, 1, 1], "texture": "#0"},
				"south": {"uv": [0, 0, 3.8, 1], "texture": "#0"},
				"west": {"uv": [0, 0, 1, 1], "texture": "#0"},
				"up": {"uv": [0, 0, 3.8, 1], "texture": "#0"},
				"down": {"uv": [0, 0, 3.8, 1], "texture": "#0"}
			}
		},
		{
			"from": [6.1, 11.5, 7.25],
			"to": [9.9, 12.5, 7.75],
			"rotation": {"angle": 0, "axis": "y", "origin": [7, 11.25, 6.25]},
			"faces": {
				"north": {"uv": [0, 0, 3.8, 1], "texture": "#0"},
				"east": {"uv": [0, 0, 0.5, 1], "texture": "#0"},
				"south": {"uv": [0, 0, 3.8, 1], "texture": "#0"},
				"west": {"uv": [0, 0, 0.5, 1], "texture": "#0"},
				"up": {"uv": [0, 0, 3.8, 0.5], "texture": "#0"},
				"down": {"uv": [0, 0, 3.8, 0.5], "texture": "#0"}
			}
		},
		{
			"from": [5.85, 9.25, 7],
			"to": [10.15, 10.25, 8],
			"rotation": {"angle": 0, "axis": "y", "origin": [7, 9, 6.25]},
			"faces": {
				"north": {"uv": [0, 0, 4.3, 1], "texture": "#0"},
				"east": {"uv": [0, 0, 1, 1], "texture": "#0"},
				"south": {"uv": [0, 0, 4.3, 1], "texture": "#0"},
				"west": {"uv": [0, 0, 1, 1], "texture": "#0"},
				"up": {"uv": [0, 0, 4.3, 1], "texture": "#0"},
				"down": {"uv": [0, 0, 4.3, 1], "texture": "#0"}
			}
		},
		{
			"from": [5.85, 10.25, 7.25],
			"to": [10.15, 11.25, 7.75],
			"rotation": {"angle": 0, "axis": "y", "origin": [7, 10, 6.25]},
			"faces": {
				"north": {"uv": [0, 0, 4.3, 1], "texture": "#0"},
				"east": {"uv": [0, 0, 0.5, 1], "texture": "#0"},
				"south": {"uv": [0, 0, 4.3, 1], "texture": "#0"},
				"west": {"uv": [0, 0, 0.5, 1], "texture": "#0"},
				"up": {"uv": [0, 0, 4.3, 0.5], "texture": "#0"},
				"down": {"uv": [0, 0, 4.3, 0.5], "texture": "#0"}
			}
		},
		{
			"from": [6.35, 12.75, 7.25],
			"to": [9.65, 13.75, 7.75],
			"rotation": {"angle": 0, "axis": "y", "origin": [7, 12.5, 6.25]},
			"faces": {
				"north": {"uv": [0, 0, 3.3, 1], "texture": "#0"},
				"east": {"uv": [0, 0, 0.5, 1], "texture": "#0"},
				"south": {"uv": [0, 0, 3.3, 1], "texture": "#0"},
				"west": {"uv": [0, 0, 0.5, 1], "texture": "#0"},
				"up": {"uv": [0, 0, 3.3, 0.5], "texture": "#0"},
				"down": {"uv": [0, 0, 3.3, 0.5], "texture": "#0"}
			}
		},
		{
			"from": [6.6, 10, 6.25],
			"to": [9.4, 11, 8.75],
			"rotation": {"angle": 0, "axis": "y", "origin": [7, 10, 6.25]},
			"faces": {
				"north": {"uv": [0, 0, 2.8, 1], "texture": "#0"},
				"east": {"uv": [0, 0, 2.5, 1], "texture": "#0"},
				"south": {"uv": [0, 0, 2.8, 1], "texture": "#0"},
				"west": {"uv": [0, 0, 2.5, 1], "texture": "#0"},
				"up": {"uv": [0, 0, 2.8, 2.5], "texture": "#0"},
				"down": {"uv": [0, 0, 2.8, 2.5], "texture": "#0"}
			}
		},
		{
			"from": [6.6, 8.25, 6],
			"to": [9.4, 10, 9],
			"rotation": {"angle": 0, "axis": "y", "origin": [7, 8.25, 6.25]},
			"faces": {
				"north": {"uv": [0, 0, 2.8, 1.75], "texture": "#0"},
				"east": {"uv": [0, 0, 3, 1.75], "texture": "#0"},
				"south": {"uv": [0, 0, 2.8, 1.75], "texture": "#0"},
				"west": {"uv": [0, 0, 3, 1.75], "texture": "#0"},
				"up": {"uv": [0, 0, 2.8, 3], "texture": "#0"},
				"down": {"uv": [0, 0, 2.8, 3], "texture": "#0"}
			}
		},
		{
			"from": [6.85, 14.25, 7],
			"to": [9.15, 15.25, 8],
			"rotation": {"angle": 0, "axis": "y", "origin": [7, 14.25, 6.25]},
			"faces": {
				"north": {"uv": [0, 0, 2.3, 1], "texture": "#0"},
				"east": {"uv": [0, 0, 1, 1], "texture": "#0"},
				"south": {"uv": [0, 0, 2.3, 1], "texture": "#0"},
				"west": {"uv": [0, 0, 1, 1], "texture": "#0"},
				"up": {"uv": [0, 0, 2.3, 1], "texture": "#0"},
				"down": {"uv": [0, 0, 2.3, 1], "texture": "#0"}
			}
		},
		{
			"from": [6.85, 15.25, 7.25],
			"to": [9.15, 16.25, 7.75],
			"rotation": {"angle": 0, "axis": "y", "origin": [7, 15.25, 6.25]},
			"faces": {
				"north": {"uv": [0, 0, 2.3, 1], "texture": "#0"},
				"east": {"uv": [0, 0, 0.5, 1], "texture": "#0"},
				"south": {"uv": [0, 0, 2.3, 1], "texture": "#0"},
				"west": {"uv": [0, 0, 0.5, 1], "texture": "#0"},
				"up": {"uv": [0, 0, 2.3, 0.5], "texture": "#0"},
				"down": {"uv": [0, 0, 2.3, 0.5], "texture": "#0"}
			}
		},
		{
			"from": [7.85, 3.25, 6],
			"to": [8.15, 4, 9],
			"rotation": {"angle": 0, "axis": "y", "origin": [7, 3.25, 6.25]},
			"faces": {
				"north": {"uv": [0, 0, 0.3, 0.75], "texture": "#0"},
				"east": {"uv": [0, 0, 3, 0.75], "texture": "#0"},
				"south": {"uv": [0, 0, 0.3, 0.75], "texture": "#0"},
				"west": {"uv": [0, 0, 3, 0.75], "texture": "#0"},
				"up": {"uv": [0, 0, 0.3, 3], "texture": "#0"},
				"down": {"uv": [0, 0, 0.3, 3], "texture": "#0"}
			}
		},
		{
			"from": [7.85, 4, 5.75],
			"to": [8.15, 4.75, 9.25],
			"rotation": {"angle": 0, "axis": "y", "origin": [7, 4, 6.25]},
			"faces": {
				"north": {"uv": [0, 0, 0.3, 0.75], "texture": "#0"},
				"east": {"uv": [0, 0, 3.5, 0.75], "texture": "#0"},
				"south": {"uv": [0, 0, 0.3, 0.75], "texture": "#0"},
				"west": {"uv": [0, 0, 3.5, 0.75], "texture": "#0"},
				"up": {"uv": [0, 0, 0.3, 3.5], "texture": "#0"},
				"down": {"uv": [0, 0, 0.3, 3.5], "texture": "#0"}
			}
		},
		{
			"from": [7.85, 4.75, 5.5],
			"to": [8.15, 5.5, 9.5],
			"rotation": {"angle": 0, "axis": "y", "origin": [7, 4.75, 6.25]},
			"faces": {
				"north": {"uv": [0, 0, 0.3, 0.75], "texture": "#0"},
				"east": {"uv": [0, 0, 4, 0.75], "texture": "#0"},
				"south": {"uv": [0, 0, 0.3, 0.75], "texture": "#0"},
				"west": {"uv": [0, 0, 4, 0.75], "texture": "#0"},
				"up": {"uv": [0, 0, 0.3, 4], "texture": "#0"},
				"down": {"uv": [0, 0, 0.3, 4], "texture": "#0"}
			}
		},
		{
			"from": [7.85, 5.5, 5.25],
			"to": [8.15, 6.25, 9.75],
			"rotation": {"angle": 0, "axis": "y", "origin": [7, 5.5, 6.25]},
			"faces": {
				"north": {"uv": [0, 0, 0.3, 0.75], "texture": "#0"},
				"east": {"uv": [0, 0, 4.5, 0.75], "texture": "#0"},
				"south": {"uv": [0, 0, 0.3, 0.75], "texture": "#0"},
				"west": {"uv": [0, 0, 4.5, 0.75], "texture": "#0"},
				"up": {"uv": [0, 0, 0.3, 4.5], "texture": "#0"},
				"down": {"uv": [0, 0, 0.3, 4.5], "texture": "#0"}
			}
		},
		{
			"from": [7.85, 6.25, 5],
			"to": [8.15, 7, 10],
			"rotation": {"angle": 0, "axis": "y", "origin": [7, 6.25, 6.25]},
			"faces": {
				"north": {"uv": [0, 0, 0.3, 0.75], "texture": "#0"},
				"east": {"uv": [0, 0, 5, 0.75], "texture": "#0"},
				"south": {"uv": [0, 0, 0.3, 0.75], "texture": "#0"},
				"west": {"uv": [0, 0, 5, 0.75], "texture": "#0"},
				"up": {"uv": [0, 0, 0.3, 5], "texture": "#0"},
				"down": {"uv": [0, 0, 0.3, 5], "texture": "#0"}
			}
		},
		{
			"from": [7.85, 7, 4.75],
			"to": [8.15, 7.75, 10.25],
			"rotation": {"angle": 0, "axis": "y", "origin": [7, 7, 6.25]},
			"faces": {
				"north": {"uv": [0, 0, 0.3, 0.75], "texture": "#0"},
				"east": {"uv": [0, 0, 5.5, 0.75], "texture": "#0"},
				"south": {"uv": [0, 0, 0.3, 0.75], "texture": "#0"},
				"west": {"uv": [0, 0, 5.5, 0.75], "texture": "#0"},
				"up": {"uv": [0, 0, 0.3, 5.5], "texture": "#0"},
				"down": {"uv": [0, 0, 0.3, 5.5], "texture": "#0"}
			}
		},
		{
			"from": [7.85, 7.75, 4.5],
			"to": [8.15, 8.5, 10.5],
			"rotation": {"angle": 0, "axis": "y", "origin": [7, 7.75, 6.25]},
			"faces": {
				"north": {"uv": [0, 0, 0.3, 0.75], "texture": "#0"},
				"east": {"uv": [0, 0, 6, 0.75], "texture": "#0"},
				"south": {"uv": [0, 0, 0.3, 0.75], "texture": "#0"},
				"west": {"uv": [0, 0, 6, 0.75], "texture": "#0"},
				"up": {"uv": [0, 0, 0.3, 6], "texture": "#0"},
				"down": {"uv": [0, 0, 0.3, 6], "texture": "#0"}
			}
		},
		{
			"from": [7.85, 8.5, 4.25],
			"to": [8.15, 9.25, 10.75],
			"rotation": {"angle": 0, "axis": "y", "origin": [7, 8.5, 6.25]},
			"faces": {
				"north": {"uv": [0, 0, 0.3, 0.75], "texture": "#0"},
				"east": {"uv": [0, 0, 6.5, 0.75], "texture": "#0"},
				"south": {"uv": [0, 0, 0.3, 0.75], "texture": "#0"},
				"west": {"uv": [0, 0, 6.5, 0.75], "texture": "#0"},
				"up": {"uv": [0, 0, 0.3, 6.5], "texture": "#0"},
				"down": {"uv": [0, 0, 0.3, 6.5], "texture": "#0"}
			}
		},
		{
			"from": [7.85, 9.25, 4.5],
			"to": [8.15, 10.25, 10.5],
			"rotation": {"angle": 0, "axis": "y", "origin": [7, 9.25, 6.25]},
			"faces": {
				"north": {"uv": [0, 0, 0.3, 1], "texture": "#0"},
				"east": {"uv": [0, 0, 6, 1], "texture": "#0"},
				"south": {"uv": [0, 0, 0.3, 1], "texture": "#0"},
				"west": {"uv": [0, 0, 6, 1], "texture": "#0"},
				"up": {"uv": [0, 0, 0.3, 6], "texture": "#0"},
				"down": {"uv": [0, 0, 0.3, 6], "texture": "#0"}
			}
		},
		{
			"from": [7.85, 10.25, 4.75],
			"to": [8.15, 11.25, 10.25],
			"rotation": {"angle": 0, "axis": "y", "origin": [7, 10.25, 6.25]},
			"faces": {
				"north": {"uv": [0, 0, 0.3, 1], "texture": "#0"},
				"east": {"uv": [0, 0, 5.5, 1], "texture": "#0"},
				"south": {"uv": [0, 0, 0.3, 1], "texture": "#0"},
				"west": {"uv": [0, 0, 5.5, 1], "texture": "#0"},
				"up": {"uv": [0, 0, 0.3, 5.5], "texture": "#0"},
				"down": {"uv": [0, 0, 0.3, 5.5], "texture": "#0"}
			}
		},
		{
			"from": [7.85, 12.25, 5.25],
			"to": [8.15, 13.25, 9.75],
			"rotation": {"angle": 0, "axis": "y", "origin": [7, 12.25, 6.25]},
			"faces": {
				"north": {"uv": [0, 0, 0.3, 1], "texture": "#0"},
				"east": {"uv": [0, 0, 4.5, 1], "texture": "#0"},
				"south": {"uv": [0, 0, 0.3, 1], "texture": "#0"},
				"west": {"uv": [0, 0, 4.5, 1], "texture": "#0"},
				"up": {"uv": [0, 0, 0.3, 4.5], "texture": "#0"},
				"down": {"uv": [0, 0, 0.3, 4.5], "texture": "#0"}
			}
		},
		{
			"from": [7.85, 11.25, 5],
			"to": [8.15, 12.25, 10],
			"rotation": {"angle": 0, "axis": "y", "origin": [7, 11.25, 6.25]},
			"faces": {
				"north": {"uv": [0, 0, 0.3, 1], "texture": "#0"},
				"east": {"uv": [0, 0, 5, 1], "texture": "#0"},
				"south": {"uv": [0, 0, 0.3, 1], "texture": "#0"},
				"west": {"uv": [0, 0, 5, 1], "texture": "#0"},
				"up": {"uv": [0, 0, 0.3, 5], "texture": "#0"},
				"down": {"uv": [0, 0, 0.3, 5], "texture": "#0"}
			}
		},
		{
			"from": [7.85, 16.25, 6.25],
			"to": [8.15, 17.25, 8.75],
			"rotation": {"angle": 0, "axis": "y", "origin": [7, 16.25, 6.25]},
			"faces": {
				"north": {"uv": [0, 0, 0.3, 1], "texture": "#0"},
				"east": {"uv": [0, 0, 2.5, 1], "texture": "#0"},
				"south": {"uv": [0, 0, 0.3, 1], "texture": "#0"},
				"west": {"uv": [0, 0, 2.5, 1], "texture": "#0"},
				"up": {"uv": [0, 0, 0.3, 2.5], "texture": "#0"},
				"down": {"uv": [0, 0, 0.3, 2.5], "texture": "#0"}
			}
		},
		{
			"from": [7.85, 15.25, 6],
			"to": [8.15, 16.25, 9],
			"rotation": {"angle": 0, "axis": "y", "origin": [7, 15.25, 6.25]},
			"faces": {
				"north": {"uv": [0, 0, 0.3, 1], "texture": "#0"},
				"east": {"uv": [0, 0, 3, 1], "texture": "#0"},
				"south": {"uv": [0, 0, 0.3, 1], "texture": "#0"},
				"west": {"uv": [0, 0, 3, 1], "texture": "#0"},
				"up": {"uv": [0, 0, 0.3, 3], "texture": "#0"},
				"down": {"uv": [0, 0, 0.3, 3], "texture": "#0"}
			}
		},
		{
			"from": [7.85, 18.25, 6.75],
			"to": [8.15, 19.25, 8.25],
			"rotation": {"angle": 0, "axis": "y", "origin": [7, 18.25, 6.25]},
			"faces": {
				"north": {"uv": [0, 0, 0.3, 1], "texture": "#0"},
				"east": {"uv": [0, 0, 1.5, 1], "texture": "#0"},
				"south": {"uv": [0, 0, 0.3, 1], "texture": "#0"},
				"west": {"uv": [0, 0, 1.5, 1], "texture": "#0"},
				"up": {"uv": [0, 0, 0.3, 1.5], "texture": "#0"},
				"down": {"uv": [0, 0, 0.3, 1.5], "texture": "#0"}
			}
		},
		{
			"from": [7.85, 19.25, 7],
			"to": [8.15, 20.25, 8],
			"rotation": {"angle": 0, "axis": "y", "origin": [7, 19.25, 6.25]},
			"faces": {
				"north": {"uv": [0, 0, 0.3, 1], "texture": "#0"},
				"east": {"uv": [0, 0, 1, 1], "texture": "#0"},
				"south": {"uv": [0, 0, 0.3, 1], "texture": "#0"},
				"west": {"uv": [0, 0, 1, 1], "texture": "#0"},
				"up": {"uv": [0, 0, 0.3, 1], "texture": "#0"},
				"down": {"uv": [0, 0, 0.3, 1], "texture": "#0"}
			}
		},
		{
			"from": [7.85, 20.25, 7.25],
			"to": [8.15, 21.25, 7.75],
			"rotation": {"angle": 0, "axis": "y", "origin": [7, 20.25, 6.25]},
			"faces": {
				"north": {"uv": [0, 0, 0.3, 1], "texture": "#0"},
				"east": {"uv": [0, 0, 0.5, 1], "texture": "#0"},
				"south": {"uv": [0, 0, 0.3, 1], "texture": "#0"},
				"west": {"uv": [0, 0, 0.5, 1], "texture": "#0"},
				"up": {"uv": [0, 0, 0.3, 0.5], "texture": "#0"},
				"down": {"uv": [0, 0, 0.3, 0.5], "texture": "#0"}
			}
		},
		{
			"from": [7.85, 17.25, 6.5],
			"to": [8.15, 18.25, 8.5],
			"rotation": {"angle": 0, "axis": "y", "origin": [7, 17.25, 6.25]},
			"faces": {
				"north": {"uv": [0, 0, 0.3, 1], "texture": "#0"},
				"east": {"uv": [0, 0, 2, 1], "texture": "#0"},
				"south": {"uv": [0, 0, 0.3, 1], "texture": "#0"},
				"west": {"uv": [0, 0, 2, 1], "texture": "#0"},
				"up": {"uv": [0, 0, 0.3, 2], "texture": "#0"},
				"down": {"uv": [0, 0, 0.3, 2], "texture": "#0"}
			}
		},
		{
			"from": [7.85, 14.25, 5.75],
			"to": [8.15, 15.25, 9.25],
			"rotation": {"angle": 0, "axis": "y", "origin": [7, 14.25, 6.25]},
			"faces": {
				"north": {"uv": [0, 0, 0.3, 1], "texture": "#0"},
				"east": {"uv": [0, 0, 3.5, 1], "texture": "#0"},
				"south": {"uv": [0, 0, 0.3, 1], "texture": "#0"},
				"west": {"uv": [0, 0, 3.5, 1], "texture": "#0"},
				"up": {"uv": [0, 0, 0.3, 3.5], "texture": "#0"},
				"down": {"uv": [0, 0, 0.3, 3.5], "texture": "#0"}
			}
		},
		{
			"from": [7.85, 13.25, 5.5],
			"to": [8.15, 14.25, 9.5],
			"rotation": {"angle": 0, "axis": "y", "origin": [7, 13.25, 6.25]},
			"faces": {
				"north": {"uv": [0, 0, 0.3, 1], "texture": "#0"},
				"east": {"uv": [0, 0, 4, 1], "texture": "#0"},
				"south": {"uv": [0, 0, 0.3, 1], "texture": "#0"},
				"west": {"uv": [0, 0, 4, 1], "texture": "#0"},
				"up": {"uv": [0, 0, 0.3, 4], "texture": "#0"},
				"down": {"uv": [0, 0, 0.3, 4], "texture": "#0"}
			}
		},
		{
			"from": [7.5, -12.5, 6.25],
			"to": [8.5, -12, 6.75],
			"rotation": {"angle": 0, "axis": "y", "origin": [7, -12.5, 5.75]},
			"faces": {
				"north": {"uv": [0, 0, 1, 0.5], "texture": "#0"},
				"east": {"uv": [0, 0, 0.5, 0.5], "texture": "#0"},
				"south": {"uv": [0, 0, 1, 0.5], "texture": "#0"},
				"west": {"uv": [0, 0, 0.5, 0.5], "texture": "#0"},
				"up": {"uv": [0, 0, 1, 0.5], "texture": "#0"},
				"down": {"uv": [0, 0, 1, 0.5], "texture": "#0"}
			}
		},
		{
			"from": [7.5, -12.5, 8.25],
			"to": [8.5, -12, 8.75],
			"rotation": {"angle": 0, "axis": "y", "origin": [7, -12.5, 7.75]},
			"faces": {
				"north": {"uv": [0, 0, 1, 0.5], "texture": "#0"},
				"east": {"uv": [0, 0, 0.5, 0.5], "texture": "#0"},
				"south": {"uv": [0, 0, 1, 0.5], "texture": "#0"},
				"west": {"uv": [0, 0, 0.5, 0.5], "texture": "#0"},
				"up": {"uv": [0, 0, 1, 0.5], "texture": "#0"},
				"down": {"uv": [0, 0, 1, 0.5], "texture": "#0"}
			}
		},
		{
			"from": [7.5, -14.5, 8.25],
			"to": [8.5, -14, 8.75],
			"rotation": {"angle": 0, "axis": "y", "origin": [7, -14.5, 7.75]},
			"faces": {
				"north": {"uv": [0, 0, 1, 0.5], "texture": "#0"},
				"east": {"uv": [0, 0, 0.5, 0.5], "texture": "#0"},
				"south": {"uv": [0, 0, 1, 0.5], "texture": "#0"},
				"west": {"uv": [0, 0, 0.5, 0.5], "texture": "#0"},
				"up": {"uv": [0, 0, 1, 0.5], "texture": "#0"},
				"down": {"uv": [0, 0, 1, 0.5], "texture": "#0"}
			}
		},
		{
			"from": [7.25, -14.5, 8.75],
			"to": [8.75, -14, 9.25],
			"rotation": {"angle": 0, "axis": "y", "origin": [7, -14.5, 7.75]},
			"faces": {
				"north": {"uv": [0, 0, 1.5, 0.5], "texture": "#0"},
				"east": {"uv": [0, 0, 0.5, 0.5], "texture": "#0"},
				"south": {"uv": [0, 0, 1.5, 0.5], "texture": "#0"},
				"west": {"uv": [0, 0, 0.5, 0.5], "texture": "#0"},
				"up": {"uv": [0, 0, 1.5, 0.5], "texture": "#0"},
				"down": {"uv": [0, 0, 1.5, 0.5], "texture": "#0"}
			}
		},
		{
			"from": [7.25, -14.5, 5.75],
			"to": [8.75, -14, 6.25],
			"rotation": {"angle": 0, "axis": "y", "origin": [7, -14.5, 5.25]},
			"faces": {
				"north": {"uv": [0, 0, 1.5, 0.5], "texture": "#0"},
				"east": {"uv": [0, 0, 0.5, 0.5], "texture": "#0"},
				"south": {"uv": [0, 0, 1.5, 0.5], "texture": "#0"},
				"west": {"uv": [0, 0, 0.5, 0.5], "texture": "#0"},
				"up": {"uv": [0, 0, 1.5, 0.5], "texture": "#0"},
				"down": {"uv": [0, 0, 1.5, 0.5], "texture": "#0"}
			}
		},
		{
			"from": [7.25, -12.5, 8.75],
			"to": [8.75, -12, 9.25],
			"rotation": {"angle": 0, "axis": "y", "origin": [7, -12.5, 7.75]},
			"faces": {
				"north": {"uv": [0, 0, 1.5, 0.5], "texture": "#0"},
				"east": {"uv": [0, 0, 0.5, 0.5], "texture": "#0"},
				"south": {"uv": [0, 0, 1.5, 0.5], "texture": "#0"},
				"west": {"uv": [0, 0, 0.5, 0.5], "texture": "#0"},
				"up": {"uv": [0, 0, 1.5, 0.5], "texture": "#0"},
				"down": {"uv": [0, 0, 1.5, 0.5], "texture": "#0"}
			}
		},
		{
			"from": [7.25, -12.5, 5.75],
			"to": [8.75, -12, 6.25],
			"rotation": {"angle": 0, "axis": "y", "origin": [7, -12.5, 5.25]},
			"faces": {
				"north": {"uv": [0, 0, 1.5, 0.5], "texture": "#0"},
				"east": {"uv": [0, 0, 0.5, 0.5], "texture": "#0"},
				"south": {"uv": [0, 0, 1.5, 0.5], "texture": "#0"},
				"west": {"uv": [0, 0, 0.5, 0.5], "texture": "#0"},
				"up": {"uv": [0, 0, 1.5, 0.5], "texture": "#0"},
				"down": {"uv": [0, 0, 1.5, 0.5], "texture": "#0"}
			}
		},
		{
			"from": [7.25, -15, 8.25],
			"to": [8.75, -14.5, 9.25],
			"rotation": {"angle": 0, "axis": "y", "origin": [7, -15, 7.75]},
			"faces": {
				"north": {"uv": [0, 0, 1.5, 0.5], "texture": "#0"},
				"east": {"uv": [0, 0, 1, 0.5], "texture": "#0"},
				"south": {"uv": [0, 0, 1.5, 0.5], "texture": "#0"},
				"west": {"uv": [0, 0, 1, 0.5], "texture": "#0"},
				"up": {"uv": [0, 0, 1.5, 1], "texture": "#0"},
				"down": {"uv": [0, 0, 1.5, 1], "texture": "#0"}
			}
		},
		{
			"from": [7.25, -15, 5.75],
			"to": [8.75, -14.5, 6.75],
			"rotation": {"angle": 0, "axis": "y", "origin": [7, -15, 5.25]},
			"faces": {
				"north": {"uv": [0, 0, 1.5, 0.5], "texture": "#0"},
				"east": {"uv": [0, 0, 1, 0.5], "texture": "#0"},
				"south": {"uv": [0, 0, 1.5, 0.5], "texture": "#0"},
				"west": {"uv": [0, 0, 1, 0.5], "texture": "#0"},
				"up": {"uv": [0, 0, 1.5, 1], "texture": "#0"},
				"down": {"uv": [0, 0, 1.5, 1], "texture": "#0"}
			}
		},
		{
			"from": [7.25, -12, 5.75],
			"to": [8.75, -11.5, 6.75],
			"rotation": {"angle": 0, "axis": "y", "origin": [7, -12, 5.25]},
			"faces": {
				"north": {"uv": [0, 0, 1.5, 0.5], "texture": "#0"},
				"east": {"uv": [0, 0, 1, 0.5], "texture": "#0"},
				"south": {"uv": [0, 0, 1.5, 0.5], "texture": "#0"},
				"west": {"uv": [0, 0, 1, 0.5], "texture": "#0"},
				"up": {"uv": [0, 0, 1.5, 1], "texture": "#0"},
				"down": {"uv": [0, 0, 1.5, 1], "texture": "#0"}
			}
		},
		{
			"from": [7.25, -12, 8.25],
			"to": [8.75, -11.5, 9.25],
			"rotation": {"angle": 0, "axis": "y", "origin": [7, -12, 7.75]},
			"faces": {
				"north": {"uv": [0, 0, 1.5, 0.5], "texture": "#0"},
				"east": {"uv": [0, 0, 1, 0.5], "texture": "#0"},
				"south": {"uv": [0, 0, 1.5, 0.5], "texture": "#0"},
				"west": {"uv": [0, 0, 1, 0.5], "texture": "#0"},
				"up": {"uv": [0, 0, 1.5, 1], "texture": "#0"},
				"down": {"uv": [0, 0, 1.5, 1], "texture": "#0"}
			}
		},
		{
			"from": [7.5, -14.5, 6.25],
			"to": [8.5, -14, 6.75],
			"rotation": {"angle": 0, "axis": "y", "origin": [7, -14.5, 5.75]},
			"faces": {
				"north": {"uv": [0, 0, 1, 0.5], "texture": "#0"},
				"east": {"uv": [0, 0, 0.5, 0.5], "texture": "#0"},
				"south": {"uv": [0, 0, 1, 0.5], "texture": "#0"},
				"west": {"uv": [0, 0, 0.5, 0.5], "texture": "#0"},
				"up": {"uv": [0, 0, 1, 0.5], "texture": "#0"},
				"down": {"uv": [0, 0, 1, 0.5], "texture": "#0"}
			}
		},
		{
			"from": [7.25, -14.5, 5.25],
			"to": [8.75, -12, 5.75],
			"rotation": {"angle": 0, "axis": "x", "origin": [7, -12, 5.25]},
			"faces": {
				"north": {"uv": [0, 0, 1.5, 2.5], "rotation": 180, "texture": "#0"},
				"east": {"uv": [0, 0, 2.5, 0.5], "rotation": 270, "texture": "#0"},
				"south": {"uv": [0, 0, 1.5, 2.5], "texture": "#0"},
				"west": {"uv": [0, 0, 2.5, 0.5], "rotation": 90, "texture": "#0"},
				"up": {"uv": [0, 0, 1.5, 0.5], "rotation": 180, "texture": "#0"},
				"down": {"uv": [0, 0, 1.5, 0.5], "texture": "#0"}
			}
		},
		{
			"from": [7.5, -11, 6.25],
			"to": [8.5, -10.5, 8.75],
			"rotation": {"angle": 0, "axis": "y", "origin": [7, -11, 6.25]},
			"faces": {
				"north": {"uv": [0, 0, 1, 0.5], "texture": "#0"},
				"east": {"uv": [0, 0, 2.5, 0.5], "texture": "#0"},
				"south": {"uv": [0, 0, 1, 0.5], "texture": "#0"},
				"west": {"uv": [0, 0, 2.5, 0.5], "texture": "#0"},
				"up": {"uv": [0, 0, 1, 2.5], "texture": "#0"},
				"down": {"uv": [0, 0, 1, 2.5], "texture": "#0"}
			}
		},
		{
			"from": [7, -10.5, 6.25],
			"to": [9, -9.5, 8.75],
			"rotation": {"angle": 0, "axis": "y", "origin": [7, -10.5, 6.25]},
			"faces": {
				"north": {"uv": [0, 0, 2, 1], "texture": "#0"},
				"east": {"uv": [0, 0, 2.5, 1], "texture": "#0"},
				"south": {"uv": [0, 0, 2, 1], "texture": "#0"},
				"west": {"uv": [0, 0, 2.5, 1], "texture": "#0"},
				"up": {"uv": [0, 0, 2, 2.5], "texture": "#0"},
				"down": {"uv": [0, 0, 2, 2.5], "texture": "#0"}
			}
		},
		{
			"from": [7.5, -10, 6.5],
			"to": [8.5, 1.5, 7.25],
			"rotation": {"angle": 0, "axis": "y", "origin": [7, -10, 6]},
			"faces": {
				"north": {"uv": [0, 0, 1, 11.5], "texture": "#1"},
				"east": {"uv": [0, 0, 0.75, 11.5], "texture": "#1"},
				"south": {"uv": [0, 0, 1, 11.5], "texture": "#1"},
				"west": {"uv": [0, 0, 0.75, 11.5], "texture": "#1"},
				"up": {"uv": [0, 0, 1, 0.75], "texture": "#1"},
				"down": {"uv": [0, 0, 1, 0.75], "texture": "#1"}
			}
		},
		{
			"from": [7.5, -10, 7.75],
			"to": [8.5, 1.5, 8.5],
			"rotation": {"angle": 0, "axis": "y", "origin": [7, -10, 7.25]},
			"faces": {
				"north": {"uv": [0, 0, 1, 11.5], "texture": "#1"},
				"east": {"uv": [0, 0, 0.75, 11.5], "texture": "#1"},
				"south": {"uv": [0, 0, 1, 11.5], "texture": "#1"},
				"west": {"uv": [0, 0, 0.75, 11.5], "texture": "#1"},
				"up": {"uv": [0, 0, 1, 0.75], "texture": "#1"},
				"down": {"uv": [0, 0, 1, 0.75], "texture": "#1"}
			}
		},
		{
			"from": [7.25, -10, 6.75],
			"to": [8.75, 1.5, 8.25],
			"rotation": {"angle": 0, "axis": "y", "origin": [7, -10, 6.25]},
			"faces": {
				"north": {"uv": [0, 0, 1.5, 11.5], "texture": "#1"},
				"east": {"uv": [0, 0, 1.5, 11.5], "texture": "#1"},
				"south": {"uv": [0, 0, 1.5, 11.5], "texture": "#1"},
				"west": {"uv": [0, 0, 1.5, 11.5], "texture": "#1"},
				"up": {"uv": [0, 0, 1.5, 1.5], "texture": "#1"},
				"down": {"uv": [0, 0, 1.5, 1.5], "texture": "#1"}
			}
		},
		{
			"from": [7.25, -10.5, 8.75],
			"to": [8.75, -9.5, 9],
			"rotation": {"angle": 0, "axis": "y", "origin": [7, -10.5, 6.5]},
			"faces": {
				"north": {"uv": [0, 0, 1.5, 1], "texture": "#0"},
				"east": {"uv": [0, 0, 0.25, 1], "texture": "#0"},
				"south": {"uv": [0, 0, 1.5, 1], "texture": "#0"},
				"west": {"uv": [0, 0, 0.25, 1], "texture": "#0"},
				"up": {"uv": [0, 0, 1.5, 0.25], "texture": "#0"},
				"down": {"uv": [0, 0, 1.5, 0.25], "texture": "#0"}
			}
		},
		{
			"from": [7, 1.5, 6.25],
			"to": [9, 2.5, 8.75],
			"rotation": {"angle": 0, "axis": "y", "origin": [7, 1.5, 6.25]},
			"faces": {
				"north": {"uv": [0, 0, 2, 1], "texture": "#0"},
				"east": {"uv": [0, 0, 2.5, 1], "texture": "#0"},
				"south": {"uv": [0, 0, 2, 1], "texture": "#0"},
				"west": {"uv": [0, 0, 2.5, 1], "texture": "#0"},
				"up": {"uv": [0, 0, 2, 2.5], "texture": "#0"},
				"down": {"uv": [0, 0, 2, 2.5], "texture": "#0"}
			}
		},
		{
			"from": [7.25, 1.5, 8.75],
			"to": [8.75, 2.5, 9],
			"rotation": {"angle": 0, "axis": "y", "origin": [7, 1.5, 6.5]},
			"faces": {
				"north": {"uv": [0, 0, 1.5, 1], "texture": "#0"},
				"east": {"uv": [0, 0, 0.25, 1], "texture": "#0"},
				"south": {"uv": [0, 0, 1.5, 1], "texture": "#0"},
				"west": {"uv": [0, 0, 0.25, 1], "texture": "#0"},
				"up": {"uv": [0, 0, 1.5, 0.25], "texture": "#0"},
				"down": {"uv": [0, 0, 1.5, 0.25], "texture": "#0"}
			}
		},
		{
			"from": [7.25, -10.5, 6],
			"to": [8.75, -9.5, 6.25],
			"rotation": {"angle": 0, "axis": "y", "origin": [7, -10.5, 4.75]},
			"faces": {
				"north": {"uv": [0, 0, 1.5, 1], "texture": "#0"},
				"east": {"uv": [0, 0, 0.25, 1], "texture": "#0"},
				"south": {"uv": [0, 0, 1.5, 1], "texture": "#0"},
				"west": {"uv": [0, 0, 0.25, 1], "texture": "#0"},
				"up": {"uv": [0, 0, 1.5, 0.25], "texture": "#0"},
				"down": {"uv": [0, 0, 1.5, 0.25], "texture": "#0"}
			}
		},
		{
			"from": [7.25, 1.5, 6],
			"to": [8.75, 2.5, 6.25],
			"rotation": {"angle": 0, "axis": "y", "origin": [7, 1.5, 4.75]},
			"faces": {
				"north": {"uv": [0, 0, 1.5, 1], "texture": "#0"},
				"east": {"uv": [0, 0, 0.25, 1], "texture": "#0"},
				"south": {"uv": [0, 0, 1.5, 1], "texture": "#0"},
				"west": {"uv": [0, 0, 0.25, 1], "texture": "#0"},
				"up": {"uv": [0, 0, 1.5, 0.25], "texture": "#0"},
				"down": {"uv": [0, 0, 1.5, 0.25], "texture": "#0"}
			}
		},
		{
			"from": [7.5, 1.5, 8.25],
			"to": [8.5, 2, 8.5],
			"rotation": {"angle": 0, "axis": "y", "origin": [7, 1.5, 6.5]},
			"faces": {
				"north": {"uv": [0, 0, 1, 0.5], "texture": "#0"},
				"east": {"uv": [0, 0, 0.25, 0.5], "texture": "#0"},
				"south": {"uv": [0, 0, 1, 0.5], "texture": "#0"},
				"west": {"uv": [0, 0, 0.25, 0.5], "texture": "#0"},
				"up": {"uv": [0, 0, 1, 0.25], "texture": "#0"},
				"down": {"uv": [0, 0, 1, 0.25], "texture": "#0"}
			}
		},
		{
			"from": [7.5, 1.5, 6.5],
			"to": [8.5, 2, 6.75],
			"rotation": {"angle": 0, "axis": "y", "origin": [7, 1.5, 4.75]},
			"faces": {
				"north": {"uv": [0, 0, 1, 0.5], "texture": "#0"},
				"east": {"uv": [0, 0, 0.25, 0.5], "texture": "#0"},
				"south": {"uv": [0, 0, 1, 0.5], "texture": "#0"},
				"west": {"uv": [0, 0, 0.25, 0.5], "texture": "#0"},
				"up": {"uv": [0, 0, 1, 0.25], "texture": "#0"},
				"down": {"uv": [0, 0, 1, 0.25], "texture": "#0"}
			}
		},
		{
			"from": [7.25, 1.5, 6.75],
			"to": [8.75, 2, 8.25],
			"rotation": {"angle": 0, "axis": "y", "origin": [7, 1.5, 6.25]},
			"faces": {
				"north": {"uv": [0, 0, 1.5, 0.5], "texture": "#0"},
				"east": {"uv": [0, 0, 1.5, 0.5], "texture": "#0"},
				"south": {"uv": [0, 0, 1.5, 0.5], "texture": "#0"},
				"west": {"uv": [0, 0, 1.5, 0.5], "texture": "#0"},
				"up": {"uv": [0, 0, 1.5, 1.5], "texture": "#0"},
				"down": {"uv": [0, 0, 1.5, 1.5], "texture": "#0"}
			}
		},
		{
			"from": [7.25, -11.5, 6.25],
			"to": [8.75, -11, 8.75],
			"rotation": {"angle": 0, "axis": "y", "origin": [6.75, -11.5, 6.25]},
			"faces": {
				"north": {"uv": [0, 0, 1.5, 0.5], "texture": "#0"},
				"east": {"uv": [0, 0, 2.5, 0.5], "texture": "#0"},
				"south": {"uv": [0, 0, 1.5, 0.5], "texture": "#0"},
				"west": {"uv": [0, 0, 2.5, 0.5], "texture": "#0"},
				"up": {"uv": [0, 0, 1.5, 2.5], "texture": "#0"},
				"down": {"uv": [0, 0, 1.5, 2.5], "texture": "#0"}
			}
		},
		{
			"from": [7.25, -15.5, 6.25],
			"to": [8.75, -15, 8.75],
			"rotation": {"angle": 0, "axis": "y", "origin": [6.75, -15.5, 6.25]},
			"faces": {
				"north": {"uv": [0, 0, 1.5, 0.5], "texture": "#0"},
				"east": {"uv": [0, 0, 2.5, 0.5], "texture": "#0"},
				"south": {"uv": [0, 0, 1.5, 0.5], "texture": "#0"},
				"west": {"uv": [0, 0, 2.5, 0.5], "texture": "#0"},
				"up": {"uv": [0, 0, 1.5, 2.5], "texture": "#0"},
				"down": {"uv": [0, 0, 1.5, 2.5], "texture": "#0"}
			}
		},
		{
			"from": [7.25, -14.5, 9.25],
			"to": [8.75, -12, 9.75],
			"rotation": {"angle": 0, "axis": "x", "origin": [7, -12, 9.25]},
			"faces": {
				"north": {"uv": [0, 0, 1.5, 2.5], "rotation": 180, "texture": "#0"},
				"east": {"uv": [0, 0, 2.5, 0.5], "rotation": 270, "texture": "#0"},
				"south": {"uv": [0, 0, 1.5, 2.5], "texture": "#0"},
				"west": {"uv": [0, 0, 2.5, 0.5], "rotation": 90, "texture": "#0"},
				"up": {"uv": [0, 0, 1.5, 0.5], "rotation": 180, "texture": "#0"},
				"down": {"uv": [0, 0, 1.5, 0.5], "texture": "#0"}
			}
		},
		{
			"from": [7.5, -14.5, 9.75],
			"to": [8.5, -12, 10.25],
			"rotation": {"angle": 0, "axis": "x", "origin": [7, -12, 9.75]},
			"faces": {
				"north": {"uv": [0, 0, 1, 2.5], "rotation": 180, "texture": "#0"},
				"east": {"uv": [0, 0, 2.5, 0.5], "rotation": 270, "texture": "#0"},
				"south": {"uv": [0, 0, 1, 2.5], "texture": "#0"},
				"west": {"uv": [0, 0, 2.5, 0.5], "rotation": 90, "texture": "#0"},
				"up": {"uv": [0, 0, 1, 0.5], "rotation": 180, "texture": "#0"},
				"down": {"uv": [0, 0, 1, 0.5], "texture": "#0"}
			}
		},
		{
			"from": [7.5, -14.5, 4.75],
			"to": [8.5, -12, 5.25],
			"rotation": {"angle": 0, "axis": "x", "origin": [7, -12, 4.75]},
			"faces": {
				"north": {"uv": [0, 0, 1, 2.5], "rotation": 180, "texture": "#0"},
				"east": {"uv": [0, 0, 2.5, 0.5], "rotation": 270, "texture": "#0"},
				"south": {"uv": [0, 0, 1, 2.5], "texture": "#0"},
				"west": {"uv": [0, 0, 2.5, 0.5], "rotation": 90, "texture": "#0"},
				"up": {"uv": [0, 0, 1, 0.5], "rotation": 180, "texture": "#0"},
				"down": {"uv": [0, 0, 1, 0.5], "texture": "#0"}
			}
		},
		{
			"from": [7.5, -16, 6.25],
			"to": [8.5, -15.5, 8.75],
			"rotation": {"angle": 0, "axis": "y", "origin": [7, -16, 6.25]},
			"faces": {
				"north": {"uv": [0, 0, 1, 0.5], "texture": "#0"},
				"east": {"uv": [0, 0, 2.5, 0.5], "texture": "#0"},
				"south": {"uv": [0, 0, 1, 0.5], "texture": "#0"},
				"west": {"uv": [0, 0, 2.5, 0.5], "texture": "#0"},
				"up": {"uv": [0, 0, 1, 2.5], "texture": "#0"},
				"down": {"uv": [0, 0, 1, 2.5], "texture": "#0"}
			}
		}
	],
	"display": {
		"thirdperson_righthand": {
			"rotation": [180, 0, 0],
			"translation": [0, -7, 1.25],
			"scale": [0.42, 0.42, 0.42]
		},
		"thirdperson_lefthand": {
			"rotation": [180, 0, 0],
			"translation": [0, -7, 1.25],
			"scale": [0.42, 0.42, 0.42]
		},
		"firstperson_righthand": {
			"translation": [0.75, 5.75, 1.25],
			"scale": [0.44, 0.44, 0.44]
		},
		"firstperson_lefthand": {
			"translation": [0.75, 5.75, 1.25],
			"scale": [0.44, 0.44, 0.44]
		},
		"ground": {
			"rotation": [90, 90, 0],
			"scale": [0.52, 0.52, 0.52]
		},
		"gui": {
			"rotation": [0, 90, 0],
			"translation": [0.5, 2.5, 0],
			"scale": [0.48, 0.48, 0.48]
		},
		"head": {
			"rotation": [-90, 0, 90],
			"translation": [-5, -4.75, -6.75],
			"scale": [0.42, 0.42, 0.42]
		},
		"fixed": {
			"rotation": [90, 0, 0],
			"translation": [0, 0, -4.5],
			"scale": [0.52, 0.52, 0.52]
		}
	}
}