{
	"credit": "Made with Blockbench",
	"texture_size": [128, 96],
	"textures": {
		"0": "item/eyes/sasuke",
		"1": "item/eyes/gloss",
		"particle": "item/eyes/sasuke"
	},
	"elements": [
		{
			"from": [2.15, 0.05, 7],
			"to": [6.15, 2.05, 8],
			"rotation": {"angle": 0, "axis": "y", "origin": [2.15, 0.05, 7]},
			"faces": {
				"north": {"uv": [8, 0, 16, 5.33333], "texture": "#0"},
				"east": {"uv": [5.5, 0, 7.5, 2], "texture": "#0"},
				"south": {"uv": [0, 0, 4, 16], "texture": "#0"},
				"west": {"uv": [0, 0, 4, 16], "texture": "#0"},
				"up": {"uv": [0, 0, 8, 1.75], "texture": "#0"},
				"down": {"uv": [0, 0, 8, 1.75], "texture": "#0"}
			}
		},
		{
			"from": [9.925, 0.05, 7],
			"to": [13.925, 2.05, 8],
			"rotation": {"angle": 0, "axis": "y", "origin": [9.925, 0.05, 7]},
			"faces": {
				"north": {"uv": [0, 0, 8, 5.33333], "texture": "#0"},
				"east": {"uv": [0, 0, 4, 16], "texture": "#0"},
				"south": {"uv": [4, 0, 0, 16], "texture": "#0"},
				"west": {"uv": [6.75, 0, 8.75, 2], "texture": "#0"},
				"up": {"uv": [8, 0, 16, 2.75], "texture": "#0"},
				"down": {"uv": [8, 0, 16, 1.75], "texture": "#0"}
			}
		},
		{
			"from": [10.025, 1.225, 6.9],
			"to": [10.525, 1.5, 6.9],
			"rotation": {"angle": 0, "axis": "y", "origin": [8.775, 0.975, 4.9]},
			"faces": {
				"north": {"uv": [2.5, 11.5, 5, 13.775], "texture": "#1"},
				"east": {"uv": [3, 13, 3, 13.275], "texture": "#0"},
				"south": {"uv": [2.5, 8, 5, 13.275], "texture": "#0"},
				"west": {"uv": [4.5, 11.5, 4.5, 11.775], "texture": "#0"},
				"up": {"uv": [3, 9.5, 3.5, 9.5], "texture": "#0"},
				"down": {"uv": [4.5, 11, 5, 11], "texture": "#0"}
			}
		},
		{
			"from": [11.35, 0.325, 6.9],
			"to": [11.6, 0.475, 6.9],
			"rotation": {"angle": 0, "axis": "y", "origin": [9.85, 0.075, 4.9]},
			"faces": {
				"north": {"uv": [2.5, 11.5, 4.75, 13.65], "texture": "#1"},
				"east": {"uv": [3, 13, 3, 13.15], "texture": "#0"},
				"south": {"uv": [2.5, 8, 4.75, 13.15], "texture": "#0"},
				"west": {"uv": [4.5, 11.5, 4.5, 11.65], "texture": "#0"},
				"up": {"uv": [3, 9.5, 3.25, 9.5], "texture": "#0"},
				"down": {"uv": [4.5, 11, 4.75, 11], "texture": "#0"}
			}
		},
		{
			"from": [4.25, 1.225, 6.9],
			"to": [4.75, 1.5, 6.9],
			"rotation": {"angle": 0, "axis": "y", "origin": [3, 0.975, 4.9]},
			"faces": {
				"north": {"uv": [2.5, 11.5, 5, 13.775], "texture": "#1"},
				"east": {"uv": [3, 13, 3, 13.275], "texture": "#0"},
				"south": {"uv": [2.5, 8, 5, 13.275], "texture": "#0"},
				"west": {"uv": [4.5, 11.5, 4.5, 11.775], "texture": "#0"},
				"up": {"uv": [3, 9.5, 3.5, 9.5], "texture": "#0"},
				"down": {"uv": [4.5, 11, 5, 11], "texture": "#0"}
			}
		},
		{
			"from": [5.575, 0.325, 6.9],
			"to": [5.825, 0.475, 6.9],
			"rotation": {"angle": 0, "axis": "y", "origin": [4.075, 0.075, 4.9]},
			"faces": {
				"north": {"uv": [2.5, 11.5, 4.75, 13.65], "texture": "#1"},
				"east": {"uv": [3, 13, 3, 13.15], "texture": "#0"},
				"south": {"uv": [2.5, 8, 4.75, 13.15], "texture": "#0"},
				"west": {"uv": [4.5, 11.5, 4.5, 11.65], "texture": "#0"},
				"up": {"uv": [3, 9.5, 3.25, 9.5], "texture": "#0"},
				"down": {"uv": [4.5, 11, 4.75, 11], "texture": "#0"}
			}
		}
	],
	"display": {
		"thirdperson_righthand": {
			"scale": [0, 0, 0]
		},
		"thirdperson_lefthand": {
			"scale": [0, 0, 0]
		},
		"ground": {
			"rotation": [90, 0, 0],
			"translation": [0, 7, 0]
		},
		"gui": {
			"rotation": [0, 180, 0],
			"translation": [0, 9.5, 0],
			"scale": [1.36, 1.36, 1]
		},
		"head": {
			"translation": [0, 3.34, -5.58],
			"scale": [0.83, 0.83, 0.83]
		},
		"fixed": {
			"translation": [0, 11.5, 1],
			"scale": [1.65, 1.65, 1.94]
		}
	}
}