{
	"credit": "Designed by Zachrywilsn with Cubik Studio - https://cubik.studio",
	"textures": {
		"particle": "item/kiriswords/nuibari",
		"texture": "item/kiriswords/nuibari"
	},
	"elements": [
		{
			"name": "Voxels-B2A7A5",
			"from": [6.75, -13, 7.75],
			"to": [8.25, -12.5, 8],
			"faces": {
				"north": {"uv": [4.96, 0.96, 7.04, 3.04], "texture": "#texture", "cullface": "down"},
				"east": {"uv": [4.96, 0.96, 7.04, 3.04], "texture": "#texture", "cullface": "down"},
				"south": {"uv": [4.96, 0.96, 7.04, 3.04], "texture": "#texture", "cullface": "down"},
				"west": {"uv": [4.96, 0.96, 7.04, 3.04], "texture": "#texture", "cullface": "down"},
				"up": {"uv": [4.96, 0.96, 7.04, 3.04], "texture": "#texture", "cullface": "down"},
				"down": {"uv": [4.96, 0.96, 7.04, 3.04], "texture": "#texture", "cullface": "down"}
			}
		},
		{
			"name": "Voxels-7C7171",
			"from": [6.75, -12.5, 7.75],
			"to": [7, -12.25, 8],
			"faces": {
				"north": {"uv": [8.96, 0.96, 11.04, 3.04], "texture": "#texture", "cullface": "down"},
				"south": {"uv": [8.96, 0.96, 11.04, 3.04], "texture": "#texture", "cullface": "down"},
				"west": {"uv": [8.96, 0.96, 11.04, 3.04], "texture": "#texture", "cullface": "down"}
			}
		},
		{
			"name": "Voxels-B2A7A5",
			"from": [6.75, -12.25, 7.75],
			"to": [8, -12, 8],
			"faces": {
				"north": {"uv": [4.96, 0.96, 7.04, 3.04], "texture": "#texture", "cullface": "down"},
				"south": {"uv": [4.96, 0.96, 7.04, 3.04], "texture": "#texture", "cullface": "down"},
				"west": {"uv": [4.96, 0.96, 7.04, 3.04], "texture": "#texture", "cullface": "down"},
				"up": {"uv": [4.96, 0.96, 7.04, 3.04], "texture": "#texture", "cullface": "down"},
				"down": {"uv": [4.96, 0.96, 7.04, 3.04], "texture": "#texture", "cullface": "down"}
			}
		},
		{
			"name": "Voxels-7C7171",
			"from": [6.75, -12, 7.75],
			"to": [7, -11.75, 8],
			"faces": {
				"north": {"uv": [8.96, 0.96, 11.04, 3.04], "texture": "#texture", "cullface": "down"},
				"south": {"uv": [8.96, 0.96, 11.04, 3.04], "texture": "#texture", "cullface": "down"},
				"west": {"uv": [8.96, 0.96, 11.04, 3.04], "texture": "#texture", "cullface": "down"}
			}
		},
		{
			"name": "Voxels-B2A7A5",
			"from": [6.75, -11.75, 7.75],
			"to": [8.25, -11.25, 8],
			"faces": {
				"north": {"uv": [4.96, 0.96, 7.04, 3.04], "texture": "#texture", "cullface": "down"},
				"east": {"uv": [4.96, 0.96, 7.04, 3.04], "texture": "#texture", "cullface": "down"},
				"south": {"uv": [4.96, 0.96, 7.04, 3.04], "texture": "#texture", "cullface": "down"},
				"west": {"uv": [4.96, 0.96, 7.04, 3.04], "texture": "#texture", "cullface": "down"},
				"up": {"uv": [4.96, 0.96, 7.04, 3.04], "texture": "#texture", "cullface": "down"},
				"down": {"uv": [4.96, 0.96, 7.04, 3.04], "texture": "#texture", "cullface": "down"}
			}
		},
		{
			"name": "Voxels-7C7171",
			"from": [6.75, -11.25, 7.75],
			"to": [7, -11, 8],
			"faces": {
				"north": {"uv": [8.96, 0.96, 11.04, 3.04], "texture": "#texture", "cullface": "down"},
				"south": {"uv": [8.96, 0.96, 11.04, 3.04], "texture": "#texture", "cullface": "down"},
				"west": {"uv": [8.96, 0.96, 11.04, 3.04], "texture": "#texture", "cullface": "down"}
			}
		},
		{
			"name": "Voxels-B2A7A5",
			"from": [6.75, -11, 7.75],
			"to": [8, -10.25, 8],
			"faces": {
				"north": {"uv": [4.96, 0.96, 7.04, 3.04], "texture": "#texture", "cullface": "down"},
				"east": {"uv": [4.96, 0.96, 7.04, 3.04], "texture": "#texture", "cullface": "down"},
				"south": {"uv": [4.96, 0.96, 7.04, 3.04], "texture": "#texture", "cullface": "down"},
				"west": {"uv": [4.96, 0.96, 7.04, 3.04], "texture": "#texture", "cullface": "down"},
				"up": {"uv": [4.96, 0.96, 7.04, 3.04], "texture": "#texture", "cullface": "down"},
				"down": {"uv": [4.96, 0.96, 7.04, 3.04], "texture": "#texture", "cullface": "down"}
			}
		},
		{
			"name": "Voxels-7C7171",
			"from": [6.75, -10.25, 7.75],
			"to": [7, -10, 8],
			"faces": {
				"north": {"uv": [8.96, 0.96, 11.04, 3.04], "texture": "#texture", "cullface": "down"},
				"south": {"uv": [8.96, 0.96, 11.04, 3.04], "texture": "#texture", "cullface": "down"},
				"west": {"uv": [8.96, 0.96, 11.04, 3.04], "texture": "#texture", "cullface": "down"}
			}
		},
		{
			"name": "Voxels-B2A7A5",
			"from": [6.75, -10, 7.75],
			"to": [8.25, -9.75, 8],
			"faces": {
				"north": {"uv": [4.96, 0.96, 7.04, 3.04], "texture": "#texture", "cullface": "down"},
				"east": {"uv": [4.96, 0.96, 7.04, 3.04], "texture": "#texture", "cullface": "down"},
				"south": {"uv": [4.96, 0.96, 7.04, 3.04], "texture": "#texture", "cullface": "down"},
				"west": {"uv": [4.96, 0.96, 7.04, 3.04], "texture": "#texture", "cullface": "down"},
				"up": {"uv": [4.96, 0.96, 7.04, 3.04], "texture": "#texture", "cullface": "down"},
				"down": {"uv": [4.96, 0.96, 7.04, 3.04], "texture": "#texture", "cullface": "down"}
			}
		},
		{
			"name": "Voxels-B2A7A5",
			"from": [6.75, -9.75, 7.75],
			"to": [8, -8.5, 8],
			"faces": {
				"north": {"uv": [4.96, 0.96, 7.04, 3.04], "texture": "#texture", "cullface": "down"},
				"east": {"uv": [4.96, 0.96, 7.04, 3.04], "texture": "#texture", "cullface": "down"},
				"south": {"uv": [4.96, 0.96, 7.04, 3.04], "texture": "#texture", "cullface": "down"},
				"west": {"uv": [4.96, 0.96, 7.04, 3.04], "texture": "#texture", "cullface": "down"},
				"up": {"uv": [4.96, 0.96, 7.04, 3.04], "texture": "#texture", "cullface": "down"}
			}
		},
		{
			"name": "Voxels-7C7171",
			"from": [6.75, -8.5, 7.75],
			"to": [7, -8.25, 8],
			"faces": {
				"north": {"uv": [8.96, 0.96, 11.04, 3.04], "texture": "#texture", "cullface": "down"},
				"south": {"uv": [8.96, 0.96, 11.04, 3.04], "texture": "#texture", "cullface": "down"},
				"west": {"uv": [8.96, 0.96, 11.04, 3.04], "texture": "#texture", "cullface": "down"}
			}
		},
		{
			"name": "Voxels-B2A7A5",
			"from": [6.75, -8.25, 7.75],
			"to": [8.25, -7.5, 8],
			"faces": {
				"north": {"uv": [4.96, 0.96, 7.04, 3.04], "texture": "#texture", "cullface": "down"},
				"east": {"uv": [4.96, 0.96, 7.04, 3.04], "texture": "#texture", "cullface": "down"},
				"south": {"uv": [4.96, 0.96, 7.04, 3.04], "texture": "#texture", "cullface": "down"},
				"west": {"uv": [4.96, 0.96, 7.04, 3.04], "texture": "#texture", "cullface": "down"},
				"up": {"uv": [4.96, 0.96, 7.04, 3.04], "texture": "#texture", "cullface": "down"},
				"down": {"uv": [4.96, 0.96, 7.04, 3.04], "texture": "#texture", "cullface": "down"}
			}
		},
		{
			"name": "Voxels-7C7171",
			"from": [6.75, -7.5, 7.75],
			"to": [7, -7.25, 8],
			"faces": {
				"north": {"uv": [8.96, 0.96, 11.04, 3.04], "texture": "#texture", "cullface": "down"},
				"south": {"uv": [8.96, 0.96, 11.04, 3.04], "texture": "#texture", "cullface": "down"},
				"west": {"uv": [8.96, 0.96, 11.04, 3.04], "texture": "#texture", "cullface": "down"}
			}
		},
		{
			"name": "Voxels-B2A7A5",
			"from": [6.75, -7.25, 7.75],
			"to": [8.25, -6.25, 8],
			"faces": {
				"north": {"uv": [4.96, 0.96, 7.04, 3.04], "texture": "#texture", "cullface": "down"},
				"east": {"uv": [4.96, 0.96, 7.04, 3.04], "texture": "#texture", "cullface": "down"},
				"south": {"uv": [4.96, 0.96, 7.04, 3.04], "texture": "#texture", "cullface": "down"},
				"west": {"uv": [4.96, 0.96, 7.04, 3.04], "texture": "#texture", "cullface": "down"},
				"up": {"uv": [4.96, 0.96, 7.04, 3.04], "texture": "#texture", "cullface": "down"},
				"down": {"uv": [4.96, 0.96, 7.04, 3.04], "texture": "#texture", "cullface": "down"}
			}
		},
		{
			"name": "Voxels-7C7171",
			"from": [6.75, -6.25, 7.75],
			"to": [7, -6, 8],
			"faces": {
				"north": {"uv": [8.96, 0.96, 11.04, 3.04], "texture": "#texture", "cullface": "down"},
				"south": {"uv": [8.96, 0.96, 11.04, 3.04], "texture": "#texture", "cullface": "down"},
				"west": {"uv": [8.96, 0.96, 11.04, 3.04], "texture": "#texture", "cullface": "down"}
			}
		},
		{
			"name": "Voxels-B2A7A5",
			"from": [6.75, -6, 7.75],
			"to": [8, -4, 8],
			"faces": {
				"north": {"uv": [4.96, 0.96, 7.04, 3.04], "texture": "#texture", "cullface": "down"},
				"east": {"uv": [4.96, 0.96, 7.04, 3.04], "texture": "#texture", "cullface": "down"},
				"south": {"uv": [4.96, 0.96, 7.04, 3.04], "texture": "#texture", "cullface": "down"},
				"west": {"uv": [4.96, 0.96, 7.04, 3.04], "texture": "#texture", "cullface": "down"},
				"up": {"uv": [4.96, 0.96, 7.04, 3.04], "texture": "#texture", "cullface": "down"},
				"down": {"uv": [4.96, 0.96, 7.04, 3.04], "texture": "#texture", "cullface": "down"}
			}
		},
		{
			"name": "Voxels-7C7171",
			"from": [6.75, -4, 7.75],
			"to": [7, -3.75, 8],
			"faces": {
				"north": {"uv": [8.96, 0.96, 11.04, 3.04], "texture": "#texture", "cullface": "down"},
				"south": {"uv": [8.96, 0.96, 11.04, 3.04], "texture": "#texture", "cullface": "down"},
				"west": {"uv": [8.96, 0.96, 11.04, 3.04], "texture": "#texture", "cullface": "down"}
			}
		},
		{
			"name": "Voxels-B2A7A5",
			"from": [6.75, -3.75, 7.75],
			"to": [8.25, -2.75, 8],
			"faces": {
				"north": {"uv": [4.96, 0.96, 7.04, 3.04], "texture": "#texture", "cullface": "down"},
				"east": {"uv": [4.96, 0.96, 7.04, 3.04], "texture": "#texture", "cullface": "down"},
				"south": {"uv": [4.96, 0.96, 7.04, 3.04], "texture": "#texture", "cullface": "down"},
				"west": {"uv": [4.96, 0.96, 7.04, 3.04], "texture": "#texture", "cullface": "down"},
				"up": {"uv": [4.96, 0.96, 7.04, 3.04], "texture": "#texture", "cullface": "down"},
				"down": {"uv": [4.96, 0.96, 7.04, 3.04], "texture": "#texture", "cullface": "down"}
			}
		},
		{
			"name": "Voxels-7C7171",
			"from": [6.75, -2.75, 7.75],
			"to": [7, -2.5, 8],
			"faces": {
				"north": {"uv": [8.96, 0.96, 11.04, 3.04], "texture": "#texture", "cullface": "down"},
				"south": {"uv": [8.96, 0.96, 11.04, 3.04], "texture": "#texture", "cullface": "down"},
				"west": {"uv": [8.96, 0.96, 11.04, 3.04], "texture": "#texture", "cullface": "down"}
			}
		},
		{
			"name": "Voxels-B2A7A5",
			"from": [6.75, -2.5, 7.75],
			"to": [8.25, -1.5, 8],
			"faces": {
				"north": {"uv": [4.96, 0.96, 7.04, 3.04], "texture": "#texture", "cullface": "down"},
				"east": {"uv": [4.96, 0.96, 7.04, 3.04], "texture": "#texture", "cullface": "down"},
				"south": {"uv": [4.96, 0.96, 7.04, 3.04], "texture": "#texture", "cullface": "down"},
				"west": {"uv": [4.96, 0.96, 7.04, 3.04], "texture": "#texture", "cullface": "down"},
				"up": {"uv": [4.96, 0.96, 7.04, 3.04], "texture": "#texture", "cullface": "down"},
				"down": {"uv": [4.96, 0.96, 7.04, 3.04], "texture": "#texture", "cullface": "down"}
			}
		},
		{
			"name": "Voxels-F3F3F3",
			"from": [7, -14.75, 8.25],
			"to": [8, -14.5, 8.5],
			"faces": {
				"north": {"uv": [12.96, 4.96, 15.04, 7.04], "texture": "#texture", "cullface": "down"},
				"east": {"uv": [12.96, 4.96, 15.04, 7.04], "texture": "#texture", "cullface": "down"},
				"south": {"uv": [12.96, 4.96, 15.04, 7.04], "texture": "#texture", "cullface": "down"},
				"west": {"uv": [12.96, 4.96, 15.04, 7.04], "texture": "#texture", "cullface": "down"},
				"up": {"uv": [12.96, 4.96, 15.04, 7.04], "texture": "#texture", "cullface": "down"},
				"down": {"uv": [12.96, 4.96, 15.04, 7.04], "texture": "#texture", "cullface": "down"}
			}
		},
		{
			"name": "Voxels-B2A7A5",
			"from": [7, -13, 7.5],
			"to": [8, -12.25, 7.75],
			"faces": {
				"north": {"uv": [4.96, 0.96, 7.04, 3.04], "texture": "#texture", "cullface": "down"},
				"east": {"uv": [4.96, 0.96, 7.04, 3.04], "texture": "#texture", "cullface": "down"},
				"south": {"uv": [4.96, 0.96, 7.04, 3.04], "texture": "#texture", "cullface": "down"},
				"west": {"uv": [4.96, 0.96, 7.04, 3.04], "texture": "#texture", "cullface": "down"},
				"up": {"uv": [4.96, 0.96, 7.04, 3.04], "texture": "#texture", "cullface": "down"},
				"down": {"uv": [4.96, 0.96, 7.04, 3.04], "texture": "#texture", "cullface": "down"}
			}
		},
		{
			"name": "Voxels-B2A7A5",
			"from": [7, -13, 8],
			"to": [8, -12.5, 8.25],
			"faces": {
				"east": {"uv": [4.96, 0.96, 7.04, 3.04], "texture": "#texture", "cullface": "down"},
				"south": {"uv": [4.96, 0.96, 7.04, 3.04], "texture": "#texture", "cullface": "down"},
				"west": {"uv": [4.96, 0.96, 7.04, 3.04], "texture": "#texture", "cullface": "down"},
				"up": {"uv": [4.96, 0.96, 7.04, 3.04], "texture": "#texture", "cullface": "down"},
				"down": {"uv": [4.96, 0.96, 7.04, 3.04], "texture": "#texture", "cullface": "down"}
			}
		},
		{
			"name": "Voxels-B2A7A5",
			"from": [7, -12.5, 7.75],
			"to": [8.25, -12.25, 8],
			"faces": {
				"north": {"uv": [4.96, 0.96, 7.04, 3.04], "texture": "#texture", "cullface": "down"},
				"east": {"uv": [4.96, 0.96, 7.04, 3.04], "texture": "#texture", "cullface": "down"},
				"south": {"uv": [4.96, 0.96, 7.04, 3.04], "texture": "#texture", "cullface": "down"},
				"up": {"uv": [4.96, 0.96, 7.04, 3.04], "texture": "#texture", "cullface": "down"}
			}
		},
		{
			"name": "Voxels-7C7171",
			"from": [7, -12.5, 8],
			"to": [7.25, -12.25, 8.25],
			"faces": {
				"south": {"uv": [8.96, 0.96, 11.04, 3.04], "texture": "#texture", "cullface": "down"},
				"west": {"uv": [8.96, 0.96, 11.04, 3.04], "texture": "#texture", "cullface": "down"}
			}
		},
		{
			"name": "Voxels-7C7171",
			"from": [7, -12.25, 7.5],
			"to": [7.25, -11.75, 7.75],
			"faces": {
				"north": {"uv": [8.96, 0.96, 11.04, 3.04], "texture": "#texture", "cullface": "down"},
				"south": {"uv": [8.96, 0.96, 11.04, 3.04], "texture": "#texture", "cullface": "down"},
				"west": {"uv": [8.96, 0.96, 11.04, 3.04], "texture": "#texture", "cullface": "down"}
			}
		},
		{
			"name": "Voxels-B2A7A5",
			"from": [7, -12.25, 8],
			"to": [7.75, -12, 8.25],
			"faces": {
				"south": {"uv": [4.96, 0.96, 7.04, 3.04], "texture": "#texture", "cullface": "down"},
				"west": {"uv": [4.96, 0.96, 7.04, 3.04], "texture": "#texture", "cullface": "down"},
				"up": {"uv": [4.96, 0.96, 7.04, 3.04], "texture": "#texture", "cullface": "down"},
				"down": {"uv": [4.96, 0.96, 7.04, 3.04], "texture": "#texture", "cullface": "down"}
			}
		},
		{
			"name": "Voxels-B2A7A5",
			"from": [7, -12, 7.75],
			"to": [8.25, -11.75, 8],
			"faces": {
				"north": {"uv": [4.96, 0.96, 7.04, 3.04], "texture": "#texture", "cullface": "down"},
				"east": {"uv": [4.96, 0.96, 7.04, 3.04], "texture": "#texture", "cullface": "down"},
				"south": {"uv": [4.96, 0.96, 7.04, 3.04], "texture": "#texture", "cullface": "down"},
				"down": {"uv": [4.96, 0.96, 7.04, 3.04], "texture": "#texture", "cullface": "down"}
			}
		},
		{
			"name": "Voxels-7C7171",
			"from": [7, -12, 8],
			"to": [7.25, -11.75, 8.25],
			"faces": {
				"south": {"uv": [8.96, 0.96, 11.04, 3.04], "texture": "#texture", "cullface": "down"},
				"west": {"uv": [8.96, 0.96, 11.04, 3.04], "texture": "#texture", "cullface": "down"}
			}
		},
		{
			"name": "Voxels-B2A7A5",
			"from": [7, -11.75, 7.5],
			"to": [8, -11.25, 7.75],
			"faces": {
				"north": {"uv": [4.96, 0.96, 7.04, 3.04], "texture": "#texture", "cullface": "down"},
				"east": {"uv": [4.96, 0.96, 7.04, 3.04], "texture": "#texture", "cullface": "down"},
				"west": {"uv": [4.96, 0.96, 7.04, 3.04], "texture": "#texture", "cullface": "down"},
				"up": {"uv": [4.96, 0.96, 7.04, 3.04], "texture": "#texture", "cullface": "down"},
				"down": {"uv": [4.96, 0.96, 7.04, 3.04], "texture": "#texture", "cullface": "down"}
			}
		},
		{
			"name": "Voxels-B2A7A5",
			"from": [7, -11.75, 8],
			"to": [8, -11.25, 8.25],
			"faces": {
				"east": {"uv": [4.96, 0.96, 7.04, 3.04], "texture": "#texture", "cullface": "down"},
				"south": {"uv": [4.96, 0.96, 7.04, 3.04], "texture": "#texture", "cullface": "down"},
				"west": {"uv": [4.96, 0.96, 7.04, 3.04], "texture": "#texture", "cullface": "down"},
				"up": {"uv": [4.96, 0.96, 7.04, 3.04], "texture": "#texture", "cullface": "down"},
				"down": {"uv": [4.96, 0.96, 7.04, 3.04], "texture": "#texture", "cullface": "down"}
			}
		},
		{
			"name": "Voxels-7C7171",
			"from": [7, -11.25, 7.5],
			"to": [7.25, -11, 7.75],
			"faces": {
				"north": {"uv": [8.96, 0.96, 11.04, 3.04], "texture": "#texture", "cullface": "down"},
				"west": {"uv": [8.96, 0.96, 11.04, 3.04], "texture": "#texture", "cullface": "down"}
			}
		},
		{
			"name": "Voxels-B2A7A5",
			"from": [7, -11.25, 7.75],
			"to": [8.25, -11, 8],
			"faces": {
				"north": {"uv": [4.96, 0.96, 7.04, 3.04], "texture": "#texture", "cullface": "down"},
				"east": {"uv": [4.96, 0.96, 7.04, 3.04], "texture": "#texture", "cullface": "down"},
				"south": {"uv": [4.96, 0.96, 7.04, 3.04], "texture": "#texture", "cullface": "down"},
				"up": {"uv": [4.96, 0.96, 7.04, 3.04], "texture": "#texture", "cullface": "down"}
			}
		},
		{
			"name": "Voxels-7C7171",
			"from": [7, -11.25, 8],
			"to": [7.25, -11, 8.25],
			"faces": {
				"south": {"uv": [8.96, 0.96, 11.04, 3.04], "texture": "#texture", "cullface": "down"},
				"west": {"uv": [8.96, 0.96, 11.04, 3.04], "texture": "#texture", "cullface": "down"}
			}
		},
		{
			"name": "Voxels-B2A7A5",
			"from": [7, -11, 7.5],
			"to": [8, -10.25, 7.75],
			"faces": {
				"north": {"uv": [4.96, 0.96, 7.04, 3.04], "texture": "#texture", "cullface": "down"},
				"east": {"uv": [4.96, 0.96, 7.04, 3.04], "texture": "#texture", "cullface": "down"},
				"west": {"uv": [4.96, 0.96, 7.04, 3.04], "texture": "#texture", "cullface": "down"},
				"up": {"uv": [4.96, 0.96, 7.04, 3.04], "texture": "#texture", "cullface": "down"},
				"down": {"uv": [4.96, 0.96, 7.04, 3.04], "texture": "#texture", "cullface": "down"}
			}
		},
		{
			"name": "Voxels-B2A7A5",
			"from": [7, -11, 8],
			"to": [7.75, -10, 8.25],
			"faces": {
				"north": {"uv": [4.96, 0.96, 7.04, 3.04], "texture": "#texture", "cullface": "down"},
				"east": {"uv": [4.96, 0.96, 7.04, 3.04], "texture": "#texture", "cullface": "down"},
				"south": {"uv": [4.96, 0.96, 7.04, 3.04], "texture": "#texture", "cullface": "down"},
				"west": {"uv": [4.96, 0.96, 7.04, 3.04], "texture": "#texture", "cullface": "down"},
				"up": {"uv": [4.96, 0.96, 7.04, 3.04], "texture": "#texture", "cullface": "down"},
				"down": {"uv": [4.96, 0.96, 7.04, 3.04], "texture": "#texture", "cullface": "down"}
			}
		},
		{
			"name": "Voxels-7C7171",
			"from": [7, -10.25, 7.5],
			"to": [7.25, -10, 7.75],
			"faces": {
				"north": {"uv": [8.96, 0.96, 11.04, 3.04], "texture": "#texture", "cullface": "down"},
				"west": {"uv": [8.96, 0.96, 11.04, 3.04], "texture": "#texture", "cullface": "down"}
			}
		},
		{
			"name": "Voxels-B2A7A5",
			"from": [7, -10.25, 7.75],
			"to": [8.25, -10, 8],
			"faces": {
				"north": {"uv": [4.96, 0.96, 7.04, 3.04], "texture": "#texture", "cullface": "down"},
				"east": {"uv": [4.96, 0.96, 7.04, 3.04], "texture": "#texture", "cullface": "down"},
				"south": {"uv": [4.96, 0.96, 7.04, 3.04], "texture": "#texture", "cullface": "down"},
				"down": {"uv": [4.96, 0.96, 7.04, 3.04], "texture": "#texture", "cullface": "down"}
			}
		},
		{
			"name": "Voxels-B2A7A5",
			"from": [7, -10, 7.5],
			"to": [7.75, -8.5, 7.75],
			"faces": {
				"north": {"uv": [4.96, 0.96, 7.04, 3.04], "texture": "#texture", "cullface": "down"},
				"east": {"uv": [4.96, 0.96, 7.04, 3.04], "texture": "#texture", "cullface": "down"},
				"south": {"uv": [4.96, 0.96, 7.04, 3.04], "texture": "#texture", "cullface": "down"},
				"west": {"uv": [4.96, 0.96, 7.04, 3.04], "texture": "#texture", "cullface": "down"},
				"up": {"uv": [4.96, 0.96, 7.04, 3.04], "texture": "#texture", "cullface": "down"},
				"down": {"uv": [4.96, 0.96, 7.04, 3.04], "texture": "#texture", "cullface": "down"}
			}
		},
		{
			"name": "Voxels-7C7171",
			"from": [7, -10, 8],
			"to": [7.25, -9.75, 8.25],
			"faces": {
				"south": {"uv": [8.96, 0.96, 11.04, 3.04], "texture": "#texture", "cullface": "down"},
				"west": {"uv": [8.96, 0.96, 11.04, 3.04], "texture": "#texture", "cullface": "down"}
			}
		},
		{
			"name": "Voxels-B2A7A5",
			"from": [7, -9.75, 8],
			"to": [8, -9.5, 8.25],
			"faces": {
				"east": {"uv": [4.96, 0.96, 7.04, 3.04], "texture": "#texture", "cullface": "down"},
				"south": {"uv": [4.96, 0.96, 7.04, 3.04], "texture": "#texture", "cullface": "down"},
				"west": {"uv": [4.96, 0.96, 7.04, 3.04], "texture": "#texture", "cullface": "down"},
				"up": {"uv": [4.96, 0.96, 7.04, 3.04], "texture": "#texture", "cullface": "down"},
				"down": {"uv": [4.96, 0.96, 7.04, 3.04], "texture": "#texture", "cullface": "down"}
			}
		},
		{
			"name": "Voxels-B2A7A5",
			"from": [7, -9.5, 8],
			"to": [7.75, -8.75, 8.25],
			"faces": {
				"east": {"uv": [4.96, 0.96, 7.04, 3.04], "texture": "#texture", "cullface": "down"},
				"south": {"uv": [4.96, 0.96, 7.04, 3.04], "texture": "#texture", "cullface": "down"},
				"west": {"uv": [4.96, 0.96, 7.04, 3.04], "texture": "#texture", "cullface": "down"},
				"up": {"uv": [4.96, 0.96, 7.04, 3.04], "texture": "#texture", "cullface": "down"}
			}
		},
		{
			"name": "Voxels-7C7171",
			"from": [7, -8.75, 8],
			"to": [7.25, -8.5, 8.25],
			"faces": {
				"south": {"uv": [8.96, 0.96, 11.04, 3.04], "texture": "#texture", "cullface": "down"},
				"west": {"uv": [8.96, 0.96, 11.04, 3.04], "texture": "#texture", "cullface": "down"}
			}
		},
		{
			"name": "Voxels-7C7171",
			"from": [7, -8.5, 7.5],
			"to": [7.25, -8.25, 7.75],
			"faces": {
				"north": {"uv": [8.96, 0.96, 11.04, 3.04], "texture": "#texture", "cullface": "down"},
				"west": {"uv": [8.96, 0.96, 11.04, 3.04], "texture": "#texture", "cullface": "down"}
			}
		},
		{
			"name": "Voxels-B2A7A5",
			"from": [7, -8.5, 7.75],
			"to": [8.25, -8.25, 8],
			"faces": {
				"north": {"uv": [4.96, 0.96, 7.04, 3.04], "texture": "#texture", "cullface": "down"},
				"east": {"uv": [4.96, 0.96, 7.04, 3.04], "texture": "#texture", "cullface": "down"},
				"south": {"uv": [4.96, 0.96, 7.04, 3.04], "texture": "#texture", "cullface": "down"},
				"down": {"uv": [4.96, 0.96, 7.04, 3.04], "texture": "#texture", "cullface": "down"}
			}
		},
		{
			"name": "Voxels-B2A7A5",
			"from": [7, -8.5, 8],
			"to": [8, -8.25, 8.25],
			"faces": {
				"east": {"uv": [4.96, 0.96, 7.04, 3.04], "texture": "#texture", "cullface": "down"},
				"south": {"uv": [4.96, 0.96, 7.04, 3.04], "texture": "#texture", "cullface": "down"},
				"west": {"uv": [4.96, 0.96, 7.04, 3.04], "texture": "#texture", "cullface": "down"},
				"up": {"uv": [4.96, 0.96, 7.04, 3.04], "texture": "#texture", "cullface": "down"},
				"down": {"uv": [4.96, 0.96, 7.04, 3.04], "texture": "#texture", "cullface": "down"}
			}
		},
		{
			"name": "Voxels-B2A7A5",
			"from": [7, -8.25, 7.5],
			"to": [8, -7.75, 7.75],
			"faces": {
				"north": {"uv": [4.96, 0.96, 7.04, 3.04], "texture": "#texture", "cullface": "down"},
				"east": {"uv": [4.96, 0.96, 7.04, 3.04], "texture": "#texture", "cullface": "down"},
				"west": {"uv": [4.96, 0.96, 7.04, 3.04], "texture": "#texture", "cullface": "down"},
				"up": {"uv": [4.96, 0.96, 7.04, 3.04], "texture": "#texture", "cullface": "down"},
				"down": {"uv": [4.96, 0.96, 7.04, 3.04], "texture": "#texture", "cullface": "down"}
			}
		},
		{
			"name": "Voxels-7C7171",
			"from": [7, -8.25, 8],
			"to": [7.25, -8, 8.25],
			"faces": {
				"south": {"uv": [8.96, 0.96, 11.04, 3.04], "texture": "#texture", "cullface": "down"},
				"west": {"uv": [8.96, 0.96, 11.04, 3.04], "texture": "#texture", "cullface": "down"}
			}
		},
		{
			"name": "Voxels-B2A7A5",
			"from": [7, -8, 8],
			"to": [8, -7.75, 8.25],
			"faces": {
				"east": {"uv": [4.96, 0.96, 7.04, 3.04], "texture": "#texture", "cullface": "down"},
				"south": {"uv": [4.96, 0.96, 7.04, 3.04], "texture": "#texture", "cullface": "down"},
				"west": {"uv": [4.96, 0.96, 7.04, 3.04], "texture": "#texture", "cullface": "down"},
				"up": {"uv": [4.96, 0.96, 7.04, 3.04], "texture": "#texture", "cullface": "down"},
				"down": {"uv": [4.96, 0.96, 7.04, 3.04], "texture": "#texture", "cullface": "down"}
			}
		},
		{
			"name": "Voxels-7C7171",
			"from": [7, -7.75, 7.5],
			"to": [7.25, -7.5, 7.75],
			"faces": {
				"north": {"uv": [8.96, 0.96, 11.04, 3.04], "texture": "#texture", "cullface": "down"},
				"west": {"uv": [8.96, 0.96, 11.04, 3.04], "texture": "#texture", "cullface": "down"}
			}
		},
		{
			"name": "Voxels-B2A7A5",
			"from": [7, -7.75, 8],
			"to": [7.75, -7.5, 8.25],
			"faces": {
				"south": {"uv": [4.96, 0.96, 7.04, 3.04], "texture": "#texture", "cullface": "down"},
				"west": {"uv": [4.96, 0.96, 7.04, 3.04], "texture": "#texture", "cullface": "down"},
				"up": {"uv": [4.96, 0.96, 7.04, 3.04], "texture": "#texture", "cullface": "down"}
			}
		},
		{
			"name": "Voxels-B2A7A5",
			"from": [7, -7.5, 7.5],
			"to": [7.75, -6.25, 7.75],
			"faces": {
				"north": {"uv": [4.96, 0.96, 7.04, 3.04], "texture": "#texture", "cullface": "down"},
				"east": {"uv": [4.96, 0.96, 7.04, 3.04], "texture": "#texture", "cullface": "down"},
				"south": {"uv": [4.96, 0.96, 7.04, 3.04], "texture": "#texture", "cullface": "down"},
				"west": {"uv": [4.96, 0.96, 7.04, 3.04], "texture": "#texture", "cullface": "down"},
				"up": {"uv": [4.96, 0.96, 7.04, 3.04], "texture": "#texture", "cullface": "down"},
				"down": {"uv": [4.96, 0.96, 7.04, 3.04], "texture": "#texture", "cullface": "down"}
			}
		},
		{
			"name": "Voxels-B2A7A5",
			"from": [7, -7.5, 7.75],
			"to": [8, -7.25, 8],
			"faces": {
				"north": {"uv": [4.96, 0.96, 7.04, 3.04], "texture": "#texture", "cullface": "down"},
				"south": {"uv": [4.96, 0.96, 7.04, 3.04], "texture": "#texture", "cullface": "down"}
			}
		},
		{
			"name": "Voxels-7C7171",
			"from": [7, -7.5, 8],
			"to": [7.25, -7.25, 8.25],
			"faces": {
				"south": {"uv": [8.96, 0.96, 11.04, 3.04], "texture": "#texture", "cullface": "down"},
				"west": {"uv": [8.96, 0.96, 11.04, 3.04], "texture": "#texture", "cullface": "down"}
			}
		},
		{
			"name": "Voxels-B2A7A5",
			"from": [7, -7.25, 8],
			"to": [8, -6.25, 8.25],
			"faces": {
				"east": {"uv": [4.96, 0.96, 7.04, 3.04], "texture": "#texture", "cullface": "down"},
				"south": {"uv": [4.96, 0.96, 7.04, 3.04], "texture": "#texture", "cullface": "down"},
				"west": {"uv": [4.96, 0.96, 7.04, 3.04], "texture": "#texture", "cullface": "down"},
				"up": {"uv": [4.96, 0.96, 7.04, 3.04], "texture": "#texture", "cullface": "down"},
				"down": {"uv": [4.96, 0.96, 7.04, 3.04], "texture": "#texture", "cullface": "down"}
			}
		},
		{
			"name": "Voxels-7C7171",
			"from": [7, -6.25, 7.5],
			"to": [7.25, -5.75, 7.75],
			"faces": {
				"north": {"uv": [8.96, 0.96, 11.04, 3.04], "texture": "#texture", "cullface": "down"},
				"east": {"uv": [8.96, 0.96, 11.04, 3.04], "texture": "#texture", "cullface": "down"},
				"south": {"uv": [8.96, 0.96, 11.04, 3.04], "texture": "#texture", "cullface": "down"},
				"west": {"uv": [8.96, 0.96, 11.04, 3.04], "texture": "#texture", "cullface": "down"}
			}
		},
		{
			"name": "Voxels-B2A7A5",
			"from": [7, -6.25, 7.75],
			"to": [8.25, -6, 8],
			"faces": {
				"north": {"uv": [4.96, 0.96, 7.04, 3.04], "texture": "#texture", "cullface": "down"},
				"east": {"uv": [4.96, 0.96, 7.04, 3.04], "texture": "#texture", "cullface": "down"},
				"south": {"uv": [4.96, 0.96, 7.04, 3.04], "texture": "#texture", "cullface": "down"},
				"up": {"uv": [4.96, 0.96, 7.04, 3.04], "texture": "#texture", "cullface": "down"}
			}
		},
		{
			"name": "Voxels-7C7171",
			"from": [7, -6.25, 8],
			"to": [7.25, -6, 8.25],
			"faces": {
				"south": {"uv": [8.96, 0.96, 11.04, 3.04], "texture": "#texture", "cullface": "down"},
				"west": {"uv": [8.96, 0.96, 11.04, 3.04], "texture": "#texture", "cullface": "down"}
			}
		},
		{
			"name": "Voxels-B2A7A5",
			"from": [7, -6, 8],
			"to": [7.75, -4.25, 8.25],
			"faces": {
				"east": {"uv": [4.96, 0.96, 7.04, 3.04], "texture": "#texture", "cullface": "down"},
				"south": {"uv": [4.96, 0.96, 7.04, 3.04], "texture": "#texture", "cullface": "down"},
				"west": {"uv": [4.96, 0.96, 7.04, 3.04], "texture": "#texture", "cullface": "down"},
				"up": {"uv": [4.96, 0.96, 7.04, 3.04], "texture": "#texture", "cullface": "down"},
				"down": {"uv": [4.96, 0.96, 7.04, 3.04], "texture": "#texture", "cullface": "down"}
			}
		},
		{
			"name": "Voxels-B2A7A5",
			"from": [7, -5.75, 7.5],
			"to": [8, -5, 7.75],
			"faces": {
				"north": {"uv": [4.96, 0.96, 7.04, 3.04], "texture": "#texture", "cullface": "down"},
				"east": {"uv": [4.96, 0.96, 7.04, 3.04], "texture": "#texture", "cullface": "down"},
				"west": {"uv": [4.96, 0.96, 7.04, 3.04], "texture": "#texture", "cullface": "down"},
				"up": {"uv": [4.96, 0.96, 7.04, 3.04], "texture": "#texture", "cullface": "down"},
				"down": {"uv": [4.96, 0.96, 7.04, 3.04], "texture": "#texture", "cullface": "down"}
			}
		},
		{
			"name": "Voxels-B2A7A5",
			"from": [7, -5, 7.5],
			"to": [7.75, -4, 7.75],
			"faces": {
				"north": {"uv": [4.96, 0.96, 7.04, 3.04], "texture": "#texture", "cullface": "down"},
				"east": {"uv": [4.96, 0.96, 7.04, 3.04], "texture": "#texture", "cullface": "down"},
				"west": {"uv": [4.96, 0.96, 7.04, 3.04], "texture": "#texture", "cullface": "down"},
				"up": {"uv": [4.96, 0.96, 7.04, 3.04], "texture": "#texture", "cullface": "down"}
			}
		},
		{
			"name": "Voxels-7C7171",
			"from": [7, -4.25, 8],
			"to": [7.25, -4, 8.25],
			"faces": {
				"south": {"uv": [8.96, 0.96, 11.04, 3.04], "texture": "#texture", "cullface": "down"},
				"west": {"uv": [8.96, 0.96, 11.04, 3.04], "texture": "#texture", "cullface": "down"}
			}
		},
		{
			"name": "Voxels-7C7171",
			"from": [7, -4, 7.5],
			"to": [7.25, -3.75, 7.75],
			"faces": {
				"north": {"uv": [8.96, 0.96, 11.04, 3.04], "texture": "#texture", "cullface": "down"},
				"west": {"uv": [8.96, 0.96, 11.04, 3.04], "texture": "#texture", "cullface": "down"}
			}
		},
		{
			"name": "Voxels-B2A7A5",
			"from": [7, -4, 7.75],
			"to": [8.25, -3.75, 8],
			"faces": {
				"north": {"uv": [4.96, 0.96, 7.04, 3.04], "texture": "#texture", "cullface": "down"},
				"east": {"uv": [4.96, 0.96, 7.04, 3.04], "texture": "#texture", "cullface": "down"},
				"south": {"uv": [4.96, 0.96, 7.04, 3.04], "texture": "#texture", "cullface": "down"},
				"down": {"uv": [4.96, 0.96, 7.04, 3.04], "texture": "#texture", "cullface": "down"}
			}
		},
		{
			"name": "Voxels-B2A7A5",
			"from": [7, -4, 8],
			"to": [8, -3.75, 8.25],
			"faces": {
				"east": {"uv": [4.96, 0.96, 7.04, 3.04], "texture": "#texture", "cullface": "down"},
				"south": {"uv": [4.96, 0.96, 7.04, 3.04], "texture": "#texture", "cullface": "down"},
				"west": {"uv": [4.96, 0.96, 7.04, 3.04], "texture": "#texture", "cullface": "down"},
				"up": {"uv": [4.96, 0.96, 7.04, 3.04], "texture": "#texture", "cullface": "down"},
				"down": {"uv": [4.96, 0.96, 7.04, 3.04], "texture": "#texture", "cullface": "down"}
			}
		},
		{
			"name": "Voxels-B2A7A5",
			"from": [7, -3.75, 7.5],
			"to": [8, -2.5, 7.75],
			"faces": {
				"north": {"uv": [4.96, 0.96, 7.04, 3.04], "texture": "#texture", "cullface": "down"},
				"east": {"uv": [4.96, 0.96, 7.04, 3.04], "texture": "#texture", "cullface": "down"},
				"south": {"uv": [4.96, 0.96, 7.04, 3.04], "texture": "#texture", "cullface": "down"},
				"west": {"uv": [4.96, 0.96, 7.04, 3.04], "texture": "#texture", "cullface": "down"},
				"up": {"uv": [4.96, 0.96, 7.04, 3.04], "texture": "#texture", "cullface": "down"},
				"down": {"uv": [4.96, 0.96, 7.04, 3.04], "texture": "#texture", "cullface": "down"}
			}
		},
		{
			"name": "Voxels-7C7171",
			"from": [7, -3.75, 8],
			"to": [7.25, -3.25, 8.25],
			"faces": {
				"south": {"uv": [8.96, 0.96, 11.04, 3.04], "texture": "#texture", "cullface": "down"},
				"west": {"uv": [8.96, 0.96, 11.04, 3.04], "texture": "#texture", "cullface": "down"}
			}
		},
		{
			"name": "Voxels-B2A7A5",
			"from": [7, -3.25, 8],
			"to": [8, -2.75, 8.25],
			"faces": {
				"east": {"uv": [4.96, 0.96, 7.04, 3.04], "texture": "#texture", "cullface": "down"},
				"south": {"uv": [4.96, 0.96, 7.04, 3.04], "texture": "#texture", "cullface": "down"},
				"west": {"uv": [4.96, 0.96, 7.04, 3.04], "texture": "#texture", "cullface": "down"},
				"up": {"uv": [4.96, 0.96, 7.04, 3.04], "texture": "#texture", "cullface": "down"},
				"down": {"uv": [4.96, 0.96, 7.04, 3.04], "texture": "#texture", "cullface": "down"}
			}
		},
		{
			"name": "Voxels-B2A7A5",
			"from": [7, -2.75, 7.75],
			"to": [8, -2.5, 8],
			"faces": {
				"south": {"uv": [4.96, 0.96, 7.04, 3.04], "texture": "#texture", "cullface": "down"}
			}
		},
		{
			"name": "Voxels-7C7171",
			"from": [7, -2.75, 8],
			"to": [7.25, -2.5, 8.25],
			"faces": {
				"south": {"uv": [8.96, 0.96, 11.04, 3.04], "texture": "#texture", "cullface": "down"},
				"west": {"uv": [8.96, 0.96, 11.04, 3.04], "texture": "#texture", "cullface": "down"}
			}
		},
		{
			"name": "Voxels-7C7171",
			"from": [7, -2.5, 7.5],
			"to": [7.25, -2.25, 7.75],
			"faces": {
				"north": {"uv": [8.96, 0.96, 11.04, 3.04], "texture": "#texture", "cullface": "down"},
				"west": {"uv": [8.96, 0.96, 11.04, 3.04], "texture": "#texture", "cullface": "down"}
			}
		},
		{
			"name": "Voxels-B2A7A5",
			"from": [7, -2.5, 8],
			"to": [8, -1.5, 8.25],
			"faces": {
				"east": {"uv": [4.96, 0.96, 7.04, 3.04], "texture": "#texture", "cullface": "down"},
				"south": {"uv": [4.96, 0.96, 7.04, 3.04], "texture": "#texture", "cullface": "down"},
				"west": {"uv": [4.96, 0.96, 7.04, 3.04], "texture": "#texture", "cullface": "down"},
				"up": {"uv": [4.96, 0.96, 7.04, 3.04], "texture": "#texture", "cullface": "down"},
				"down": {"uv": [4.96, 0.96, 7.04, 3.04], "texture": "#texture", "cullface": "down"}
			}
		},
		{
			"name": "Voxels-B2A7A5",
			"from": [7, -2.25, 7.5],
			"to": [8, -1.5, 7.75],
			"faces": {
				"north": {"uv": [4.96, 0.96, 7.04, 3.04], "texture": "#texture", "cullface": "down"},
				"east": {"uv": [4.96, 0.96, 7.04, 3.04], "texture": "#texture", "cullface": "down"},
				"west": {"uv": [4.96, 0.96, 7.04, 3.04], "texture": "#texture", "cullface": "down"},
				"up": {"uv": [4.96, 0.96, 7.04, 3.04], "texture": "#texture", "cullface": "down"},
				"down": {"uv": [4.96, 0.96, 7.04, 3.04], "texture": "#texture", "cullface": "down"}
			}
		},
		{
			"name": "Voxels-A2A19E",
			"from": [7, -1.5, 7.75],
			"to": [7.25, -1.25, 8],
			"faces": {
				"north": {"uv": [4.96, 4.96, 7.04, 7.04], "texture": "#texture", "cullface": "down"},
				"south": {"uv": [4.96, 4.96, 7.04, 7.04], "texture": "#texture", "cullface": "down"},
				"west": {"uv": [4.96, 4.96, 7.04, 7.04], "texture": "#texture", "cullface": "down"}
			}
		},
		{
			"name": "Voxels-B9B8B5",
			"from": [7, -1.25, 7.75],
			"to": [7.75, -1, 8],
			"faces": {
				"north": {"uv": [8.96, 4.96, 11.04, 7.04], "texture": "#texture", "cullface": "down"},
				"south": {"uv": [8.96, 4.96, 11.04, 7.04], "texture": "#texture", "cullface": "down"},
				"west": {"uv": [8.96, 4.96, 11.04, 7.04], "texture": "#texture", "cullface": "down"},
				"up": {"uv": [8.96, 4.96, 11.04, 7.04], "texture": "#texture", "cullface": "down"},
				"down": {"uv": [8.96, 4.96, 11.04, 7.04], "texture": "#texture", "cullface": "down"}
			}
		},
		{
			"name": "Voxels-A2A19E",
			"from": [7, -1, 7.75],
			"to": [7.25, -0.25, 8],
			"faces": {
				"north": {"uv": [4.96, 4.96, 7.04, 7.04], "texture": "#texture", "cullface": "down"},
				"south": {"uv": [4.96, 4.96, 7.04, 7.04], "texture": "#texture", "cullface": "down"},
				"west": {"uv": [4.96, 4.96, 7.04, 7.04], "texture": "#texture", "cullface": "down"}
			}
		},
		{
			"name": "Voxels-B9B8B5",
			"from": [7, -0.25, 7.75],
			"to": [8, 0, 8],
			"faces": {
				"north": {"uv": [8.96, 4.96, 11.04, 7.04], "texture": "#texture", "cullface": "down"},
				"east": {"uv": [8.96, 4.96, 11.04, 7.04], "texture": "#texture", "cullface": "down"},
				"south": {"uv": [8.96, 4.96, 11.04, 7.04], "texture": "#texture", "cullface": "down"},
				"west": {"uv": [8.96, 4.96, 11.04, 7.04], "texture": "#texture", "cullface": "down"},
				"up": {"uv": [8.96, 4.96, 11.04, 7.04], "texture": "#texture", "cullface": "down"},
				"down": {"uv": [8.96, 4.96, 11.04, 7.04], "texture": "#texture", "cullface": "down"}
			}
		},
		{
			"name": "Voxels-A2A19E",
			"from": [7, 0, 7.75],
			"to": [7.25, 1.25, 8],
			"faces": {
				"north": {"uv": [4.96, 4.96, 7.04, 7.04], "texture": "#texture"},
				"south": {"uv": [4.96, 4.96, 7.04, 7.04], "texture": "#texture"},
				"west": {"uv": [4.96, 4.96, 7.04, 7.04], "texture": "#texture"}
			}
		},
		{
			"name": "Voxels-B9B8B5",
			"from": [7, 1.25, 7.75],
			"to": [8, 17.5, 8],
			"faces": {
				"north": {"uv": [8.96, 4.96, 11.04, 7.04], "texture": "#texture", "cullface": "up"},
				"east": {"uv": [8.96, 4.96, 11.04, 7.04], "texture": "#texture", "cullface": "up"},
				"south": {"uv": [8.96, 4.96, 11.04, 7.04], "texture": "#texture", "cullface": "up"},
				"west": {"uv": [8.96, 4.96, 11.04, 7.04], "texture": "#texture", "cullface": "up"},
				"up": {"uv": [8.96, 4.96, 11.04, 7.04], "texture": "#texture", "cullface": "up"},
				"down": {"uv": [8.96, 4.96, 11.04, 7.04], "texture": "#texture", "cullface": "up"}
			}
		},
		{
			"name": "Voxels-808080",
			"from": [7.25, -15.5, 7.25],
			"to": [7.75, -13, 7.5],
			"faces": {
				"north": {"uv": [12.96, 0.96, 15.04, 3.04], "texture": "#texture", "cullface": "down"},
				"east": {"uv": [12.96, 0.96, 15.04, 3.04], "texture": "#texture", "cullface": "down"},
				"south": {"uv": [12.96, 0.96, 15.04, 3.04], "texture": "#texture", "cullface": "down"},
				"west": {"uv": [12.96, 0.96, 15.04, 3.04], "texture": "#texture", "cullface": "down"},
				"down": {"uv": [12.96, 0.96, 15.04, 3.04], "texture": "#texture", "cullface": "down"}
			}
		},
		{
			"name": "Voxels-808080",
			"from": [7.25, -15.5, 7.5],
			"to": [7.75, -15, 7.75],
			"faces": {
				"east": {"uv": [12.96, 0.96, 15.04, 3.04], "texture": "#texture", "cullface": "down"},
				"south": {"uv": [12.96, 0.96, 15.04, 3.04], "texture": "#texture", "cullface": "down"},
				"west": {"uv": [12.96, 0.96, 15.04, 3.04], "texture": "#texture", "cullface": "down"},
				"up": {"uv": [12.96, 0.96, 15.04, 3.04], "texture": "#texture", "cullface": "down"},
				"down": {"uv": [12.96, 0.96, 15.04, 3.04], "texture": "#texture", "cullface": "down"}
			}
		},
		{
			"name": "Voxels-808080",
			"from": [7.25, -15.5, 7.75],
			"to": [7.75, -15.25, 8.5],
			"faces": {
				"east": {"uv": [12.96, 0.96, 15.04, 3.04], "texture": "#texture", "cullface": "down"},
				"south": {"uv": [12.96, 0.96, 15.04, 3.04], "texture": "#texture", "cullface": "down"},
				"west": {"uv": [12.96, 0.96, 15.04, 3.04], "texture": "#texture", "cullface": "down"},
				"up": {"uv": [12.96, 0.96, 15.04, 3.04], "texture": "#texture", "cullface": "down"},
				"down": {"uv": [12.96, 0.96, 15.04, 3.04], "texture": "#texture", "cullface": "down"}
			}
		},
		{
			"name": "Voxels-808080",
			"from": [7.25, -15.25, 8],
			"to": [7.75, -15, 8.5],
			"faces": {
				"north": {"uv": [12.96, 0.96, 15.04, 3.04], "texture": "#texture", "cullface": "down"},
				"east": {"uv": [12.96, 0.96, 15.04, 3.04], "texture": "#texture", "cullface": "down"},
				"south": {"uv": [12.96, 0.96, 15.04, 3.04], "texture": "#texture", "cullface": "down"},
				"west": {"uv": [12.96, 0.96, 15.04, 3.04], "texture": "#texture", "cullface": "down"},
				"up": {"uv": [12.96, 0.96, 15.04, 3.04], "texture": "#texture", "cullface": "down"}
			}
		},
		{
			"name": "Voxels-808080",
			"from": [7.25, -15, 8.25],
			"to": [7.75, -14.75, 8.5],
			"faces": {
				"north": {"uv": [12.96, 0.96, 15.04, 3.04], "texture": "#texture", "cullface": "down"},
				"east": {"uv": [12.96, 0.96, 15.04, 3.04], "texture": "#texture", "cullface": "down"},
				"south": {"uv": [12.96, 0.96, 15.04, 3.04], "texture": "#texture", "cullface": "down"},
				"west": {"uv": [12.96, 0.96, 15.04, 3.04], "texture": "#texture", "cullface": "down"}
			}
		},
		{
			"name": "Voxels-F3F3F3",
			"from": [7.25, -14.75, 8],
			"to": [7.75, -14.5, 8.25],
			"faces": {
				"north": {"uv": [12.96, 4.96, 15.04, 7.04], "texture": "#texture", "cullface": "down"},
				"east": {"uv": [12.96, 4.96, 15.04, 7.04], "texture": "#texture", "cullface": "down"},
				"west": {"uv": [12.96, 4.96, 15.04, 7.04], "texture": "#texture", "cullface": "down"},
				"up": {"uv": [12.96, 4.96, 15.04, 7.04], "texture": "#texture", "cullface": "down"},
				"down": {"uv": [12.96, 4.96, 15.04, 7.04], "texture": "#texture", "cullface": "down"}
			}
		},
		{
			"name": "Voxels-F3F3F3",
			"from": [7.25, -14.75, 8.5],
			"to": [7.75, -14.5, 8.75],
			"faces": {
				"east": {"uv": [12.96, 4.96, 15.04, 7.04], "texture": "#texture", "cullface": "down"},
				"south": {"uv": [12.96, 4.96, 15.04, 7.04], "texture": "#texture", "cullface": "down"},
				"west": {"uv": [12.96, 4.96, 15.04, 7.04], "texture": "#texture", "cullface": "down"},
				"up": {"uv": [12.96, 4.96, 15.04, 7.04], "texture": "#texture", "cullface": "down"},
				"down": {"uv": [12.96, 4.96, 15.04, 7.04], "texture": "#texture", "cullface": "down"}
			}
		},
		{
			"name": "Voxels-808080",
			"from": [7.25, -14.5, 8.25],
			"to": [7.75, -13, 8.5],
			"faces": {
				"north": {"uv": [12.96, 0.96, 15.04, 3.04], "texture": "#texture", "cullface": "down"},
				"east": {"uv": [12.96, 0.96, 15.04, 3.04], "texture": "#texture", "cullface": "down"},
				"south": {"uv": [12.96, 0.96, 15.04, 3.04], "texture": "#texture", "cullface": "down"},
				"west": {"uv": [12.96, 0.96, 15.04, 3.04], "texture": "#texture", "cullface": "down"}
			}
		},
		{
			"name": "Voxels-B2A7A5",
			"from": [7.25, -13, 7.25],
			"to": [7.75, -12.25, 7.5],
			"faces": {
				"north": {"uv": [4.96, 0.96, 7.04, 3.04], "texture": "#texture", "cullface": "down"},
				"east": {"uv": [4.96, 0.96, 7.04, 3.04], "texture": "#texture", "cullface": "down"},
				"west": {"uv": [4.96, 0.96, 7.04, 3.04], "texture": "#texture", "cullface": "down"}
			}
		},
		{
			"name": "Voxels-B2A7A5",
			"from": [7.25, -13, 8.25],
			"to": [7.75, -12.25, 8.5],
			"faces": {
				"north": {"uv": [4.96, 0.96, 7.04, 3.04], "texture": "#texture", "cullface": "down"},
				"east": {"uv": [4.96, 0.96, 7.04, 3.04], "texture": "#texture", "cullface": "down"},
				"south": {"uv": [4.96, 0.96, 7.04, 3.04], "texture": "#texture", "cullface": "down"},
				"west": {"uv": [4.96, 0.96, 7.04, 3.04], "texture": "#texture", "cullface": "down"},
				"up": {"uv": [4.96, 0.96, 7.04, 3.04], "texture": "#texture", "cullface": "down"}
			}
		},
		{
			"name": "Voxels-B2A7A5",
			"from": [7.25, -12.5, 8],
			"to": [8, -12.25, 8.25],
			"faces": {
				"east": {"uv": [4.96, 0.96, 7.04, 3.04], "texture": "#texture", "cullface": "down"},
				"south": {"uv": [4.96, 0.96, 7.04, 3.04], "texture": "#texture", "cullface": "down"},
				"up": {"uv": [4.96, 0.96, 7.04, 3.04], "texture": "#texture", "cullface": "down"}
			}
		},
		{
			"name": "Voxels-7C7171",
			"from": [7.25, -12.25, 7.25],
			"to": [7.75, -12, 7.5],
			"faces": {
				"north": {"uv": [8.96, 0.96, 11.04, 3.04], "texture": "#texture", "cullface": "down"},
				"east": {"uv": [8.96, 0.96, 11.04, 3.04], "texture": "#texture", "cullface": "down"},
				"west": {"uv": [8.96, 0.96, 11.04, 3.04], "texture": "#texture", "cullface": "down"}
			}
		},
		{
			"name": "Voxels-B2A7A5",
			"from": [7.25, -12.25, 7.5],
			"to": [7.75, -11.75, 7.75],
			"faces": {
				"north": {"uv": [4.96, 0.96, 7.04, 3.04], "texture": "#texture", "cullface": "down"},
				"east": {"uv": [4.96, 0.96, 7.04, 3.04], "texture": "#texture", "cullface": "down"},
				"south": {"uv": [4.96, 0.96, 7.04, 3.04], "texture": "#texture", "cullface": "down"}
			}
		},
		{
			"name": "Voxels-7C7171",
			"from": [7.25, -12.25, 8.25],
			"to": [7.5, -11.75, 8.5],
			"faces": {
				"north": {"uv": [8.96, 0.96, 11.04, 3.04], "texture": "#texture", "cullface": "down"},
				"east": {"uv": [8.96, 0.96, 11.04, 3.04], "texture": "#texture", "cullface": "down"},
				"south": {"uv": [8.96, 0.96, 11.04, 3.04], "texture": "#texture", "cullface": "down"},
				"west": {"uv": [8.96, 0.96, 11.04, 3.04], "texture": "#texture", "cullface": "down"}
			}
		},
		{
			"name": "Voxels-B2A7A5",
			"from": [7.25, -12, 7.25],
			"to": [7.75, -11.75, 7.5],
			"faces": {
				"north": {"uv": [4.96, 0.96, 7.04, 3.04], "texture": "#texture", "cullface": "down"},
				"east": {"uv": [4.96, 0.96, 7.04, 3.04], "texture": "#texture", "cullface": "down"},
				"west": {"uv": [4.96, 0.96, 7.04, 3.04], "texture": "#texture", "cullface": "down"},
				"up": {"uv": [4.96, 0.96, 7.04, 3.04], "texture": "#texture", "cullface": "down"}
			}
		},
		{
			"name": "Voxels-B2A7A5",
			"from": [7.25, -12, 8],
			"to": [8, -11.75, 8.25],
			"faces": {
				"east": {"uv": [4.96, 0.96, 7.04, 3.04], "texture": "#texture", "cullface": "down"},
				"south": {"uv": [4.96, 0.96, 7.04, 3.04], "texture": "#texture", "cullface": "down"},
				"down": {"uv": [4.96, 0.96, 7.04, 3.04], "texture": "#texture", "cullface": "down"}
			}
		},
		{
			"name": "Voxels-7C7171",
			"from": [7.25, -11.75, 7.25],
			"to": [7.5, -11.5, 7.5],
			"faces": {
				"north": {"uv": [8.96, 0.96, 11.04, 3.04], "texture": "#texture", "cullface": "down"},
				"west": {"uv": [8.96, 0.96, 11.04, 3.04], "texture": "#texture", "cullface": "down"}
			}
		},
		{
			"name": "Voxels-B2A7A5",
			"from": [7.25, -11.75, 8.25],
			"to": [7.75, -11.25, 8.5],
			"faces": {
				"east": {"uv": [4.96, 0.96, 7.04, 3.04], "texture": "#texture", "cullface": "down"},
				"south": {"uv": [4.96, 0.96, 7.04, 3.04], "texture": "#texture", "cullface": "down"},
				"west": {"uv": [4.96, 0.96, 7.04, 3.04], "texture": "#texture", "cullface": "down"},
				"up": {"uv": [4.96, 0.96, 7.04, 3.04], "texture": "#texture", "cullface": "down"},
				"down": {"uv": [4.96, 0.96, 7.04, 3.04], "texture": "#texture", "cullface": "down"}
			}
		},
		{
			"name": "Voxels-B2A7A5",
			"from": [7.25, -11.5, 7.25],
			"to": [7.5, -11, 7.5],
			"faces": {
				"north": {"uv": [4.96, 0.96, 7.04, 3.04], "texture": "#texture", "cullface": "down"},
				"east": {"uv": [4.96, 0.96, 7.04, 3.04], "texture": "#texture", "cullface": "down"},
				"south": {"uv": [4.96, 0.96, 7.04, 3.04], "texture": "#texture", "cullface": "down"},
				"west": {"uv": [4.96, 0.96, 7.04, 3.04], "texture": "#texture", "cullface": "down"}
			}
		},
		{
			"name": "Voxels-B2A7A5",
			"from": [7.25, -11.25, 7.5],
			"to": [7.75, -11, 7.75],
			"faces": {
				"north": {"uv": [4.96, 0.96, 7.04, 3.04], "texture": "#texture", "cullface": "down"}
			}
		},
		{
			"name": "Voxels-B2A7A5",
			"from": [7.25, -11.25, 8],
			"to": [8, -11, 8.25],
			"faces": {
				"east": {"uv": [4.96, 0.96, 7.04, 3.04], "texture": "#texture", "cullface": "down"},
				"south": {"uv": [4.96, 0.96, 7.04, 3.04], "texture": "#texture", "cullface": "down"},
				"up": {"uv": [4.96, 0.96, 7.04, 3.04], "texture": "#texture", "cullface": "down"}
			}
		},
		{
			"name": "Voxels-7C7171",
			"from": [7.25, -11.25, 8.25],
			"to": [7.5, -11, 8.5],
			"faces": {
				"south": {"uv": [8.96, 0.96, 11.04, 3.04], "texture": "#texture", "cullface": "down"},
				"west": {"uv": [8.96, 0.96, 11.04, 3.04], "texture": "#texture", "cullface": "down"}
			}
		},
		{
			"name": "Voxels-7C7171",
			"from": [7.25, -11, 7.25],
			"to": [7.75, -10.75, 7.5],
			"faces": {
				"north": {"uv": [8.96, 0.96, 11.04, 3.04], "texture": "#texture", "cullface": "down"},
				"east": {"uv": [8.96, 0.96, 11.04, 3.04], "texture": "#texture", "cullface": "down"},
				"west": {"uv": [8.96, 0.96, 11.04, 3.04], "texture": "#texture", "cullface": "down"},
				"down": {"uv": [8.96, 0.96, 11.04, 3.04], "texture": "#texture", "cullface": "down"}
			}
		},
		{
			"name": "Voxels-B2A7A5",
			"from": [7.25, -11, 8.25],
			"to": [7.5, -9.75, 8.5],
			"faces": {
				"north": {"uv": [4.96, 0.96, 7.04, 3.04], "texture": "#texture", "cullface": "down"},
				"east": {"uv": [4.96, 0.96, 7.04, 3.04], "texture": "#texture", "cullface": "down"},
				"south": {"uv": [4.96, 0.96, 7.04, 3.04], "texture": "#texture", "cullface": "down"},
				"west": {"uv": [4.96, 0.96, 7.04, 3.04], "texture": "#texture", "cullface": "down"}
			}
		},
		{
			"name": "Voxels-B2A7A5",
			"from": [7.25, -10.75, 7.25],
			"to": [7.75, -10, 7.5],
			"faces": {
				"north": {"uv": [4.96, 0.96, 7.04, 3.04], "texture": "#texture", "cullface": "down"},
				"east": {"uv": [4.96, 0.96, 7.04, 3.04], "texture": "#texture", "cullface": "down"},
				"south": {"uv": [4.96, 0.96, 7.04, 3.04], "texture": "#texture", "cullface": "down"},
				"west": {"uv": [4.96, 0.96, 7.04, 3.04], "texture": "#texture", "cullface": "down"}
			}
		},
		{
			"name": "Voxels-B2A7A5",
			"from": [7.25, -10.25, 7.5],
			"to": [8, -10, 7.75],
			"faces": {
				"north": {"uv": [4.96, 0.96, 7.04, 3.04], "texture": "#texture", "cullface": "down"},
				"east": {"uv": [4.96, 0.96, 7.04, 3.04], "texture": "#texture", "cullface": "down"},
				"up": {"uv": [4.96, 0.96, 7.04, 3.04], "texture": "#texture", "cullface": "down"}
			}
		},
		{
			"name": "Voxels-7C7171",
			"from": [7.25, -10, 7.25],
			"to": [7.75, -9.75, 7.5],
			"faces": {
				"north": {"uv": [8.96, 0.96, 11.04, 3.04], "texture": "#texture", "cullface": "down"},
				"east": {"uv": [8.96, 0.96, 11.04, 3.04], "texture": "#texture", "cullface": "down"},
				"west": {"uv": [8.96, 0.96, 11.04, 3.04], "texture": "#texture", "cullface": "down"}
			}
		},
		{
			"name": "Voxels-B2A7A5",
			"from": [7.25, -10, 8],
			"to": [8, -9.75, 8.25],
			"faces": {
				"east": {"uv": [4.96, 0.96, 7.04, 3.04], "texture": "#texture", "cullface": "down"},
				"south": {"uv": [4.96, 0.96, 7.04, 3.04], "texture": "#texture", "cullface": "down"},
				"down": {"uv": [4.96, 0.96, 7.04, 3.04], "texture": "#texture", "cullface": "down"}
			}
		},
		{
			"name": "Voxels-B2A7A5",
			"from": [7.25, -9.75, 7.25],
			"to": [7.75, -8.5, 7.5],
			"faces": {
				"north": {"uv": [4.96, 0.96, 7.04, 3.04], "texture": "#texture", "cullface": "down"},
				"east": {"uv": [4.96, 0.96, 7.04, 3.04], "texture": "#texture", "cullface": "down"},
				"west": {"uv": [4.96, 0.96, 7.04, 3.04], "texture": "#texture", "cullface": "down"}
			}
		},
		{
			"name": "Voxels-7C7171",
			"from": [7.25, -9.75, 8.25],
			"to": [7.75, -9.5, 8.5],
			"faces": {
				"east": {"uv": [8.96, 0.96, 11.04, 3.04], "texture": "#texture", "cullface": "down"},
				"south": {"uv": [8.96, 0.96, 11.04, 3.04], "texture": "#texture", "cullface": "down"},
				"west": {"uv": [8.96, 0.96, 11.04, 3.04], "texture": "#texture", "cullface": "down"},
				"down": {"uv": [8.96, 0.96, 11.04, 3.04], "texture": "#texture", "cullface": "down"}
			}
		},
		{
			"name": "Voxels-B2A7A5",
			"from": [7.25, -9.5, 8.25],
			"to": [7.75, -8.75, 8.5],
			"faces": {
				"east": {"uv": [4.96, 0.96, 7.04, 3.04], "texture": "#texture", "cullface": "down"},
				"south": {"uv": [4.96, 0.96, 7.04, 3.04], "texture": "#texture", "cullface": "down"},
				"west": {"uv": [4.96, 0.96, 7.04, 3.04], "texture": "#texture", "cullface": "down"}
			}
		},
		{
			"name": "Voxels-7C7171",
			"from": [7.25, -8.75, 8.25],
			"to": [7.75, -8.5, 8.5],
			"faces": {
				"east": {"uv": [8.96, 0.96, 11.04, 3.04], "texture": "#texture", "cullface": "down"},
				"south": {"uv": [8.96, 0.96, 11.04, 3.04], "texture": "#texture", "cullface": "down"},
				"west": {"uv": [8.96, 0.96, 11.04, 3.04], "texture": "#texture", "cullface": "down"}
			}
		},
		{
			"name": "Voxels-7C7171",
			"from": [7.25, -8.5, 7.25],
			"to": [7.75, -8.25, 7.5],
			"faces": {
				"north": {"uv": [8.96, 0.96, 11.04, 3.04], "texture": "#texture", "cullface": "down"},
				"east": {"uv": [8.96, 0.96, 11.04, 3.04], "texture": "#texture", "cullface": "down"},
				"west": {"uv": [8.96, 0.96, 11.04, 3.04], "texture": "#texture", "cullface": "down"}
			}
		},
		{
			"name": "Voxels-B2A7A5",
			"from": [7.25, -8.5, 7.5],
			"to": [8, -8.25, 7.75],
			"faces": {
				"north": {"uv": [4.96, 0.96, 7.04, 3.04], "texture": "#texture", "cullface": "down"},
				"east": {"uv": [4.96, 0.96, 7.04, 3.04], "texture": "#texture", "cullface": "down"},
				"down": {"uv": [4.96, 0.96, 7.04, 3.04], "texture": "#texture", "cullface": "down"}
			}
		},
		{
			"name": "Voxels-B2A7A5",
			"from": [7.25, -8.5, 8.25],
			"to": [7.75, -8, 8.5],
			"faces": {
				"north": {"uv": [4.96, 0.96, 7.04, 3.04], "texture": "#texture", "cullface": "down"},
				"east": {"uv": [4.96, 0.96, 7.04, 3.04], "texture": "#texture", "cullface": "down"},
				"south": {"uv": [4.96, 0.96, 7.04, 3.04], "texture": "#texture", "cullface": "down"},
				"west": {"uv": [4.96, 0.96, 7.04, 3.04], "texture": "#texture", "cullface": "down"}
			}
		},
		{
			"name": "Voxels-B2A7A5",
			"from": [7.25, -8.25, 7.25],
			"to": [7.75, -7.5, 7.5],
			"faces": {
				"north": {"uv": [4.96, 0.96, 7.04, 3.04], "texture": "#texture", "cullface": "down"},
				"east": {"uv": [4.96, 0.96, 7.04, 3.04], "texture": "#texture", "cullface": "down"},
				"south": {"uv": [4.96, 0.96, 7.04, 3.04], "texture": "#texture", "cullface": "down"},
				"west": {"uv": [4.96, 0.96, 7.04, 3.04], "texture": "#texture", "cullface": "down"}
			}
		},
		{
			"name": "Voxels-B2A7A5",
			"from": [7.25, -8.25, 8],
			"to": [8, -8, 8.25],
			"faces": {
				"east": {"uv": [4.96, 0.96, 7.04, 3.04], "texture": "#texture", "cullface": "down"},
				"south": {"uv": [4.96, 0.96, 7.04, 3.04], "texture": "#texture", "cullface": "down"}
			}
		},
		{
			"name": "Voxels-7C7171",
			"from": [7.25, -8, 8.25],
			"to": [7.75, -7.75, 8.5],
			"faces": {
				"east": {"uv": [8.96, 0.96, 11.04, 3.04], "texture": "#texture", "cullface": "down"},
				"south": {"uv": [8.96, 0.96, 11.04, 3.04], "texture": "#texture", "cullface": "down"},
				"west": {"uv": [8.96, 0.96, 11.04, 3.04], "texture": "#texture", "cullface": "down"}
			}
		},
		{
			"name": "Voxels-B2A7A5",
			"from": [7.25, -7.75, 7.5],
			"to": [8, -7.5, 7.75],
			"faces": {
				"north": {"uv": [4.96, 0.96, 7.04, 3.04], "texture": "#texture", "cullface": "down"},
				"east": {"uv": [4.96, 0.96, 7.04, 3.04], "texture": "#texture", "cullface": "down"},
				"up": {"uv": [4.96, 0.96, 7.04, 3.04], "texture": "#texture", "cullface": "down"}
			}
		},
		{
			"name": "Voxels-B2A7A5",
			"from": [7.25, -7.75, 8.25],
			"to": [7.75, -7.5, 8.5],
			"faces": {
				"east": {"uv": [4.96, 0.96, 7.04, 3.04], "texture": "#texture", "cullface": "down"},
				"south": {"uv": [4.96, 0.96, 7.04, 3.04], "texture": "#texture", "cullface": "down"},
				"west": {"uv": [4.96, 0.96, 7.04, 3.04], "texture": "#texture", "cullface": "down"}
			}
		},
		{
			"name": "Voxels-7C7171",
			"from": [7.25, -7.5, 7.25],
			"to": [7.75, -7.25, 7.5],
			"faces": {
				"north": {"uv": [8.96, 0.96, 11.04, 3.04], "texture": "#texture", "cullface": "down"},
				"east": {"uv": [8.96, 0.96, 11.04, 3.04], "texture": "#texture", "cullface": "down"},
				"west": {"uv": [8.96, 0.96, 11.04, 3.04], "texture": "#texture", "cullface": "down"}
			}
		},
		{
			"name": "Voxels-7C7171",
			"from": [7.25, -7.5, 8.25],
			"to": [7.75, -7.25, 8.5],
			"faces": {
				"east": {"uv": [8.96, 0.96, 11.04, 3.04], "texture": "#texture", "cullface": "down"},
				"south": {"uv": [8.96, 0.96, 11.04, 3.04], "texture": "#texture", "cullface": "down"},
				"west": {"uv": [8.96, 0.96, 11.04, 3.04], "texture": "#texture", "cullface": "down"}
			}
		},
		{
			"name": "Voxels-B2A7A5",
			"from": [7.25, -7.25, 7.25],
			"to": [7.75, -6.25, 7.5],
			"faces": {
				"north": {"uv": [4.96, 0.96, 7.04, 3.04], "texture": "#texture", "cullface": "down"},
				"east": {"uv": [4.96, 0.96, 7.04, 3.04], "texture": "#texture", "cullface": "down"},
				"west": {"uv": [4.96, 0.96, 7.04, 3.04], "texture": "#texture", "cullface": "down"},
				"up": {"uv": [4.96, 0.96, 7.04, 3.04], "texture": "#texture", "cullface": "down"}
			}
		},
		{
			"name": "Voxels-B2A7A5",
			"from": [7.25, -7.25, 8.25],
			"to": [7.75, -6.25, 8.5],
			"faces": {
				"east": {"uv": [4.96, 0.96, 7.04, 3.04], "texture": "#texture", "cullface": "down"},
				"south": {"uv": [4.96, 0.96, 7.04, 3.04], "texture": "#texture", "cullface": "down"},
				"west": {"uv": [4.96, 0.96, 7.04, 3.04], "texture": "#texture", "cullface": "down"},
				"up": {"uv": [4.96, 0.96, 7.04, 3.04], "texture": "#texture", "cullface": "down"}
			}
		},
		{
			"name": "Voxels-7C7171",
			"from": [7.25, -6.25, 7.25],
			"to": [7.5, -6, 7.5],
			"faces": {
				"north": {"uv": [8.96, 0.96, 11.04, 3.04], "texture": "#texture", "cullface": "down"},
				"west": {"uv": [8.96, 0.96, 11.04, 3.04], "texture": "#texture", "cullface": "down"}
			}
		},
		{
			"name": "Voxels-B2A7A5",
			"from": [7.25, -6.25, 7.5],
			"to": [8, -6, 7.75],
			"faces": {
				"north": {"uv": [4.96, 0.96, 7.04, 3.04], "texture": "#texture", "cullface": "down"},
				"east": {"uv": [4.96, 0.96, 7.04, 3.04], "texture": "#texture", "cullface": "down"},
				"up": {"uv": [4.96, 0.96, 7.04, 3.04], "texture": "#texture", "cullface": "down"},
				"down": {"uv": [4.96, 0.96, 7.04, 3.04], "texture": "#texture", "cullface": "down"}
			}
		},
		{
			"name": "Voxels-B2A7A5",
			"from": [7.25, -6.25, 8],
			"to": [8, -6, 8.25],
			"faces": {
				"east": {"uv": [4.96, 0.96, 7.04, 3.04], "texture": "#texture", "cullface": "down"},
				"south": {"uv": [4.96, 0.96, 7.04, 3.04], "texture": "#texture", "cullface": "down"},
				"up": {"uv": [4.96, 0.96, 7.04, 3.04], "texture": "#texture", "cullface": "down"}
			}
		},
		{
			"name": "Voxels-7C7171",
			"from": [7.25, -6.25, 8.25],
			"to": [7.5, -6, 8.5],
			"faces": {
				"south": {"uv": [8.96, 0.96, 11.04, 3.04], "texture": "#texture", "cullface": "down"},
				"west": {"uv": [8.96, 0.96, 11.04, 3.04], "texture": "#texture", "cullface": "down"}
			}
		},
		{
			"name": "Voxels-B2A7A5",
			"from": [7.25, -6, 7.25],
			"to": [7.5, -5.75, 7.75],
			"faces": {
				"north": {"uv": [4.96, 0.96, 7.04, 3.04], "texture": "#texture", "cullface": "down"},
				"east": {"uv": [4.96, 0.96, 7.04, 3.04], "texture": "#texture", "cullface": "down"},
				"west": {"uv": [4.96, 0.96, 7.04, 3.04], "texture": "#texture", "cullface": "down"},
				"up": {"uv": [4.96, 0.96, 7.04, 3.04], "texture": "#texture", "cullface": "down"},
				"down": {"uv": [4.96, 0.96, 7.04, 3.04], "texture": "#texture", "cullface": "down"}
			}
		},
		{
			"name": "Voxels-B2A7A5",
			"from": [7.25, -6, 8.25],
			"to": [7.5, -4.25, 8.5],
			"faces": {
				"east": {"uv": [4.96, 0.96, 7.04, 3.04], "texture": "#texture", "cullface": "down"},
				"south": {"uv": [4.96, 0.96, 7.04, 3.04], "texture": "#texture", "cullface": "down"},
				"west": {"uv": [4.96, 0.96, 7.04, 3.04], "texture": "#texture", "cullface": "down"}
			}
		},
		{
			"name": "Voxels-7C7171",
			"from": [7.25, -5.75, 7.25],
			"to": [7.5, -5.25, 7.5],
			"faces": {
				"north": {"uv": [8.96, 0.96, 11.04, 3.04], "texture": "#texture", "cullface": "down"},
				"west": {"uv": [8.96, 0.96, 11.04, 3.04], "texture": "#texture", "cullface": "down"}
			}
		},
		{
			"name": "Voxels-B2A7A5",
			"from": [7.25, -5.25, 7.25],
			"to": [7.5, -4, 7.5],
			"faces": {
				"north": {"uv": [4.96, 0.96, 7.04, 3.04], "texture": "#texture", "cullface": "down"},
				"east": {"uv": [4.96, 0.96, 7.04, 3.04], "texture": "#texture", "cullface": "down"},
				"south": {"uv": [4.96, 0.96, 7.04, 3.04], "texture": "#texture", "cullface": "down"},
				"west": {"uv": [4.96, 0.96, 7.04, 3.04], "texture": "#texture", "cullface": "down"}
			}
		},
		{
			"name": "Voxels-B2A7A5",
			"from": [7.25, -4.25, 8],
			"to": [8, -4, 8.25],
			"faces": {
				"east": {"uv": [4.96, 0.96, 7.04, 3.04], "texture": "#texture", "cullface": "down"},
				"south": {"uv": [4.96, 0.96, 7.04, 3.04], "texture": "#texture", "cullface": "down"},
				"down": {"uv": [4.96, 0.96, 7.04, 3.04], "texture": "#texture", "cullface": "down"}
			}
		},
		{
			"name": "Voxels-7C7171",
			"from": [7.25, -4.25, 8.25],
			"to": [7.75, -4, 8.5],
			"faces": {
				"east": {"uv": [8.96, 0.96, 11.04, 3.04], "texture": "#texture", "cullface": "down"},
				"south": {"uv": [8.96, 0.96, 11.04, 3.04], "texture": "#texture", "cullface": "down"},
				"west": {"uv": [8.96, 0.96, 11.04, 3.04], "texture": "#texture", "cullface": "down"},
				"down": {"uv": [8.96, 0.96, 11.04, 3.04], "texture": "#texture", "cullface": "down"}
			}
		},
		{
			"name": "Voxels-7C7171",
			"from": [7.25, -4, 7.25],
			"to": [7.5, -3.75, 7.5],
			"faces": {
				"north": {"uv": [8.96, 0.96, 11.04, 3.04], "texture": "#texture", "cullface": "down"},
				"west": {"uv": [8.96, 0.96, 11.04, 3.04], "texture": "#texture", "cullface": "down"}
			}
		},
		{
			"name": "Voxels-B2A7A5",
			"from": [7.25, -4, 7.5],
			"to": [8, -3.75, 7.75],
			"faces": {
				"north": {"uv": [4.96, 0.96, 7.04, 3.04], "texture": "#texture", "cullface": "down"},
				"east": {"uv": [4.96, 0.96, 7.04, 3.04], "texture": "#texture", "cullface": "down"},
				"down": {"uv": [4.96, 0.96, 7.04, 3.04], "texture": "#texture", "cullface": "down"}
			}
		},
		{
			"name": "Voxels-B2A7A5",
			"from": [7.25, -4, 8.25],
			"to": [7.75, -3.25, 8.5],
			"faces": {
				"north": {"uv": [4.96, 0.96, 7.04, 3.04], "texture": "#texture", "cullface": "down"},
				"east": {"uv": [4.96, 0.96, 7.04, 3.04], "texture": "#texture", "cullface": "down"},
				"south": {"uv": [4.96, 0.96, 7.04, 3.04], "texture": "#texture", "cullface": "down"},
				"west": {"uv": [4.96, 0.96, 7.04, 3.04], "texture": "#texture", "cullface": "down"},
				"up": {"uv": [4.96, 0.96, 7.04, 3.04], "texture": "#texture", "cullface": "down"}
			}
		},
		{
			"name": "Voxels-B2A7A5",
			"from": [7.25, -3.75, 7.25],
			"to": [7.75, -2.5, 7.5],
			"faces": {
				"north": {"uv": [4.96, 0.96, 7.04, 3.04], "texture": "#texture", "cullface": "down"},
				"east": {"uv": [4.96, 0.96, 7.04, 3.04], "texture": "#texture", "cullface": "down"},
				"west": {"uv": [4.96, 0.96, 7.04, 3.04], "texture": "#texture", "cullface": "down"},
				"down": {"uv": [4.96, 0.96, 7.04, 3.04], "texture": "#texture", "cullface": "down"}
			}
		},
		{
			"name": "Voxels-B2A7A5",
			"from": [7.25, -3.75, 8],
			"to": [8, -3.25, 8.25],
			"faces": {
				"east": {"uv": [4.96, 0.96, 7.04, 3.04], "texture": "#texture", "cullface": "down"},
				"south": {"uv": [4.96, 0.96, 7.04, 3.04], "texture": "#texture", "cullface": "down"}
			}
		},
		{
			"name": "Voxels-7C7171",
			"from": [7.25, -3.25, 8.25],
			"to": [7.5, -2.5, 8.5],
			"faces": {
				"north": {"uv": [8.96, 0.96, 11.04, 3.04], "texture": "#texture", "cullface": "down"},
				"east": {"uv": [8.96, 0.96, 11.04, 3.04], "texture": "#texture", "cullface": "down"},
				"south": {"uv": [8.96, 0.96, 11.04, 3.04], "texture": "#texture", "cullface": "down"},
				"west": {"uv": [8.96, 0.96, 11.04, 3.04], "texture": "#texture", "cullface": "down"}
			}
		},
		{
			"name": "Voxels-B2A7A5",
			"from": [7.25, -2.75, 8],
			"to": [7.75, -2.5, 8.25],
			"faces": {
				"south": {"uv": [4.96, 0.96, 7.04, 3.04], "texture": "#texture", "cullface": "down"}
			}
		},
		{
			"name": "Voxels-7C7171",
			"from": [7.25, -2.5, 7.25],
			"to": [7.75, -2.25, 7.5],
			"faces": {
				"north": {"uv": [8.96, 0.96, 11.04, 3.04], "texture": "#texture", "cullface": "down"},
				"east": {"uv": [8.96, 0.96, 11.04, 3.04], "texture": "#texture", "cullface": "down"},
				"west": {"uv": [8.96, 0.96, 11.04, 3.04], "texture": "#texture", "cullface": "down"}
			}
		},
		{
			"name": "Voxels-B2A7A5",
			"from": [7.25, -2.5, 8.25],
			"to": [7.75, -1.5, 8.5],
			"faces": {
				"east": {"uv": [4.96, 0.96, 7.04, 3.04], "texture": "#texture", "cullface": "down"},
				"south": {"uv": [4.96, 0.96, 7.04, 3.04], "texture": "#texture", "cullface": "down"},
				"west": {"uv": [4.96, 0.96, 7.04, 3.04], "texture": "#texture", "cullface": "down"},
				"up": {"uv": [4.96, 0.96, 7.04, 3.04], "texture": "#texture", "cullface": "down"},
				"down": {"uv": [4.96, 0.96, 7.04, 3.04], "texture": "#texture", "cullface": "down"}
			}
		},
		{
			"name": "Voxels-B2A7A5",
			"from": [7.25, -2.25, 7.25],
			"to": [7.75, -1.5, 7.5],
			"faces": {
				"north": {"uv": [4.96, 0.96, 7.04, 3.04], "texture": "#texture", "cullface": "down"},
				"east": {"uv": [4.96, 0.96, 7.04, 3.04], "texture": "#texture", "cullface": "down"},
				"west": {"uv": [4.96, 0.96, 7.04, 3.04], "texture": "#texture", "cullface": "down"},
				"up": {"uv": [4.96, 0.96, 7.04, 3.04], "texture": "#texture", "cullface": "down"}
			}
		},
		{
			"name": "Voxels-B9B8B5",
			"from": [7.25, -1.5, 7.5],
			"to": [7.75, 17.5, 7.75],
			"faces": {
				"north": {"uv": [8.96, 4.96, 11.04, 7.04], "texture": "#texture", "cullface": "up"},
				"east": {"uv": [8.96, 4.96, 11.04, 7.04], "texture": "#texture", "cullface": "up"},
				"south": {"uv": [8.96, 4.96, 11.04, 7.04], "texture": "#texture", "cullface": "up"},
				"west": {"uv": [8.96, 4.96, 11.04, 7.04], "texture": "#texture", "cullface": "up"},
				"up": {"uv": [8.96, 4.96, 11.04, 7.04], "texture": "#texture", "cullface": "up"}
			}
		},
		{
			"name": "Voxels-A2A19E",
			"from": [7.25, -1.5, 8],
			"to": [7.75, -1.25, 8.25],
			"faces": {
				"east": {"uv": [4.96, 4.96, 7.04, 7.04], "texture": "#texture", "cullface": "down"},
				"south": {"uv": [4.96, 4.96, 7.04, 7.04], "texture": "#texture", "cullface": "down"},
				"west": {"uv": [4.96, 4.96, 7.04, 7.04], "texture": "#texture", "cullface": "down"}
			}
		},
		{
			"name": "Voxels-B9B8B5",
			"from": [7.25, -1.25, 8],
			"to": [7.75, -1, 8.25],
			"faces": {
				"east": {"uv": [8.96, 4.96, 11.04, 7.04], "texture": "#texture", "cullface": "down"},
				"south": {"uv": [8.96, 4.96, 11.04, 7.04], "texture": "#texture", "cullface": "down"},
				"west": {"uv": [8.96, 4.96, 11.04, 7.04], "texture": "#texture", "cullface": "down"}
			}
		},
		{
			"name": "Voxels-B9B8B5",
			"from": [7.25, -1, 7.75],
			"to": [7.75, -0.25, 8],
			"faces": {
				"east": {"uv": [8.96, 4.96, 11.04, 7.04], "texture": "#texture", "cullface": "down"},
				"south": {"uv": [8.96, 4.96, 11.04, 7.04], "texture": "#texture", "cullface": "down"}
			}
		},
		{
			"name": "Voxels-A2A19E",
			"from": [7.25, -1, 8],
			"to": [7.75, -0.75, 8.25],
			"faces": {
				"east": {"uv": [4.96, 4.96, 7.04, 7.04], "texture": "#texture", "cullface": "down"},
				"south": {"uv": [4.96, 4.96, 7.04, 7.04], "texture": "#texture", "cullface": "down"},
				"west": {"uv": [4.96, 4.96, 7.04, 7.04], "texture": "#texture", "cullface": "down"}
			}
		},
		{
			"name": "Voxels-B9B8B5",
			"from": [7.25, -0.75, 8],
			"to": [7.75, -0.5, 8.25],
			"faces": {
				"east": {"uv": [8.96, 4.96, 11.04, 7.04], "texture": "#texture", "cullface": "down"},
				"south": {"uv": [8.96, 4.96, 11.04, 7.04], "texture": "#texture", "cullface": "down"},
				"west": {"uv": [8.96, 4.96, 11.04, 7.04], "texture": "#texture", "cullface": "down"}
			}
		},
		{
			"name": "Voxels-A2A19E",
			"from": [7.25, -0.5, 8],
			"to": [7.75, -0.25, 8.25],
			"faces": {
				"east": {"uv": [4.96, 4.96, 7.04, 7.04], "texture": "#texture", "cullface": "down"},
				"south": {"uv": [4.96, 4.96, 7.04, 7.04], "texture": "#texture", "cullface": "down"},
				"west": {"uv": [4.96, 4.96, 7.04, 7.04], "texture": "#texture", "cullface": "down"}
			}
		},
		{
			"name": "Voxels-B9B8B5",
			"from": [7.25, -0.25, 8],
			"to": [7.75, 0, 8.25],
			"faces": {
				"east": {"uv": [8.96, 4.96, 11.04, 7.04], "texture": "#texture", "cullface": "down"},
				"south": {"uv": [8.96, 4.96, 11.04, 7.04], "texture": "#texture", "cullface": "down"},
				"west": {"uv": [8.96, 4.96, 11.04, 7.04], "texture": "#texture", "cullface": "down"}
			}
		},
		{
			"name": "Voxels-B9B8B5",
			"from": [7.25, 0, 7.75],
			"to": [7.75, 1.25, 8],
			"faces": {
				"east": {"uv": [8.96, 4.96, 11.04, 7.04], "texture": "#texture"},
				"south": {"uv": [8.96, 4.96, 11.04, 7.04], "texture": "#texture"}
			}
		},
		{
			"name": "Voxels-A2A19E",
			"from": [7.25, 0, 8],
			"to": [7.75, 0.25, 8.25],
			"faces": {
				"east": {"uv": [4.96, 4.96, 7.04, 7.04], "texture": "#texture"},
				"south": {"uv": [4.96, 4.96, 7.04, 7.04], "texture": "#texture"},
				"west": {"uv": [4.96, 4.96, 7.04, 7.04], "texture": "#texture"}
			}
		},
		{
			"name": "Voxels-B9B8B5",
			"from": [7.25, 0.25, 8],
			"to": [7.75, 0.5, 8.25],
			"faces": {
				"east": {"uv": [8.96, 4.96, 11.04, 7.04], "texture": "#texture"},
				"south": {"uv": [8.96, 4.96, 11.04, 7.04], "texture": "#texture"},
				"west": {"uv": [8.96, 4.96, 11.04, 7.04], "texture": "#texture"},
				"up": {"uv": [8.96, 4.96, 11.04, 7.04], "texture": "#texture"}
			}
		},
		{
			"name": "Voxels-B9B8B5",
			"from": [7.25, 0.5, 8],
			"to": [7.5, 1, 8.25],
			"faces": {
				"east": {"uv": [8.96, 4.96, 11.04, 7.04], "texture": "#texture"},
				"south": {"uv": [8.96, 4.96, 11.04, 7.04], "texture": "#texture"},
				"west": {"uv": [8.96, 4.96, 11.04, 7.04], "texture": "#texture"}
			}
		},
		{
			"name": "Voxels-A2A19E",
			"from": [7.25, 1, 8],
			"to": [7.75, 1.25, 8.25],
			"faces": {
				"east": {"uv": [4.96, 4.96, 7.04, 7.04], "texture": "#texture"},
				"south": {"uv": [4.96, 4.96, 7.04, 7.04], "texture": "#texture"},
				"west": {"uv": [4.96, 4.96, 7.04, 7.04], "texture": "#texture"},
				"down": {"uv": [4.96, 4.96, 7.04, 7.04], "texture": "#texture"}
			}
		},
		{
			"name": "Voxels-B9B8B5",
			"from": [7.25, 1.25, 8],
			"to": [7.75, 17.5, 8.25],
			"faces": {
				"east": {"uv": [8.96, 4.96, 11.04, 7.04], "texture": "#texture", "cullface": "up"},
				"south": {"uv": [8.96, 4.96, 11.04, 7.04], "texture": "#texture", "cullface": "up"},
				"west": {"uv": [8.96, 4.96, 11.04, 7.04], "texture": "#texture", "cullface": "up"},
				"up": {"uv": [8.96, 4.96, 11.04, 7.04], "texture": "#texture", "cullface": "up"}
			}
		},
		{
			"name": "Voxels-B9B8B5",
			"from": [7.25, 17.5, 7.75],
			"to": [7.75, 30.5, 8],
			"faces": {
				"north": {"uv": [8.96, 4.96, 11.04, 7.04], "texture": "#texture", "cullface": "up"},
				"east": {"uv": [8.96, 4.96, 11.04, 7.04], "texture": "#texture", "cullface": "up"},
				"south": {"uv": [8.96, 4.96, 11.04, 7.04], "texture": "#texture", "cullface": "up"},
				"west": {"uv": [8.96, 4.96, 11.04, 7.04], "texture": "#texture", "cullface": "up"},
				"up": {"uv": [8.96, 4.96, 11.04, 7.04], "texture": "#texture", "cullface": "up"}
			}
		},
		{
			"name": "Voxels-F3F3F3",
			"from": [7.5, -15.75, 16.75],
			"to": [7.75, -15.25, 17],
			"faces": {
				"north": {"uv": [12.96, 4.96, 15.04, 7.04], "texture": "#texture"},
				"east": {"uv": [12.96, 4.96, 15.04, 7.04], "texture": "#texture"},
				"south": {"uv": [12.96, 4.96, 15.04, 7.04], "texture": "#texture"},
				"west": {"uv": [12.96, 4.96, 15.04, 7.04], "texture": "#texture"},
				"up": {"uv": [12.96, 4.96, 15.04, 7.04], "texture": "#texture"},
				"down": {"uv": [12.96, 4.96, 15.04, 7.04], "texture": "#texture"}
			}
		},
		{
			"name": "Voxels-F3F3F3",
			"from": [7.5, -15.75, 17],
			"to": [7.75, -15.5, 19.5],
			"faces": {
				"east": {"uv": [12.96, 4.96, 15.04, 7.04], "texture": "#texture"},
				"south": {"uv": [12.96, 4.96, 15.04, 7.04], "texture": "#texture"},
				"west": {"uv": [12.96, 4.96, 15.04, 7.04], "texture": "#texture"},
				"up": {"uv": [12.96, 4.96, 15.04, 7.04], "texture": "#texture"},
				"down": {"uv": [12.96, 4.96, 15.04, 7.04], "texture": "#texture"}
			}
		},
		{
			"name": "Voxels-F3F3F3",
			"from": [7.5, -15.5, 14.5],
			"to": [7.75, -15, 14.75],
			"faces": {
				"north": {"uv": [12.96, 4.96, 15.04, 7.04], "texture": "#texture", "cullface": "down"},
				"east": {"uv": [12.96, 4.96, 15.04, 7.04], "texture": "#texture", "cullface": "down"},
				"south": {"uv": [12.96, 4.96, 15.04, 7.04], "texture": "#texture", "cullface": "down"},
				"west": {"uv": [12.96, 4.96, 15.04, 7.04], "texture": "#texture", "cullface": "down"},
				"up": {"uv": [12.96, 4.96, 15.04, 7.04], "texture": "#texture", "cullface": "down"},
				"down": {"uv": [12.96, 4.96, 15.04, 7.04], "texture": "#texture", "cullface": "down"}
			}
		},
		{
			"name": "Voxels-F3F3F3",
			"from": [7.5, -15.5, 14.75],
			"to": [7.75, -15.25, 16.75],
			"faces": {
				"east": {"uv": [12.96, 4.96, 15.04, 7.04], "texture": "#texture", "cullface": "down"},
				"west": {"uv": [12.96, 4.96, 15.04, 7.04], "texture": "#texture", "cullface": "down"},
				"up": {"uv": [12.96, 4.96, 15.04, 7.04], "texture": "#texture", "cullface": "down"},
				"down": {"uv": [12.96, 4.96, 15.04, 7.04], "texture": "#texture", "cullface": "down"}
			}
		},
		{
			"name": "Voxels-F3F3F3",
			"from": [7.5, -15.25, 12.25],
			"to": [7.75, -14.75, 12.5],
			"faces": {
				"north": {"uv": [12.96, 4.96, 15.04, 7.04], "texture": "#texture", "cullface": "down"},
				"east": {"uv": [12.96, 4.96, 15.04, 7.04], "texture": "#texture", "cullface": "down"},
				"south": {"uv": [12.96, 4.96, 15.04, 7.04], "texture": "#texture", "cullface": "down"},
				"west": {"uv": [12.96, 4.96, 15.04, 7.04], "texture": "#texture", "cullface": "down"},
				"up": {"uv": [12.96, 4.96, 15.04, 7.04], "texture": "#texture", "cullface": "down"},
				"down": {"uv": [12.96, 4.96, 15.04, 7.04], "texture": "#texture", "cullface": "down"}
			}
		},
		{
			"name": "Voxels-F3F3F3",
			"from": [7.5, -15.25, 12.5],
			"to": [7.75, -15, 14.5],
			"faces": {
				"east": {"uv": [12.96, 4.96, 15.04, 7.04], "texture": "#texture", "cullface": "down"},
				"west": {"uv": [12.96, 4.96, 15.04, 7.04], "texture": "#texture", "cullface": "down"},
				"up": {"uv": [12.96, 4.96, 15.04, 7.04], "texture": "#texture", "cullface": "down"},
				"down": {"uv": [12.96, 4.96, 15.04, 7.04], "texture": "#texture", "cullface": "down"}
			}
		},
		{
			"name": "Voxels-F3F3F3",
			"from": [7.5, -15, 10.25],
			"to": [7.75, -14.5, 10.5],
			"faces": {
				"north": {"uv": [12.96, 4.96, 15.04, 7.04], "texture": "#texture", "cullface": "down"},
				"east": {"uv": [12.96, 4.96, 15.04, 7.04], "texture": "#texture", "cullface": "down"},
				"south": {"uv": [12.96, 4.96, 15.04, 7.04], "texture": "#texture", "cullface": "down"},
				"west": {"uv": [12.96, 4.96, 15.04, 7.04], "texture": "#texture", "cullface": "down"},
				"up": {"uv": [12.96, 4.96, 15.04, 7.04], "texture": "#texture", "cullface": "down"},
				"down": {"uv": [12.96, 4.96, 15.04, 7.04], "texture": "#texture", "cullface": "down"}
			}
		},
		{
			"name": "Voxels-F3F3F3",
			"from": [7.5, -15, 10.5],
			"to": [7.75, -14.75, 12.25],
			"faces": {
				"east": {"uv": [12.96, 4.96, 15.04, 7.04], "texture": "#texture", "cullface": "down"},
				"west": {"uv": [12.96, 4.96, 15.04, 7.04], "texture": "#texture", "cullface": "down"},
				"up": {"uv": [12.96, 4.96, 15.04, 7.04], "texture": "#texture", "cullface": "down"},
				"down": {"uv": [12.96, 4.96, 15.04, 7.04], "texture": "#texture", "cullface": "down"}
			}
		},
		{
			"name": "Voxels-F3F3F3",
			"from": [7.5, -14.75, 8.75],
			"to": [7.75, -14.5, 10.25],
			"faces": {
				"east": {"uv": [12.96, 4.96, 15.04, 7.04], "texture": "#texture", "cullface": "down"},
				"west": {"uv": [12.96, 4.96, 15.04, 7.04], "texture": "#texture", "cullface": "down"},
				"up": {"uv": [12.96, 4.96, 15.04, 7.04], "texture": "#texture", "cullface": "down"},
				"down": {"uv": [12.96, 4.96, 15.04, 7.04], "texture": "#texture", "cullface": "down"}
			}
		},
		{
			"name": "Voxels-B2A7A5",
			"from": [7.5, -12.25, 8.25],
			"to": [7.75, -12, 8.5],
			"faces": {
				"east": {"uv": [4.96, 0.96, 7.04, 3.04], "texture": "#texture", "cullface": "down"},
				"south": {"uv": [4.96, 0.96, 7.04, 3.04], "texture": "#texture", "cullface": "down"}
			}
		},
		{
			"name": "Voxels-7C7171",
			"from": [7.5, -12, 8.25],
			"to": [7.75, -11.75, 8.5],
			"faces": {
				"east": {"uv": [8.96, 0.96, 11.04, 3.04], "texture": "#texture", "cullface": "down"},
				"south": {"uv": [8.96, 0.96, 11.04, 3.04], "texture": "#texture", "cullface": "down"}
			}
		},
		{
			"name": "Voxels-B2A7A5",
			"from": [7.5, -11.75, 7.25],
			"to": [7.75, -11.5, 7.5],
			"faces": {
				"north": {"uv": [4.96, 0.96, 7.04, 3.04], "texture": "#texture", "cullface": "down"},
				"east": {"uv": [4.96, 0.96, 7.04, 3.04], "texture": "#texture", "cullface": "down"}
			}
		},
		{
			"name": "Voxels-7C7171",
			"from": [7.5, -11.5, 7.25],
			"to": [7.75, -11.25, 7.5],
			"faces": {
				"north": {"uv": [8.96, 0.96, 11.04, 3.04], "texture": "#texture", "cullface": "down"},
				"east": {"uv": [8.96, 0.96, 11.04, 3.04], "texture": "#texture", "cullface": "down"}
			}
		},
		{
			"name": "Voxels-B2A7A5",
			"from": [7.5, -11.25, 7.25],
			"to": [7.75, -11, 7.5],
			"faces": {
				"north": {"uv": [4.96, 0.96, 7.04, 3.04], "texture": "#texture", "cullface": "down"},
				"east": {"uv": [4.96, 0.96, 7.04, 3.04], "texture": "#texture", "cullface": "down"}
			}
		},
		{
			"name": "Voxels-B2A7A5",
			"from": [7.5, -11.25, 8.25],
			"to": [7.75, -11, 8.5],
			"faces": {
				"east": {"uv": [4.96, 0.96, 7.04, 3.04], "texture": "#texture", "cullface": "down"},
				"south": {"uv": [4.96, 0.96, 7.04, 3.04], "texture": "#texture", "cullface": "down"}
			}
		},
		{
			"name": "Voxels-7C7171",
			"from": [7.5, -11, 8.25],
			"to": [7.75, -10.75, 8.5],
			"faces": {
				"east": {"uv": [8.96, 0.96, 11.04, 3.04], "texture": "#texture", "cullface": "down"},
				"south": {"uv": [8.96, 0.96, 11.04, 3.04], "texture": "#texture", "cullface": "down"}
			}
		},
		{
			"name": "Voxels-B2A7A5",
			"from": [7.5, -10.75, 8.25],
			"to": [7.75, -9.75, 8.5],
			"faces": {
				"north": {"uv": [4.96, 0.96, 7.04, 3.04], "texture": "#texture", "cullface": "down"},
				"east": {"uv": [4.96, 0.96, 7.04, 3.04], "texture": "#texture", "cullface": "down"},
				"south": {"uv": [4.96, 0.96, 7.04, 3.04], "texture": "#texture", "cullface": "down"}
			}
		},
		{
			"name": "Voxels-B2A7A5",
			"from": [7.5, -6.25, 7.25],
			"to": [7.75, -6, 7.5],
			"faces": {
				"north": {"uv": [4.96, 0.96, 7.04, 3.04], "texture": "#texture", "cullface": "down"},
				"east": {"uv": [4.96, 0.96, 7.04, 3.04], "texture": "#texture", "cullface": "down"}
			}
		},
		{
			"name": "Voxels-B2A7A5",
			"from": [7.5, -6.25, 8.25],
			"to": [7.75, -6, 8.5],
			"faces": {
				"east": {"uv": [4.96, 0.96, 7.04, 3.04], "texture": "#texture", "cullface": "down"},
				"south": {"uv": [4.96, 0.96, 7.04, 3.04], "texture": "#texture", "cullface": "down"}
			}
		},
		{
			"name": "Voxels-7C7171",
			"from": [7.5, -6, 7.25],
			"to": [7.75, -5.75, 7.5],
			"faces": {
				"north": {"uv": [8.96, 0.96, 11.04, 3.04], "texture": "#texture", "cullface": "down"},
				"east": {"uv": [8.96, 0.96, 11.04, 3.04], "texture": "#texture", "cullface": "down"}
			}
		},
		{
			"name": "Voxels-7C7171",
			"from": [7.5, -6, 8.25],
			"to": [7.75, -5.75, 8.5],
			"faces": {
				"east": {"uv": [8.96, 0.96, 11.04, 3.04], "texture": "#texture", "cullface": "down"},
				"south": {"uv": [8.96, 0.96, 11.04, 3.04], "texture": "#texture", "cullface": "down"}
			}
		},
		{
			"name": "Voxels-B2A7A5",
			"from": [7.5, -5.75, 7.25],
			"to": [7.75, -5.25, 7.5],
			"faces": {
				"north": {"uv": [4.96, 0.96, 7.04, 3.04], "texture": "#texture", "cullface": "down"},
				"east": {"uv": [4.96, 0.96, 7.04, 3.04], "texture": "#texture", "cullface": "down"}
			}
		},
		{
			"name": "Voxels-B2A7A5",
			"from": [7.5, -5.75, 8.25],
			"to": [7.75, -4.25, 8.5],
			"faces": {
				"east": {"uv": [4.96, 0.96, 7.04, 3.04], "texture": "#texture", "cullface": "down"},
				"south": {"uv": [4.96, 0.96, 7.04, 3.04], "texture": "#texture", "cullface": "down"}
			}
		},
		{
			"name": "Voxels-7C7171",
			"from": [7.5, -5.25, 7.25],
			"to": [7.75, -5, 7.5],
			"faces": {
				"north": {"uv": [8.96, 0.96, 11.04, 3.04], "texture": "#texture", "cullface": "down"},
				"east": {"uv": [8.96, 0.96, 11.04, 3.04], "texture": "#texture", "cullface": "down"}
			}
		},
		{
			"name": "Voxels-B2A7A5",
			"from": [7.5, -5, 7.25],
			"to": [7.75, -4.25, 7.5],
			"faces": {
				"north": {"uv": [4.96, 0.96, 7.04, 3.04], "texture": "#texture", "cullface": "down"},
				"east": {"uv": [4.96, 0.96, 7.04, 3.04], "texture": "#texture", "cullface": "down"}
			}
		},
		{
			"name": "Voxels-7C7171",
			"from": [7.5, -4.25, 7.25],
			"to": [7.75, -4, 7.5],
			"faces": {
				"north": {"uv": [8.96, 0.96, 11.04, 3.04], "texture": "#texture", "cullface": "down"},
				"east": {"uv": [8.96, 0.96, 11.04, 3.04], "texture": "#texture", "cullface": "down"}
			}
		},
		{
			"name": "Voxels-B2A7A5",
			"from": [7.5, -4, 7.25],
			"to": [7.75, -3.75, 7.5],
			"faces": {
				"north": {"uv": [4.96, 0.96, 7.04, 3.04], "texture": "#texture", "cullface": "down"},
				"east": {"uv": [4.96, 0.96, 7.04, 3.04], "texture": "#texture", "cullface": "down"}
			}
		},
		{
			"name": "Voxels-B2A7A5",
			"from": [7.5, -3.25, 8.25],
			"to": [7.75, -2.75, 8.5],
			"faces": {
				"east": {"uv": [4.96, 0.96, 7.04, 3.04], "texture": "#texture", "cullface": "down"},
				"south": {"uv": [4.96, 0.96, 7.04, 3.04], "texture": "#texture", "cullface": "down"}
			}
		},
		{
			"name": "Voxels-7C7171",
			"from": [7.5, -2.75, 8.25],
			"to": [7.75, -2.5, 8.5],
			"faces": {
				"east": {"uv": [8.96, 0.96, 11.04, 3.04], "texture": "#texture", "cullface": "down"},
				"south": {"uv": [8.96, 0.96, 11.04, 3.04], "texture": "#texture", "cullface": "down"}
			}
		},
		{
			"name": "Voxels-A2A19E",
			"from": [7.5, 0.5, 8],
			"to": [7.75, 0.75, 8.25],
			"faces": {
				"east": {"uv": [4.96, 4.96, 7.04, 7.04], "texture": "#texture"},
				"south": {"uv": [4.96, 4.96, 7.04, 7.04], "texture": "#texture"}
			}
		},
		{
			"name": "Voxels-B9B8B5",
			"from": [7.5, 0.75, 8],
			"to": [7.75, 1, 8.25],
			"faces": {
				"east": {"uv": [8.96, 4.96, 11.04, 7.04], "texture": "#texture"},
				"south": {"uv": [8.96, 4.96, 11.04, 7.04], "texture": "#texture"}
			}
		},
		{
			"name": "Voxels-7C7171",
			"from": [7.75, -12.25, 7.5],
			"to": [8, -12, 7.75],
			"faces": {
				"north": {"uv": [8.96, 0.96, 11.04, 3.04], "texture": "#texture", "cullface": "down"},
				"east": {"uv": [8.96, 0.96, 11.04, 3.04], "texture": "#texture", "cullface": "down"}
			}
		},
		{
			"name": "Voxels-7C7171",
			"from": [7.75, -12.25, 8],
			"to": [8, -12, 8.25],
			"faces": {
				"east": {"uv": [8.96, 0.96, 11.04, 3.04], "texture": "#texture", "cullface": "down"},
				"south": {"uv": [8.96, 0.96, 11.04, 3.04], "texture": "#texture", "cullface": "down"}
			}
		},
		{
			"name": "Voxels-B2A7A5",
			"from": [7.75, -12, 7.5],
			"to": [8, -11.75, 7.75],
			"faces": {
				"north": {"uv": [4.96, 0.96, 7.04, 3.04], "texture": "#texture", "cullface": "down"},
				"east": {"uv": [4.96, 0.96, 7.04, 3.04], "texture": "#texture", "cullface": "down"}
			}
		},
		{
			"name": "Voxels-7C7171",
			"from": [7.75, -11.25, 7.5],
			"to": [8, -11, 7.75],
			"faces": {
				"north": {"uv": [8.96, 0.96, 11.04, 3.04], "texture": "#texture", "cullface": "down"},
				"east": {"uv": [8.96, 0.96, 11.04, 3.04], "texture": "#texture", "cullface": "down"}
			}
		},
		{
			"name": "Voxels-7C7171",
			"from": [7.75, -11, 8],
			"to": [8, -10.75, 8.25],
			"faces": {
				"east": {"uv": [8.96, 0.96, 11.04, 3.04], "texture": "#texture", "cullface": "down"},
				"south": {"uv": [8.96, 0.96, 11.04, 3.04], "texture": "#texture", "cullface": "down"}
			}
		},
		{
			"name": "Voxels-B2A7A5",
			"from": [7.75, -10.75, 8],
			"to": [8, -10, 8.25],
			"faces": {
				"north": {"uv": [4.96, 0.96, 7.04, 3.04], "texture": "#texture", "cullface": "down"},
				"east": {"uv": [4.96, 0.96, 7.04, 3.04], "texture": "#texture", "cullface": "down"},
				"south": {"uv": [4.96, 0.96, 7.04, 3.04], "texture": "#texture", "cullface": "down"}
			}
		},
		{
			"name": "Voxels-7C7171",
			"from": [7.75, -10, 7.5],
			"to": [8, -9.75, 7.75],
			"faces": {
				"north": {"uv": [8.96, 0.96, 11.04, 3.04], "texture": "#texture", "cullface": "down"},
				"east": {"uv": [8.96, 0.96, 11.04, 3.04], "texture": "#texture", "cullface": "down"}
			}
		},
		{
			"name": "Voxels-B2A7A5",
			"from": [7.75, -9.75, 7.5],
			"to": [8, -8.75, 7.75],
			"faces": {
				"north": {"uv": [4.96, 0.96, 7.04, 3.04], "texture": "#texture", "cullface": "down"},
				"east": {"uv": [4.96, 0.96, 7.04, 3.04], "texture": "#texture", "cullface": "down"}
			}
		},
		{
			"name": "Voxels-7C7171",
			"from": [7.75, -9.5, 8],
			"to": [8, -9.25, 8.25],
			"faces": {
				"east": {"uv": [8.96, 0.96, 11.04, 3.04], "texture": "#texture", "cullface": "down"},
				"south": {"uv": [8.96, 0.96, 11.04, 3.04], "texture": "#texture", "cullface": "down"}
			}
		},
		{
			"name": "Voxels-B2A7A5",
			"from": [7.75, -9.25, 8],
			"to": [8, -8.75, 8.25],
			"faces": {
				"east": {"uv": [4.96, 0.96, 7.04, 3.04], "texture": "#texture", "cullface": "down"},
				"south": {"uv": [4.96, 0.96, 7.04, 3.04], "texture": "#texture", "cullface": "down"}
			}
		},
		{
			"name": "Voxels-7C7171",
			"from": [7.75, -8.75, 7.5],
			"to": [8, -8.5, 7.75],
			"faces": {
				"north": {"uv": [8.96, 0.96, 11.04, 3.04], "texture": "#texture", "cullface": "down"},
				"east": {"uv": [8.96, 0.96, 11.04, 3.04], "texture": "#texture", "cullface": "down"}
			}
		},
		{
			"name": "Voxels-7C7171",
			"from": [7.75, -8.75, 8],
			"to": [8, -8.5, 8.25],
			"faces": {
				"east": {"uv": [8.96, 0.96, 11.04, 3.04], "texture": "#texture", "cullface": "down"},
				"south": {"uv": [8.96, 0.96, 11.04, 3.04], "texture": "#texture", "cullface": "down"}
			}
		},
		{
			"name": "Voxels-7C7171",
			"from": [7.75, -7.75, 8],
			"to": [8, -7.25, 8.25],
			"faces": {
				"north": {"uv": [8.96, 0.96, 11.04, 3.04], "texture": "#texture", "cullface": "down"},
				"east": {"uv": [8.96, 0.96, 11.04, 3.04], "texture": "#texture", "cullface": "down"},
				"south": {"uv": [8.96, 0.96, 11.04, 3.04], "texture": "#texture", "cullface": "down"},
				"west": {"uv": [8.96, 0.96, 11.04, 3.04], "texture": "#texture", "cullface": "down"}
			}
		},
		{
			"name": "Voxels-7C7171",
			"from": [7.75, -7.5, 7.5],
			"to": [8, -7.25, 7.75],
			"faces": {
				"north": {"uv": [8.96, 0.96, 11.04, 3.04], "texture": "#texture", "cullface": "down"},
				"east": {"uv": [8.96, 0.96, 11.04, 3.04], "texture": "#texture", "cullface": "down"}
			}
		},
		{
			"name": "Voxels-B2A7A5",
			"from": [7.75, -7.25, 7.5],
			"to": [8, -6.25, 7.75],
			"faces": {
				"north": {"uv": [4.96, 0.96, 7.04, 3.04], "texture": "#texture", "cullface": "down"},
				"east": {"uv": [4.96, 0.96, 7.04, 3.04], "texture": "#texture", "cullface": "down"}
			}
		},
		{
			"name": "Voxels-7C7171",
			"from": [7.75, -6, 7.5],
			"to": [8, -5.75, 7.75],
			"faces": {
				"north": {"uv": [8.96, 0.96, 11.04, 3.04], "texture": "#texture", "cullface": "down"},
				"east": {"uv": [8.96, 0.96, 11.04, 3.04], "texture": "#texture", "cullface": "down"}
			}
		},
		{
			"name": "Voxels-7C7171",
			"from": [7.75, -6, 8],
			"to": [8, -5.75, 8.25],
			"faces": {
				"east": {"uv": [8.96, 0.96, 11.04, 3.04], "texture": "#texture", "cullface": "down"},
				"south": {"uv": [8.96, 0.96, 11.04, 3.04], "texture": "#texture", "cullface": "down"}
			}
		},
		{
			"name": "Voxels-B2A7A5",
			"from": [7.75, -5.75, 8],
			"to": [8, -4.5, 8.25],
			"faces": {
				"east": {"uv": [4.96, 0.96, 7.04, 3.04], "texture": "#texture", "cullface": "down"},
				"south": {"uv": [4.96, 0.96, 7.04, 3.04], "texture": "#texture", "cullface": "down"}
			}
		},
		{
			"name": "Voxels-7C7171",
			"from": [7.75, -5, 7.5],
			"to": [8, -4.75, 7.75],
			"faces": {
				"north": {"uv": [8.96, 0.96, 11.04, 3.04], "texture": "#texture", "cullface": "down"},
				"east": {"uv": [8.96, 0.96, 11.04, 3.04], "texture": "#texture", "cullface": "down"}
			}
		},
		{
			"name": "Voxels-B2A7A5",
			"from": [7.75, -4.75, 7.5],
			"to": [8, -4.5, 7.75],
			"faces": {
				"north": {"uv": [4.96, 0.96, 7.04, 3.04], "texture": "#texture", "cullface": "down"},
				"east": {"uv": [4.96, 0.96, 7.04, 3.04], "texture": "#texture", "cullface": "down"}
			}
		},
		{
			"name": "Voxels-7C7171",
			"from": [7.75, -4.5, 7.5],
			"to": [8, -4.25, 7.75],
			"faces": {
				"north": {"uv": [8.96, 0.96, 11.04, 3.04], "texture": "#texture", "cullface": "down"},
				"east": {"uv": [8.96, 0.96, 11.04, 3.04], "texture": "#texture", "cullface": "down"}
			}
		},
		{
			"name": "Voxels-7C7171",
			"from": [7.75, -4.5, 8],
			"to": [8, -4.25, 8.25],
			"faces": {
				"east": {"uv": [8.96, 0.96, 11.04, 3.04], "texture": "#texture", "cullface": "down"},
				"south": {"uv": [8.96, 0.96, 11.04, 3.04], "texture": "#texture", "cullface": "down"}
			}
		},
		{
			"name": "Voxels-B2A7A5",
			"from": [7.75, -4.25, 7.5],
			"to": [8, -4, 7.75],
			"faces": {
				"north": {"uv": [4.96, 0.96, 7.04, 3.04], "texture": "#texture", "cullface": "down"},
				"east": {"uv": [4.96, 0.96, 7.04, 3.04], "texture": "#texture", "cullface": "down"}
			}
		},
		{
			"name": "Voxels-7C7171",
			"from": [7.75, -2.75, 8],
			"to": [8, -2.5, 8.25],
			"faces": {
				"east": {"uv": [8.96, 0.96, 11.04, 3.04], "texture": "#texture", "cullface": "down"},
				"south": {"uv": [8.96, 0.96, 11.04, 3.04], "texture": "#texture", "cullface": "down"}
			}
		},
		{
			"name": "Voxels-7C7171",
			"from": [7.75, -2.5, 7.5],
			"to": [8, -2.25, 7.75],
			"faces": {
				"north": {"uv": [8.96, 0.96, 11.04, 3.04], "texture": "#texture", "cullface": "down"},
				"east": {"uv": [8.96, 0.96, 11.04, 3.04], "texture": "#texture", "cullface": "down"}
			}
		},
		{
			"name": "Voxels-A2A19E",
			"from": [7.75, -1.5, 7.75],
			"to": [8, -0.75, 8],
			"faces": {
				"north": {"uv": [4.96, 4.96, 7.04, 7.04], "texture": "#texture", "cullface": "down"},
				"east": {"uv": [4.96, 4.96, 7.04, 7.04], "texture": "#texture", "cullface": "down"},
				"south": {"uv": [4.96, 4.96, 7.04, 7.04], "texture": "#texture", "cullface": "down"},
				"west": {"uv": [4.96, 4.96, 7.04, 7.04], "texture": "#texture", "cullface": "down"}
			}
		},
		{
			"name": "Voxels-B9B8B5",
			"from": [7.75, -0.75, 7.75],
			"to": [8, -0.5, 8],
			"faces": {
				"north": {"uv": [8.96, 4.96, 11.04, 7.04], "texture": "#texture", "cullface": "down"},
				"east": {"uv": [8.96, 4.96, 11.04, 7.04], "texture": "#texture", "cullface": "down"},
				"south": {"uv": [8.96, 4.96, 11.04, 7.04], "texture": "#texture", "cullface": "down"}
			}
		},
		{
			"name": "Voxels-A2A19E",
			"from": [7.75, -0.5, 7.75],
			"to": [8, -0.25, 8],
			"faces": {
				"north": {"uv": [4.96, 4.96, 7.04, 7.04], "texture": "#texture", "cullface": "down"},
				"east": {"uv": [4.96, 4.96, 7.04, 7.04], "texture": "#texture", "cullface": "down"},
				"south": {"uv": [4.96, 4.96, 7.04, 7.04], "texture": "#texture", "cullface": "down"}
			}
		},
		{
			"name": "Voxels-A2A19E",
			"from": [7.75, 0, 7.75],
			"to": [8, 0.75, 8],
			"faces": {
				"north": {"uv": [4.96, 4.96, 7.04, 7.04], "texture": "#texture"},
				"east": {"uv": [4.96, 4.96, 7.04, 7.04], "texture": "#texture"},
				"south": {"uv": [4.96, 4.96, 7.04, 7.04], "texture": "#texture"}
			}
		},
		{
			"name": "Voxels-B9B8B5",
			"from": [7.75, 0.75, 7.75],
			"to": [8, 1, 8],
			"faces": {
				"north": {"uv": [8.96, 4.96, 11.04, 7.04], "texture": "#texture"},
				"east": {"uv": [8.96, 4.96, 11.04, 7.04], "texture": "#texture"},
				"south": {"uv": [8.96, 4.96, 11.04, 7.04], "texture": "#texture"}
			}
		},
		{
			"name": "Voxels-A2A19E",
			"from": [7.75, 1, 7.75],
			"to": [8, 1.25, 8],
			"faces": {
				"north": {"uv": [4.96, 4.96, 7.04, 7.04], "texture": "#texture"},
				"east": {"uv": [4.96, 4.96, 7.04, 7.04], "texture": "#texture"},
				"south": {"uv": [4.96, 4.96, 7.04, 7.04], "texture": "#texture"}
			}
		},
		{
			"name": "Voxels-7C7171",
			"from": [8, -12.25, 7.75],
			"to": [8.25, -12, 8],
			"faces": {
				"north": {"uv": [8.96, 0.96, 11.04, 3.04], "texture": "#texture", "cullface": "down"},
				"east": {"uv": [8.96, 0.96, 11.04, 3.04], "texture": "#texture", "cullface": "down"},
				"south": {"uv": [8.96, 0.96, 11.04, 3.04], "texture": "#texture", "cullface": "down"}
			}
		},
		{
			"name": "Voxels-7C7171",
			"from": [8, -11, 7.75],
			"to": [8.25, -10.75, 8],
			"faces": {
				"north": {"uv": [8.96, 0.96, 11.04, 3.04], "texture": "#texture", "cullface": "down"},
				"east": {"uv": [8.96, 0.96, 11.04, 3.04], "texture": "#texture", "cullface": "down"},
				"south": {"uv": [8.96, 0.96, 11.04, 3.04], "texture": "#texture", "cullface": "down"}
			}
		},
		{
			"name": "Voxels-B2A7A5",
			"from": [8, -10.75, 7.75],
			"to": [8.25, -10.25, 8],
			"faces": {
				"north": {"uv": [4.96, 0.96, 7.04, 3.04], "texture": "#texture", "cullface": "down"},
				"east": {"uv": [4.96, 0.96, 7.04, 3.04], "texture": "#texture", "cullface": "down"},
				"south": {"uv": [4.96, 0.96, 7.04, 3.04], "texture": "#texture", "cullface": "down"}
			}
		},
		{
			"name": "Voxels-7C7171",
			"from": [8, -9.75, 7.75],
			"to": [8.25, -9.5, 8],
			"faces": {
				"north": {"uv": [8.96, 0.96, 11.04, 3.04], "texture": "#texture", "cullface": "down"},
				"east": {"uv": [8.96, 0.96, 11.04, 3.04], "texture": "#texture", "cullface": "down"},
				"south": {"uv": [8.96, 0.96, 11.04, 3.04], "texture": "#texture", "cullface": "down"}
			}
		},
		{
			"name": "Voxels-B2A7A5",
			"from": [8, -9.5, 7.75],
			"to": [8.25, -8.75, 8],
			"faces": {
				"north": {"uv": [4.96, 0.96, 7.04, 3.04], "texture": "#texture", "cullface": "down"},
				"east": {"uv": [4.96, 0.96, 7.04, 3.04], "texture": "#texture", "cullface": "down"},
				"south": {"uv": [4.96, 0.96, 7.04, 3.04], "texture": "#texture", "cullface": "down"}
			}
		},
		{
			"name": "Voxels-7C7171",
			"from": [8, -8.75, 7.75],
			"to": [8.25, -8.5, 8],
			"faces": {
				"north": {"uv": [8.96, 0.96, 11.04, 3.04], "texture": "#texture", "cullface": "down"},
				"east": {"uv": [8.96, 0.96, 11.04, 3.04], "texture": "#texture", "cullface": "down"},
				"south": {"uv": [8.96, 0.96, 11.04, 3.04], "texture": "#texture", "cullface": "down"}
			}
		},
		{
			"name": "Voxels-7C7171",
			"from": [8, -7.5, 7.75],
			"to": [8.25, -7.25, 8],
			"faces": {
				"north": {"uv": [8.96, 0.96, 11.04, 3.04], "texture": "#texture", "cullface": "down"},
				"east": {"uv": [8.96, 0.96, 11.04, 3.04], "texture": "#texture", "cullface": "down"},
				"south": {"uv": [8.96, 0.96, 11.04, 3.04], "texture": "#texture", "cullface": "down"}
			}
		},
		{
			"name": "Voxels-7C7171",
			"from": [8, -6, 7.75],
			"to": [8.25, -5.75, 8],
			"faces": {
				"north": {"uv": [8.96, 0.96, 11.04, 3.04], "texture": "#texture", "cullface": "down"},
				"east": {"uv": [8.96, 0.96, 11.04, 3.04], "texture": "#texture", "cullface": "down"},
				"south": {"uv": [8.96, 0.96, 11.04, 3.04], "texture": "#texture", "cullface": "down"}
			}
		},
		{
			"name": "Voxels-B2A7A5",
			"from": [8, -5.75, 7.75],
			"to": [8.25, -4.75, 8],
			"faces": {
				"north": {"uv": [4.96, 0.96, 7.04, 3.04], "texture": "#texture", "cullface": "down"},
				"east": {"uv": [4.96, 0.96, 7.04, 3.04], "texture": "#texture", "cullface": "down"},
				"south": {"uv": [4.96, 0.96, 7.04, 3.04], "texture": "#texture", "cullface": "down"}
			}
		},
		{
			"name": "Voxels-7C7171",
			"from": [8, -4.75, 7.75],
			"to": [8.25, -4.25, 8],
			"faces": {
				"north": {"uv": [8.96, 0.96, 11.04, 3.04], "texture": "#texture", "cullface": "down"},
				"east": {"uv": [8.96, 0.96, 11.04, 3.04], "texture": "#texture", "cullface": "down"},
				"south": {"uv": [8.96, 0.96, 11.04, 3.04], "texture": "#texture", "cullface": "down"}
			}
		},
		{
			"name": "Voxels-B2A7A5",
			"from": [8, -4.25, 7.75],
			"to": [8.25, -4, 8],
			"faces": {
				"north": {"uv": [4.96, 0.96, 7.04, 3.04], "texture": "#texture", "cullface": "down"},
				"east": {"uv": [4.96, 0.96, 7.04, 3.04], "texture": "#texture", "cullface": "down"},
				"south": {"uv": [4.96, 0.96, 7.04, 3.04], "texture": "#texture", "cullface": "down"}
			}
		},
		{
			"name": "Voxels-7C7171",
			"from": [8, -2.75, 7.75],
			"to": [8.25, -2.5, 8],
			"faces": {
				"north": {"uv": [8.96, 0.96, 11.04, 3.04], "texture": "#texture", "cullface": "down"},
				"east": {"uv": [8.96, 0.96, 11.04, 3.04], "texture": "#texture", "cullface": "down"},
				"south": {"uv": [8.96, 0.96, 11.04, 3.04], "texture": "#texture", "cullface": "down"}
			}
		}
	],
	"display": {
		"thirdperson_righthand": {
			"rotation": [0, 180, 0],
			"translation": [-0.5, 9.3122, 0.8913],
			"scale": [0.8, 0.8, 0.8]
		},
		"thirdperson_lefthand": {
			"rotation": [0, 180, 0],
			"translation": [0.5, 9.3122, 0.8913],
			"scale": [0.8, 0.8, 0.8]
		},
		"firstperson_righthand": {
			"rotation": [-9, -80, 0],
			"translation": [-0.097, 8.865, 1.5326],
			"scale": [0.6, 0.6, 0.6]
		},
		"firstperson_lefthand": {
			"rotation": [-9, -80, 0],
			"translation": [-0.097, 8.7454, 1.5326],
			"scale": [0.6, 0.6, 0.6]
		},
		"ground": {
			"translation": [0, 12, 0],
			"scale": [0.4, 0.4, 0.4]
		},
		"gui": {
			"rotation": [0, 0, -45],
			"scale": [0.4, 0.4, 0.4]
		},
		"fixed": {
			"rotation": [0, 0, 46],
			"scale": [0.55, 0.55, 0.55]
		}
	}
}