{"textures":{"0":"modelengine:entity/brownwolf"},"elements":[{"from":[7.1105647,7.647323,5.808901],"to":[8.889436,8.322976,9.112518],"rotation":{"angle":0.0,"axis":"y","origin":[8.0,7.987378,7.20982]},"faces":{"east":{"uv":[9.25,1.25,11.0,1.75],"rotation":0,"texture":"#0","tintindex":0},"south":{"uv":[9.5,1.25,10.5,1.75],"rotation":0,"texture":"#0","tintindex":0},"north":{"uv":[9.5,1.25,10.5,1.75],"rotation":0,"texture":"#0","tintindex":0},"west":{"uv":[9.25,1.25,11.0,1.75],"rotation":0,"texture":"#0","tintindex":0},"up":{"uv":[5.25,1.5,6.5,0.0],"rotation":0,"texture":"#0","tintindex":0},"down":{"uv":[6.25,5.5,7.25,7.25],"rotation":0,"texture":"#0","tintindex":0}}},{"from":[8.5276575,8.163264,6.330391],"to":[8.791486,8.866807,6.6821623],"rotation":{"angle":-22.5,"axis":"x","origin":[8.703543,8.602979,6.506277]},"faces":{"east":{"uv":[1.75,2.0,2.0,2.5],"rotation":0,"texture":"#0","tintindex":0},"south":{"uv":[1.75,2.0,2.0,2.5],"rotation":0,"texture":"#0","tintindex":0},"north":{"uv":[1.75,2.0,2.0,2.5],"rotation":0,"texture":"#0","tintindex":0},"west":{"uv":[1.75,2.0,2.0,2.5],"rotation":0,"texture":"#0","tintindex":0},"up":{"uv":[1.75,2.0,2.0,2.5],"rotation":0,"texture":"#0","tintindex":0},"down":{"uv":[1.75,2.0,2.0,2.5],"rotation":0,"texture":"#0","tintindex":0}}},{"from":[7.208514,8.163264,6.330391],"to":[7.472343,8.866807,6.6821623],"rotation":{"angle":-22.5,"axis":"x","origin":[7.3844,8.602979,6.506277]},"faces":{"east":{"uv":[1.75,2.0,2.0,2.5],"rotation":0,"texture":"#0","tintindex":0},"south":{"uv":[1.75,2.0,2.0,2.5],"rotation":0,"texture":"#0","tintindex":0},"north":{"uv":[1.75,2.0,2.0,2.5],"rotation":0,"texture":"#0","tintindex":0},"west":{"uv":[1.75,2.0,2.0,2.5],"rotation":0,"texture":"#0","tintindex":0},"up":{"uv":[1.75,2.0,2.0,2.5],"rotation":0,"texture":"#0","tintindex":0},"down":{"uv":[1.75,2.0,2.0,2.5],"rotation":0,"texture":"#0","tintindex":0}}},{"from":[7.5602856,8.163264,5.9786196],"to":[7.8241143,9.042692,6.330391],"rotation":{"angle":-22.5,"axis":"x","origin":[7.7361712,8.602979,6.1545053]},"faces":{"east":{"uv":[1.75,2.0,2.0,2.5],"rotation":0,"texture":"#0","tintindex":0},"south":{"uv":[1.75,2.0,2.0,2.5],"rotation":0,"texture":"#0","tintindex":0},"north":{"uv":[1.75,2.0,2.0,2.5],"rotation":0,"texture":"#0","tintindex":0},"west":{"uv":[1.75,2.0,2.0,2.5],"rotation":0,"texture":"#0","tintindex":0},"up":{"uv":[1.75,2.0,2.0,2.5],"rotation":0,"texture":"#0","tintindex":0},"down":{"uv":[1.75,2.0,2.0,2.5],"rotation":0,"texture":"#0","tintindex":0}}},{"from":[8.175886,8.163264,5.9786196],"to":[8.439714,9.042692,6.330391],"rotation":{"angle":-22.5,"axis":"x","origin":[8.351771,8.602979,6.1545053]},"faces":{"east":{"uv":[1.75,2.0,2.0,2.5],"rotation":0,"texture":"#0","tintindex":0},"south":{"uv":[1.75,2.0,2.0,2.5],"rotation":0,"texture":"#0","tintindex":0},"north":{"uv":[1.75,2.0,2.0,2.5],"rotation":0,"texture":"#0","tintindex":0},"west":{"uv":[1.75,2.0,2.0,2.5],"rotation":0,"texture":"#0","tintindex":0},"up":{"uv":[1.75,2.0,2.0,2.5],"rotation":0,"texture":"#0","tintindex":0},"down":{"uv":[1.75,2.0,2.0,2.5],"rotation":0,"texture":"#0","tintindex":0}}},{"from":[7.912057,8.163264,5.9786196],"to":[8.087943,8.690921,6.330391],"rotation":{"angle":-22.5,"axis":"x","origin":[8.0,8.602979,6.1545053]},"faces":{"east":{"uv":[1.75,2.0,2.0,2.5],"rotation":0,"texture":"#0","tintindex":0},"south":{"uv":[1.75,2.0,2.0,2.5],"rotation":0,"texture":"#0","tintindex":0},"north":{"uv":[1.75,2.0,2.0,2.5],"rotation":0,"texture":"#0","tintindex":0},"west":{"uv":[1.75,2.0,2.0,2.5],"rotation":0,"texture":"#0","tintindex":0},"up":{"uv":[1.75,2.0,2.0,2.5],"rotation":0,"texture":"#0","tintindex":0},"down":{"uv":[1.75,2.0,2.0,2.5],"rotation":0,"texture":"#0","tintindex":0}}},{"from":[8.6156,8.163264,6.945991],"to":[8.879429,8.690921,7.2977624],"rotation":{"angle":-22.5,"axis":"x","origin":[8.791486,8.602979,7.1218767]},"faces":{"east":{"uv":[1.75,2.0,2.0,2.5],"rotation":0,"texture":"#0","tintindex":0},"south":{"uv":[1.75,2.0,2.0,2.5],"rotation":0,"texture":"#0","tintindex":0},"north":{"uv":[1.75,2.0,2.0,2.5],"rotation":0,"texture":"#0","tintindex":0},"west":{"uv":[1.75,2.0,2.0,2.5],"rotation":0,"texture":"#0","tintindex":0},"up":{"uv":[1.75,2.0,2.0,2.5],"rotation":0,"texture":"#0","tintindex":0},"down":{"uv":[1.75,2.0,2.0,2.5],"rotation":0,"texture":"#0","tintindex":0}}},{"from":[8.6156,8.163264,7.561591],"to":[8.879429,8.690921,7.9133625],"rotation":{"angle":-22.5,"axis":"x","origin":[8.791486,8.602979,7.737477]},"faces":{"east":{"uv":[1.75,2.0,2.0,2.5],"rotation":0,"texture":"#0","tintindex":0},"south":{"uv":[1.75,2.0,2.0,2.5],"rotation":0,"texture":"#0","tintindex":0},"north":{"uv":[1.75,2.0,2.0,2.5],"rotation":0,"texture":"#0","tintindex":0},"west":{"uv":[1.75,2.0,2.0,2.5],"rotation":0,"texture":"#0","tintindex":0},"up":{"uv":[1.75,2.0,2.0,2.5],"rotation":0,"texture":"#0","tintindex":0},"down":{"uv":[1.75,2.0,2.0,2.5],"rotation":0,"texture":"#0","tintindex":0}}},{"from":[7.120571,8.163264,6.945991],"to":[7.3844,8.690921,7.2977624],"rotation":{"angle":-22.5,"axis":"x","origin":[7.2964573,8.602979,7.1218767]},"faces":{"east":{"uv":[1.75,2.0,2.0,2.5],"rotation":0,"texture":"#0","tintindex":0},"south":{"uv":[1.75,2.0,2.0,2.5],"rotation":0,"texture":"#0","tintindex":0},"north":{"uv":[1.75,2.0,2.0,2.5],"rotation":0,"texture":"#0","tintindex":0},"west":{"uv":[1.75,2.0,2.0,2.5],"rotation":0,"texture":"#0","tintindex":0},"up":{"uv":[1.75,2.0,2.0,2.5],"rotation":0,"texture":"#0","tintindex":0},"down":{"uv":[1.75,2.0,2.0,2.5],"rotation":0,"texture":"#0","tintindex":0}}},{"from":[7.120571,8.163264,7.561591],"to":[7.3844,8.690921,7.9133625],"rotation":{"angle":-22.5,"axis":"x","origin":[7.2964573,8.602979,7.737477]},"faces":{"east":{"uv":[1.75,2.0,2.0,2.5],"rotation":0,"texture":"#0","tintindex":0},"south":{"uv":[1.75,2.0,2.0,2.5],"rotation":0,"texture":"#0","tintindex":0},"north":{"uv":[1.75,2.0,2.0,2.5],"rotation":0,"texture":"#0","tintindex":0},"west":{"uv":[1.75,2.0,2.0,2.5],"rotation":0,"texture":"#0","tintindex":0},"up":{"uv":[1.75,2.0,2.0,2.5],"rotation":0,"texture":"#0","tintindex":0},"down":{"uv":[1.75,2.0,2.0,2.5],"rotation":0,"texture":"#0","tintindex":0}}}],"display":{"head":{"translation":[0.0,-6.4,0.0],"scale":[4.0,4.0,4.0]}}}