{"textures":{"0":"modelengine:entity/chakra_shark"},"elements":[{"from":[4.5714283,4.0,6.857143],"to":[11.428572,12.0,16.0],"rotation":{"angle":0.0,"axis":"y","origin":[8.0,4.0,11.428572]},"faces":{"east":{"uv":[0.0,2.0,2.0,3.75],"rotation":0,"texture":"#0","tintindex":0},"south":{"uv":[5.5,2.0,7.0,3.75],"rotation":0,"texture":"#0","tintindex":0},"north":{"uv":[2.0,2.0,3.5,3.75],"rotation":0,"texture":"#0","tintindex":0},"west":{"uv":[3.5,2.0,5.5,3.75],"rotation":0,"texture":"#0","tintindex":0},"up":{"uv":[3.5,2.0,2.0,0.0],"rotation":0,"texture":"#0","tintindex":0},"down":{"uv":[5.0,0.0,3.5,2.0],"rotation":0,"texture":"#0","tintindex":0}}},{"from":[5.142857,4.5714283,2.2857141],"to":[10.857143,11.428572,6.857143],"rotation":{"angle":0.0,"axis":"y","origin":[8.0,4.0,11.428572]},"faces":{"east":{"uv":[4.75,4.75,5.75,6.25],"rotation":0,"texture":"#0","tintindex":0},"south":{"uv":[8.0,4.75,9.25,6.25],"rotation":0,"texture":"#0","tintindex":0},"north":{"uv":[5.75,4.75,7.0,6.25],"rotation":0,"texture":"#0","tintindex":0},"west":{"uv":[7.0,4.75,8.0,6.25],"rotation":0,"texture":"#0","tintindex":0},"up":{"uv":[7.0,4.75,5.75,3.75],"rotation":0,"texture":"#0","tintindex":0},"down":{"uv":[8.25,3.75,7.0,4.75],"rotation":0,"texture":"#0","tintindex":0}}}],"display":{"head":{"translation":[0.0,-6.4,0.0],"scale":[4.0,4.0,4.0]}}}