{"textures":{"0":"modelengine:entity/chakra_shark"},"elements":[{"from":[5.285714,5.9831243,2.215918],"to":[10.714286,10.554553,7.9302044],"rotation":{"angle":0.0,"axis":"y","origin":[8.0,8.268839,5.0730615]},"faces":{"east":{"uv":[0.0,5.0,1.25,6.0],"rotation":0,"texture":"#0","tintindex":0},"south":{"uv":[3.625,5.0,4.75,6.0],"rotation":0,"texture":"#0","tintindex":0},"north":{"uv":[1.25,5.0,2.375,6.0],"rotation":0,"texture":"#0","tintindex":0},"west":{"uv":[2.375,5.0,3.625,6.0],"rotation":0,"texture":"#0","tintindex":0},"up":{"uv":[2.375,5.0,1.25,3.75],"rotation":0,"texture":"#0","tintindex":0},"down":{"uv":[3.5,3.75,2.375,5.0],"rotation":0,"texture":"#0","tintindex":0}}}],"display":{"head":{"translation":[0.0,-6.4,0.0],"scale":[4.0,4.0,4.0]}}}