{"textures":{"0":"modelengine:entity/chakra_shark"},"elements":[{"from":[5.714286,6.857143,5.428571],"to":[10.285714,9.142858,10.0],"rotation":{"angle":0.0,"axis":"y","origin":[8.0,6.285714,19.142857]},"faces":{"east":{"uv":[7.0,3.25,8.0,3.75],"rotation":0,"texture":"#0","tintindex":0},"south":{"uv":[10.0,3.25,11.0,3.75],"rotation":0,"texture":"#0","tintindex":0},"north":{"uv":[8.0,3.25,9.0,3.75],"rotation":0,"texture":"#0","tintindex":0},"west":{"uv":[9.0,3.25,10.0,3.75],"rotation":0,"texture":"#0","tintindex":0},"up":{"uv":[9.0,3.25,8.0,2.25],"rotation":0,"texture":"#0","tintindex":0},"down":{"uv":[10.0,2.25,9.0,3.25],"rotation":0,"texture":"#0","tintindex":0}}}],"display":{"head":{"translation":[0.0,-6.4,0.0],"scale":[4.0,4.0,4.0]}}}