{"textures":{"0":"modelengine:entity/chakra_shark"},"elements":[{"from":[7.714286,7.428571,6.0],"to":[14.571428,8.571428,10.0],"rotation":{"angle":0.0,"axis":"y","origin":[11.142858,8.0,8.0]},"faces":{"east":{"uv":[5.0,0.875,5.875,1.125],"rotation":0,"texture":"#0","tintindex":0},"south":{"uv":[8.25,0.875,9.75,1.125],"rotation":0,"texture":"#0","tintindex":0},"north":{"uv":[5.875,0.875,7.375,1.125],"rotation":0,"texture":"#0","tintindex":0},"west":{"uv":[7.375,0.875,8.25,1.125],"rotation":0,"texture":"#0","tintindex":0},"up":{"uv":[7.375,0.875,5.875,0.0],"rotation":0,"texture":"#0","tintindex":0},"down":{"uv":[8.875,0.0,7.375,0.875],"rotation":0,"texture":"#0","tintindex":0}}}],"display":{"head":{"translation":[0.0,-6.4,0.0],"scale":[4.0,4.0,4.0]}}}