{"textures":{"0":"modelengine:entity/chakra_shark"},"elements":[{"from":[6.285714,5.714286,8.0],"to":[9.714286,10.285714,11.428572],"rotation":{"angle":0.0,"axis":"y","origin":[8.0,4.0,-4.5714293]},"faces":{"east":{"uv":[7.25,8.375,8.0,9.375],"rotation":0,"texture":"#0","tintindex":0},"south":{"uv":[9.5,8.375,10.25,9.375],"rotation":0,"texture":"#0","tintindex":0},"north":{"uv":[8.0,8.375,8.75,9.375],"rotation":0,"texture":"#0","tintindex":0},"west":{"uv":[8.75,8.375,9.5,9.375],"rotation":0,"texture":"#0","tintindex":0},"up":{"uv":[8.75,8.375,8.0,7.625],"rotation":0,"texture":"#0","tintindex":0},"down":{"uv":[9.5,7.625,8.75,8.375],"rotation":0,"texture":"#0","tintindex":0}}}],"display":{"head":{"translation":[0.0,-6.4,0.0],"scale":[4.0,4.0,4.0]}}}