{"textures":{"0":"modelengine:entity/chakra_shark"},"elements":[{"from":[5.142857,4.5714283,8.0],"to":[10.857143,11.428572,12.0],"rotation":{"angle":0.0,"axis":"y","origin":[8.0,4.0,3.4285712]},"faces":{"east":{"uv":[0.0,6.875,0.875,8.375],"rotation":0,"texture":"#0","tintindex":0},"south":{"uv":[3.0,6.875,4.25,8.375],"rotation":0,"texture":"#0","tintindex":0},"north":{"uv":[0.875,6.875,2.125,8.375],"rotation":0,"texture":"#0","tintindex":0},"west":{"uv":[2.125,6.875,3.0,8.375],"rotation":0,"texture":"#0","tintindex":0},"up":{"uv":[2.125,6.875,0.875,6.0],"rotation":0,"texture":"#0","tintindex":0},"down":{"uv":[3.375,6.0,2.125,6.875],"rotation":0,"texture":"#0","tintindex":0}}},{"from":[5.714286,5.142857,12.0],"to":[10.285714,10.857143,16.0],"rotation":{"angle":0.0,"axis":"y","origin":[8.0,4.0,3.4285712]},"faces":{"east":{"uv":[4.25,7.125,5.125,8.375],"rotation":0,"texture":"#0","tintindex":0},"south":{"uv":[7.0,7.125,8.0,8.375],"rotation":0,"texture":"#0","tintindex":0},"north":{"uv":[5.125,7.125,6.125,8.375],"rotation":0,"texture":"#0","tintindex":0},"west":{"uv":[6.125,7.125,7.0,8.375],"rotation":0,"texture":"#0","tintindex":0},"up":{"uv":[6.125,7.125,5.125,6.25],"rotation":0,"texture":"#0","tintindex":0},"down":{"uv":[7.125,6.25,6.125,7.125],"rotation":0,"texture":"#0","tintindex":0}}},{"from":[9.714286,5.142857,12.571428],"to":[14.285715,5.142857,15.428572],"rotation":{"angle":-45.0,"axis":"z","origin":[10.857143,5.714286,14.0]},"faces":{"east":{"uv":[2.875,4.375,3.5,4.375],"rotation":0,"texture":"#0","tintindex":0},"south":{"uv":[5.125,4.375,6.125,4.375],"rotation":0,"texture":"#0","tintindex":0},"north":{"uv":[3.5,4.375,4.5,4.375],"rotation":0,"texture":"#0","tintindex":0},"west":{"uv":[4.5,4.375,5.125,4.375],"rotation":0,"texture":"#0","tintindex":0},"up":{"uv":[4.5,4.375,3.5,3.75],"rotation":0,"texture":"#0","tintindex":0},"down":{"uv":[5.5,3.75,4.5,4.375],"rotation":0,"texture":"#0","tintindex":0}}},{"from":[1.7142854,5.142857,12.571428],"to":[6.285714,5.142857,15.428572],"rotation":{"angle":45.0,"axis":"z","origin":[5.142857,5.714286,14.0]},"faces":{"east":{"uv":[5.125,4.375,4.5,4.375],"rotation":0,"texture":"#0","tintindex":0},"south":{"uv":[6.125,4.375,5.125,4.375],"rotation":0,"texture":"#0","tintindex":0},"north":{"uv":[4.5,4.375,3.5,4.375],"rotation":0,"texture":"#0","tintindex":0},"west":{"uv":[3.5,4.375,2.875,4.375],"rotation":0,"texture":"#0","tintindex":0},"up":{"uv":[3.5,4.375,4.5,3.75],"rotation":0,"texture":"#0","tintindex":0},"down":{"uv":[4.5,3.75,5.5,4.375],"rotation":0,"texture":"#0","tintindex":0}}}],"display":{"head":{"translation":[0.0,-6.4,0.0],"scale":[4.0,4.0,4.0]}}}