{"textures":{"0":"modelengine:entity/chakra_shark"},"elements":[{"from":[1.1428566,7.428571,6.0],"to":[8.0,8.571428,10.0],"rotation":{"angle":0.0,"axis":"y","origin":[11.428572,5.714286,7.714286]},"faces":{"east":{"uv":[7.0,2.0,7.875,2.25],"rotation":0,"texture":"#0","tintindex":0},"south":{"uv":[10.25,2.0,11.75,2.25],"rotation":0,"texture":"#0","tintindex":0},"north":{"uv":[7.875,2.0,9.375,2.25],"rotation":0,"texture":"#0","tintindex":0},"west":{"uv":[9.375,2.0,10.25,2.25],"rotation":0,"texture":"#0","tintindex":0},"up":{"uv":[9.375,2.0,7.875,1.125],"rotation":0,"texture":"#0","tintindex":0},"down":{"uv":[10.875,1.125,9.375,2.0],"rotation":0,"texture":"#0","tintindex":0}}}],"display":{"head":{"translation":[0.0,-6.4,0.0],"scale":[4.0,4.0,4.0]}}}