{"textures":{"0":"modelengine:entity/chakra_shark"},"elements":[{"from":[6.857143,6.095238,8.0],"to":[9.142858,9.523809,12.0],"rotation":{"angle":0.0,"axis":"y","origin":[8.0,3.8095236,-8.0]},"faces":{"east":{"uv":[0.0,9.25,0.875,10.0],"rotation":0,"texture":"#0","tintindex":0},"south":{"uv":[2.25,9.25,2.75,10.0],"rotation":0,"texture":"#0","tintindex":0},"north":{"uv":[0.875,9.25,1.375,10.0],"rotation":0,"texture":"#0","tintindex":0},"west":{"uv":[1.375,9.25,2.25,10.0],"rotation":0,"texture":"#0","tintindex":0},"up":{"uv":[1.375,9.25,0.875,8.375],"rotation":0,"texture":"#0","tintindex":0},"down":{"uv":[1.875,8.375,1.375,9.25],"rotation":0,"texture":"#0","tintindex":0}}},{"from":[7.714286,8.380953,10.571428],"to":[8.285714,14.095239,13.428572],"rotation":{"angle":45.0,"axis":"x","origin":[8.0,11.809524,10.571428]},"faces":{"east":{"uv":[0.0,0.625,0.625,1.875],"rotation":0,"texture":"#0","tintindex":0},"south":{"uv":[1.375,0.625,1.5,1.875],"rotation":0,"texture":"#0","tintindex":0},"north":{"uv":[0.625,0.625,0.75,1.875],"rotation":0,"texture":"#0","tintindex":0},"west":{"uv":[0.75,0.625,1.375,1.875],"rotation":0,"texture":"#0","tintindex":0},"up":{"uv":[0.75,0.625,0.625,0.0],"rotation":0,"texture":"#0","tintindex":0},"down":{"uv":[0.875,0.0,0.75,0.625],"rotation":0,"texture":"#0","tintindex":0}}},{"from":[7.714286,3.0952382,9.714286],"to":[8.285714,6.5238094,12.571428],"rotation":{"angle":-22.5,"axis":"x","origin":[8.0,4.380952,10.571428]},"faces":{"east":{"uv":[8.0,6.875,8.625,7.625],"rotation":0,"texture":"#0","tintindex":0},"south":{"uv":[9.375,6.875,9.5,7.625],"rotation":0,"texture":"#0","tintindex":0},"north":{"uv":[8.625,6.875,8.75,7.625],"rotation":0,"texture":"#0","tintindex":0},"west":{"uv":[8.75,6.875,9.375,7.625],"rotation":0,"texture":"#0","tintindex":0},"up":{"uv":[8.75,6.875,8.625,6.25],"rotation":0,"texture":"#0","tintindex":0},"down":{"uv":[8.875,6.25,8.75,6.875],"rotation":0,"texture":"#0","tintindex":0}}}],"display":{"head":{"translation":[0.0,-6.4,0.0],"scale":[4.0,4.0,4.0]}}}