{"textures":{"0":"modelengine:entity/chakra_shark"},"elements":[{"from":[7.428571,6.857143,4.4448295],"to":[8.571428,12.571428,8.44483],"rotation":{"angle":22.5,"axis":"x","origin":[8.0,8.0,6.4448295]},"faces":{"east":{"uv":[2.75,9.25,3.625,10.5],"rotation":0,"texture":"#0","tintindex":0},"south":{"uv":[4.75,9.25,5.0,10.5],"rotation":0,"texture":"#0","tintindex":0},"north":{"uv":[3.625,9.25,3.875,10.5],"rotation":0,"texture":"#0","tintindex":0},"west":{"uv":[3.875,9.25,4.75,10.5],"rotation":0,"texture":"#0","tintindex":0},"up":{"uv":[3.875,9.25,3.625,8.375],"rotation":0,"texture":"#0","tintindex":0},"down":{"uv":[4.125,8.375,3.875,9.25],"rotation":0,"texture":"#0","tintindex":0}}},{"from":[7.5714283,8.029511,7.756284],"to":[8.428572,11.458082,10.041999],"rotation":{"angle":0.0,"axis":"y","origin":[7.857143,0.029510498,6.041999]},"faces":{"east":{"uv":[0.0,4.25,0.5,5.0],"rotation":0,"texture":"#0","tintindex":0},"south":{"uv":[1.125,4.25,1.25,5.0],"rotation":0,"texture":"#0","tintindex":0},"north":{"uv":[0.5,4.25,0.625,5.0],"rotation":0,"texture":"#0","tintindex":0},"west":{"uv":[0.625,4.25,1.125,5.0],"rotation":0,"texture":"#0","tintindex":0},"up":{"uv":[0.625,4.25,0.5,3.75],"rotation":0,"texture":"#0","tintindex":0},"down":{"uv":[0.75,3.75,0.625,4.25],"rotation":0,"texture":"#0","tintindex":0}}}],"display":{"head":{"translation":[0.0,-6.4,0.0],"scale":[4.0,4.0,4.0]}}}