{"textures":{"0":"modelengine:entity/rocbrown"},"elements":[{"from":[7.1682925,4.4500732,7.998698],"to":[9.366308,9.868083,10.161821],"rotation":{"angle":-45.0,"axis":"x","origin":[8.267301,6.9190784,9.592259]},"faces":{"east":{"uv":[0.0,3.25,1.25,0.0],"rotation":180,"texture":"#0","tintindex":0},"south":{"uv":[0.0,3.25,1.25,0.0],"rotation":180,"texture":"#0","tintindex":0},"north":{"uv":[0.0,3.25,1.25,0.0],"rotation":180,"texture":"#0","tintindex":0},"west":{"uv":[0.0,3.25,1.25,0.0],"rotation":180,"texture":"#0","tintindex":0},"up":{"uv":[0.0,3.25,1.25,0.0],"rotation":180,"texture":"#0","tintindex":0},"down":{"uv":[0.0,3.25,1.25,0.0],"rotation":180,"texture":"#0","tintindex":0}}},{"from":[7.8082924,2.6900735,8.638698],"to":[8.726309,8.588083,10.065822],"rotation":{"angle":-45.0,"axis":"x","origin":[8.267301,6.9190784,9.592259]},"faces":{"east":{"uv":[4.0,3.25,5.0,0.0],"rotation":180,"texture":"#0","tintindex":0},"south":{"uv":[4.0,3.25,5.0,0.0],"rotation":180,"texture":"#0","tintindex":0},"north":{"uv":[4.0,3.25,5.0,0.0],"rotation":180,"texture":"#0","tintindex":0},"west":{"uv":[4.0,3.25,5.0,0.0],"rotation":180,"texture":"#0","tintindex":0},"up":{"uv":[4.0,3.25,5.0,0.0],"rotation":180,"texture":"#0","tintindex":0},"down":{"uv":[4.0,3.25,5.0,0.0],"rotation":180,"texture":"#0","tintindex":0}}},{"from":[9.197541,3.5541306,15.308515],"to":[10.032787,4.3893766,16.14376],"rotation":{"angle":0.0,"axis":"y","origin":[7.594606,4.1154804,15.27743]},"faces":{"east":{"uv":[4.0,0.75,4.5,0.0],"rotation":180,"texture":"#0","tintindex":0},"south":{"uv":[4.0,0.75,4.75,0.0],"rotation":180,"texture":"#0","tintindex":0},"north":{"uv":[4.0,0.75,4.5,0.0],"rotation":180,"texture":"#0","tintindex":0},"west":{"uv":[4.0,0.75,4.5,0.0],"rotation":180,"texture":"#0","tintindex":0},"up":{"uv":[4.0,0.75,4.5,0.0],"rotation":180,"texture":"#0","tintindex":0},"down":{"uv":[4.0,0.75,4.5,0.0],"rotation":180,"texture":"#0","tintindex":0}}},{"from":[6.9289713,3.5541306,15.308515],"to":[7.7642174,4.3893766,16.14376],"rotation":{"angle":0.0,"axis":"y","origin":[7.594606,4.1154804,15.27743]},"faces":{"east":{"uv":[4.0,0.75,4.5,0.0],"rotation":180,"texture":"#0","tintindex":0},"south":{"uv":[4.0,0.75,4.75,0.0],"rotation":180,"texture":"#0","tintindex":0},"north":{"uv":[4.0,0.75,4.5,0.0],"rotation":180,"texture":"#0","tintindex":0},"west":{"uv":[4.0,0.75,4.5,0.0],"rotation":180,"texture":"#0","tintindex":0},"up":{"uv":[4.0,0.75,4.5,0.0],"rotation":180,"texture":"#0","tintindex":0},"down":{"uv":[4.0,0.75,4.5,0.0],"rotation":180,"texture":"#0","tintindex":0}}},{"from":[8.063256,3.5541306,15.308515],"to":[8.898502,4.3893766,16.14376],"rotation":{"angle":0.0,"axis":"y","origin":[7.594606,4.1154804,15.27743]},"faces":{"east":{"uv":[4.0,0.75,4.5,0.0],"rotation":180,"texture":"#0","tintindex":0},"south":{"uv":[4.0,0.75,4.75,0.0],"rotation":180,"texture":"#0","tintindex":0},"north":{"uv":[4.0,0.75,4.5,0.0],"rotation":180,"texture":"#0","tintindex":0},"west":{"uv":[4.0,0.75,4.5,0.0],"rotation":180,"texture":"#0","tintindex":0},"up":{"uv":[4.0,0.75,4.5,0.0],"rotation":180,"texture":"#0","tintindex":0},"down":{"uv":[4.0,0.75,4.5,0.0],"rotation":180,"texture":"#0","tintindex":0}}},{"from":[9.475957,3.8949585,15.908311],"to":[9.754372,4.451789,16.465141],"rotation":{"angle":0.0,"axis":"y","origin":[7.594606,4.1154804,15.27743]},"faces":{"east":{"uv":[4.0,0.75,4.25,0.0],"rotation":180,"texture":"#0","tintindex":0},"south":{"uv":[4.0,0.75,4.25,0.0],"rotation":180,"texture":"#0","tintindex":0},"north":{"uv":[4.0,0.75,4.25,0.0],"rotation":180,"texture":"#0","tintindex":0},"west":{"uv":[4.0,0.75,4.25,0.0],"rotation":180,"texture":"#0","tintindex":0},"up":{"uv":[4.0,0.75,4.25,0.0],"rotation":180,"texture":"#0","tintindex":0},"down":{"uv":[4.0,0.75,4.25,0.0],"rotation":180,"texture":"#0","tintindex":0}}},{"from":[7.207387,3.8949585,15.908311],"to":[7.485802,4.451789,16.465141],"rotation":{"angle":0.0,"axis":"y","origin":[7.594606,4.1154804,15.27743]},"faces":{"east":{"uv":[4.0,0.75,4.25,0.0],"rotation":180,"texture":"#0","tintindex":0},"south":{"uv":[4.0,0.75,4.25,0.0],"rotation":180,"texture":"#0","tintindex":0},"north":{"uv":[4.0,0.75,4.25,0.0],"rotation":180,"texture":"#0","tintindex":0},"west":{"uv":[4.0,0.75,4.25,0.0],"rotation":180,"texture":"#0","tintindex":0},"up":{"uv":[4.0,0.75,4.25,0.0],"rotation":180,"texture":"#0","tintindex":0},"down":{"uv":[4.0,0.75,4.25,0.0],"rotation":180,"texture":"#0","tintindex":0}}},{"from":[8.341672,3.8949585,15.908311],"to":[8.620087,4.451789,16.465141],"rotation":{"angle":0.0,"axis":"y","origin":[7.594606,4.1154804,15.27743]},"faces":{"east":{"uv":[4.0,0.75,4.25,0.0],"rotation":180,"texture":"#0","tintindex":0},"south":{"uv":[4.0,0.75,4.25,0.0],"rotation":180,"texture":"#0","tintindex":0},"north":{"uv":[4.0,0.75,4.25,0.0],"rotation":180,"texture":"#0","tintindex":0},"west":{"uv":[4.0,0.75,4.25,0.0],"rotation":180,"texture":"#0","tintindex":0},"up":{"uv":[4.0,0.75,4.25,0.0],"rotation":180,"texture":"#0","tintindex":0},"down":{"uv":[4.0,0.75,4.25,0.0],"rotation":180,"texture":"#0","tintindex":0}}},{"from":[9.030492,3.172164,13.919512],"to":[10.144154,4.3693504,15.478639],"rotation":{"angle":0.0,"axis":"y","origin":[7.594606,4.1154804,15.27743]},"faces":{"east":{"uv":[4.0,1.0,4.75,0.0],"rotation":180,"texture":"#0","tintindex":0},"south":{"uv":[4.0,1.0,4.75,0.0],"rotation":180,"texture":"#0","tintindex":0},"north":{"uv":[4.0,1.0,4.75,0.0],"rotation":180,"texture":"#0","tintindex":0},"west":{"uv":[4.0,1.0,4.75,0.0],"rotation":180,"texture":"#0","tintindex":0},"up":{"uv":[4.0,1.0,4.75,0.0],"rotation":180,"texture":"#0","tintindex":0},"down":{"uv":[4.0,1.0,4.75,0.0],"rotation":180,"texture":"#0","tintindex":0}}},{"from":[6.7619224,3.172164,13.919512],"to":[7.8755836,4.3693504,15.478639],"rotation":{"angle":0.0,"axis":"y","origin":[7.594606,4.1154804,15.27743]},"faces":{"east":{"uv":[4.0,1.0,4.75,0.0],"rotation":180,"texture":"#0","tintindex":0},"south":{"uv":[4.0,1.0,4.75,0.0],"rotation":180,"texture":"#0","tintindex":0},"north":{"uv":[4.0,1.0,4.75,0.0],"rotation":180,"texture":"#0","tintindex":0},"west":{"uv":[4.0,1.0,4.75,0.0],"rotation":180,"texture":"#0","tintindex":0},"up":{"uv":[4.0,1.0,4.75,0.0],"rotation":180,"texture":"#0","tintindex":0},"down":{"uv":[4.0,1.0,4.75,0.0],"rotation":180,"texture":"#0","tintindex":0}}},{"from":[7.896207,3.172164,13.919512],"to":[9.009869,4.3693504,15.478639],"rotation":{"angle":0.0,"axis":"y","origin":[7.594606,4.1154804,15.27743]},"faces":{"east":{"uv":[4.0,1.0,4.75,0.0],"rotation":180,"texture":"#0","tintindex":0},"south":{"uv":[4.0,1.0,4.75,0.0],"rotation":180,"texture":"#0","tintindex":0},"north":{"uv":[4.0,1.0,4.75,0.0],"rotation":180,"texture":"#0","tintindex":0},"west":{"uv":[4.0,1.0,4.75,0.0],"rotation":180,"texture":"#0","tintindex":0},"up":{"uv":[4.0,1.0,4.75,0.0],"rotation":180,"texture":"#0","tintindex":0},"down":{"uv":[4.0,1.0,4.75,0.0],"rotation":180,"texture":"#0","tintindex":0}}},{"from":[7.22801,3.2503195,11.964022],"to":[9.455333,4.3639812,13.91293],"rotation":{"angle":0.0,"axis":"y","origin":[7.594606,4.1154804,15.27743]},"faces":{"east":{"uv":[4.0,1.25,5.25,0.0],"rotation":180,"texture":"#0","tintindex":0},"south":{"uv":[4.0,1.25,5.25,0.0],"rotation":180,"texture":"#0","tintindex":0},"north":{"uv":[4.0,1.25,5.25,0.0],"rotation":180,"texture":"#0","tintindex":0},"west":{"uv":[4.0,1.25,5.25,0.0],"rotation":180,"texture":"#0","tintindex":0},"up":{"uv":[4.0,1.25,5.25,0.0],"rotation":180,"texture":"#0","tintindex":0},"down":{"uv":[4.0,1.25,5.25,0.0],"rotation":180,"texture":"#0","tintindex":0}}}],"display":{"head":{"translation":[0.0,-6.4,0.0],"scale":[4.0,4.0,4.0]}}}