{"textures":{"0":"modelengine:entity/rocbrown"},"elements":[{"from":[5.250304,5.9990273,2.2330618],"to":[10.562176,10.092288,7.607629],"rotation":{"angle":0.0,"axis":"y","origin":[5.61664,3.1319036,7.579392]},"faces":{"east":{"uv":[0.0,3.75,3.5,0.0],"rotation":180,"texture":"#0","tintindex":0},"south":{"uv":[0.0,3.75,3.5,0.0],"rotation":180,"texture":"#0","tintindex":0},"north":{"uv":[0.0,3.75,3.5,0.0],"rotation":180,"texture":"#0","tintindex":0},"west":{"uv":[0.0,3.75,3.5,0.0],"rotation":180,"texture":"#0","tintindex":0},"up":{"uv":[0.0,3.75,3.5,0.0],"rotation":180,"texture":"#0","tintindex":0},"down":{"uv":[0.0,3.75,3.5,0.0],"rotation":180,"texture":"#0","tintindex":0}}},{"from":[6.0637693,6.6567335,0.7607975],"to":[9.748711,9.76524,4.3773866],"rotation":{"angle":0.0,"axis":"y","origin":[7.90624,8.85763,3.2230072]},"faces":{"east":{"uv":[0.0,3.75,3.5,0.0],"rotation":180,"texture":"#0","tintindex":0},"south":{"uv":[0.0,3.75,3.5,0.0],"rotation":180,"texture":"#0","tintindex":0},"north":{"uv":[0.0,3.75,3.5,0.0],"rotation":180,"texture":"#0","tintindex":0},"west":{"uv":[0.0,3.75,3.5,0.0],"rotation":180,"texture":"#0","tintindex":0},"up":{"uv":[0.0,3.75,3.5,0.0],"rotation":180,"texture":"#0","tintindex":0},"down":{"uv":[0.0,3.75,3.5,0.0],"rotation":180,"texture":"#0","tintindex":0}}},{"from":[5.599411,5.3569574,6.1364417],"to":[10.222772,9.057386,11.282375],"rotation":{"angle":22.5,"axis":"x","origin":[8.657228,6.5841827,9.157626]},"faces":{"east":{"uv":[0.0,3.75,3.5,0.0],"rotation":180,"texture":"#0","tintindex":0},"south":{"uv":[0.0,3.75,3.5,0.0],"rotation":180,"texture":"#0","tintindex":0},"north":{"uv":[0.0,3.75,3.5,0.0],"rotation":180,"texture":"#0","tintindex":0},"west":{"uv":[0.0,3.75,3.5,0.0],"rotation":180,"texture":"#0","tintindex":0},"up":{"uv":[0.0,3.75,3.5,0.0],"rotation":180,"texture":"#0","tintindex":0},"down":{"uv":[0.0,3.75,3.5,0.0],"rotation":180,"texture":"#0","tintindex":0}}},{"from":[5.5258365,7.9967523,11.099207],"to":[7.067981,8.316752,18.48514],"rotation":{"angle":-22.5,"axis":"y","origin":[6.296909,8.316752,14.792173]},"faces":{"east":{"uv":[7.75,3.75,8.0,7.0],"rotation":90,"texture":"#0","tintindex":0},"south":{"uv":[8.0,4.0,7.0,3.75],"rotation":180,"texture":"#0","tintindex":0},"north":{"uv":[8.0,4.0,7.0,3.75],"rotation":180,"texture":"#0","tintindex":0},"west":{"uv":[7.75,3.75,8.0,7.0],"rotation":90,"texture":"#0","tintindex":0},"up":{"uv":[8.0,7.0,7.25,3.75],"rotation":180,"texture":"#0","tintindex":0},"down":{"uv":[8.0,7.0,7.25,3.75],"rotation":180,"texture":"#0","tintindex":0}}},{"from":[8.740019,7.9967523,11.099207],"to":[10.282164,8.316752,18.48514],"rotation":{"angle":22.5,"axis":"y","origin":[9.511091,8.316752,14.792173]},"faces":{"east":{"uv":[7.75,7.0,8.0,3.75],"rotation":90,"texture":"#0","tintindex":0},"south":{"uv":[7.0,4.0,8.0,3.75],"rotation":180,"texture":"#0","tintindex":0},"north":{"uv":[7.0,4.0,8.0,3.75],"rotation":180,"texture":"#0","tintindex":0},"west":{"uv":[7.75,7.0,8.0,3.75],"rotation":90,"texture":"#0","tintindex":0},"up":{"uv":[7.25,7.0,8.0,3.75],"rotation":180,"texture":"#0","tintindex":0},"down":{"uv":[7.25,7.0,8.0,3.75],"rotation":180,"texture":"#0","tintindex":0}}},{"from":[4.7578363,7.6767526,10.459207],"to":[6.2999806,7.9967523,17.84514],"rotation":{"angle":-45.0,"axis":"y","origin":[5.5289087,7.9967523,14.152174]},"faces":{"east":{"uv":[7.75,3.75,8.0,7.0],"rotation":90,"texture":"#0","tintindex":0},"south":{"uv":[8.0,4.0,7.0,3.75],"rotation":180,"texture":"#0","tintindex":0},"north":{"uv":[8.0,4.0,7.0,3.75],"rotation":180,"texture":"#0","tintindex":0},"west":{"uv":[7.75,3.75,8.0,7.0],"rotation":90,"texture":"#0","tintindex":0},"up":{"uv":[8.0,7.0,7.25,3.75],"rotation":180,"texture":"#0","tintindex":0},"down":{"uv":[8.0,7.0,7.25,3.75],"rotation":180,"texture":"#0","tintindex":0}}},{"from":[9.380019,7.6767526,10.459207],"to":[10.922163,7.9967523,17.84514],"rotation":{"angle":45.0,"axis":"y","origin":[10.151092,7.9967523,14.152174]},"faces":{"east":{"uv":[7.75,7.0,8.0,3.75],"rotation":90,"texture":"#0","tintindex":0},"south":{"uv":[7.0,4.0,8.0,3.75],"rotation":180,"texture":"#0","tintindex":0},"north":{"uv":[7.0,4.0,8.0,3.75],"rotation":180,"texture":"#0","tintindex":0},"west":{"uv":[7.75,7.0,8.0,3.75],"rotation":90,"texture":"#0","tintindex":0},"up":{"uv":[7.25,7.0,8.0,3.75],"rotation":180,"texture":"#0","tintindex":0},"down":{"uv":[7.25,7.0,8.0,3.75],"rotation":180,"texture":"#0","tintindex":0}}},{"from":[7.1400194,8.156753,11.099207],"to":[8.682163,8.476752,18.48514],"rotation":{"angle":0.0,"axis":"y","origin":[8.657228,8.344183,9.157626]},"faces":{"east":{"uv":[7.75,7.0,8.0,3.75],"rotation":90,"texture":"#0","tintindex":0},"south":{"uv":[8.0,4.0,7.0,3.75],"rotation":180,"texture":"#0","tintindex":0},"north":{"uv":[8.0,4.0,7.0,3.75],"rotation":180,"texture":"#0","tintindex":0},"west":{"uv":[7.75,7.0,8.0,3.75],"rotation":90,"texture":"#0","tintindex":0},"up":{"uv":[7.25,7.0,8.0,3.75],"rotation":180,"texture":"#0","tintindex":0},"down":{"uv":[7.25,7.0,8.0,3.75],"rotation":180,"texture":"#0","tintindex":0}}}],"display":{"head":{"translation":[0.0,-6.4,0.0],"scale":[4.0,4.0,4.0]}}}