{
	"parent": "minecraft:item/generated",
	"textures": {
		"layer0": "minecraft:item/leather_leggings",
        "layer1": "minecraft:item/leather_leggings_overlay"
	},
    "overrides": [
    {
      "predicate": {
        "trim_type": 0.1
      },
      "model": "minecraft:item/leather_leggings_quartz_trim"
    },
    {
      "predicate": {
        "trim_type": 0.2
      },
      "model": "minecraft:item/leather_leggings_iron_trim"
    },
    {
      "predicate": {
        "trim_type": 0.3
      },
      "model": "minecraft:item/leather_leggings_netherite_trim"
    },
    {
      "predicate": {
        "trim_type": 0.4
      },
      "model": "minecraft:item/leather_leggings_redstone_trim"
    },
    {
      "predicate": {
        "trim_type": 0.5
      },
      "model": "minecraft:item/leather_leggings_copper_trim"
    },
    {
      "predicate": {
        "trim_type": 0.6
      },
      "model": "minecraft:item/leather_leggings_gold_trim"
    },
    {
      "predicate": {
        "trim_type": 0.7
      },
      "model": "minecraft:item/leather_leggings_emerald_trim"
    },
    {
      "predicate": {
        "trim_type": 0.8
      },
      "model": "minecraft:item/leather_leggings_diamond_trim"
    },
    {
      "predicate": {
        "trim_type": 0.9
      },
      "model": "minecraft:item/leather_leggings_lapis_trim"
    },
    {
      "predicate": {
        "trim_type": 1
      },
      "model": "minecraft:item/leather_leggings_amethyst_trim"
    },
    {"predicate": {"custom_model_data": 1}, "model": "minecraft:item/aura/aura_txt"}
  ]
}