{"parent":"minecraft:item/generated","textures":{"layer0":"minecraft:item/leather_horse_armor"},"overrides":[{"predicate":{"custom_model_data":1},"model":"modelengine:bug/bug"},{"predicate":{"custom_model_data":2},"model":"modelengine:bug/right_wing"},{"predicate":{"custom_model_data":3},"model":"modelengine:bug/left_wing"},{"predicate":{"custom_model_data":4},"model":"modelengine:zabuza/neck"},{"predicate":{"custom_model_data":5},"model":"modelengine:zabuza/head"},{"predicate":{"custom_model_data":6},"model":"modelengine:zabuza/head_gear"},{"predicate":{"custom_model_data":7},"model":"modelengine:zabuza/body"},{"predicate":{"custom_model_data":8},"model":"modelengine:zabuza/leftarm"},{"predicate":{"custom_model_data":9},"model":"modelengine:zabuza/leftfrontarm"},{"predicate":{"custom_model_data":10},"model":"modelengine:zabuza/lefthand"},{"predicate":{"custom_model_data":11},"model":"modelengine:zabuza/rightarm"},{"predicate":{"custom_model_data":12},"model":"modelengine:zabuza/rightfrontarm"},{"predicate":{"custom_model_data":13},"model":"modelengine:zabuza/righthand"},{"predicate":{"custom_model_data":14},"model":"modelengine:zabuza/sword"},{"predicate":{"custom_model_data":15},"model":"modelengine:zabuza/blade"},{"predicate":{"custom_model_data":16},"model":"modelengine:zabuza/hip"},{"predicate":{"custom_model_data":17},"model":"modelengine:zabuza/leftleg"},{"predicate":{"custom_model_data":18},"model":"modelengine:zabuza/leftfrontleg"},{"predicate":{"custom_model_data":19},"model":"modelengine:zabuza/leftfoot"},{"predicate":{"custom_model_data":20},"model":"modelengine:zabuza/rightleg"},{"predicate":{"custom_model_data":21},"model":"modelengine:zabuza/rightfrontleg"},{"predicate":{"custom_model_data":22},"model":"modelengine:zabuza/rightfoot"},{"predicate":{"custom_model_data":23},"model":"modelengine:chakra_shark/top_fin"},{"predicate":{"custom_model_data":24},"model":"modelengine:chakra_shark/right_fin"},{"predicate":{"custom_model_data":25},"model":"modelengine:chakra_shark/left_fin"},{"predicate":{"custom_model_data":26},"model":"modelengine:chakra_shark/lower_body"},{"predicate":{"custom_model_data":27},"model":"modelengine:chakra_shark/lower_body2"},{"predicate":{"custom_model_data":28},"model":"modelengine:chakra_shark/tail"},{"predicate":{"custom_model_data":29},"model":"modelengine:chakra_shark/body"},{"predicate":{"custom_model_data":30},"model":"modelengine:chakra_shark/head"},{"predicate":{"custom_model_data":31},"model":"modelengine:chakra_shark/jaw"},{"predicate":{"custom_model_data":32},"model":"modelengine:chakrawolf/torso"},{"predicate":{"custom_model_data":33},"model":"modelengine:chakrawolf/leftleg"},{"predicate":{"custom_model_data":34},"model":"modelengine:chakrawolf/leftleg_low"},{"predicate":{"custom_model_data":35},"model":"modelengine:chakrawolf/rightleg"},{"predicate":{"custom_model_data":36},"model":"modelengine:chakrawolf/rightleg_low"},{"predicate":{"custom_model_data":37},"model":"modelengine:chakrawolf/leftarm"},{"predicate":{"custom_model_data":38},"model":"modelengine:chakrawolf/leftarm_low"},{"predicate":{"custom_model_data":39},"model":"modelengine:chakrawolf/rightarm"},{"predicate":{"custom_model_data":40},"model":"modelengine:chakrawolf/rightarm_low"},{"predicate":{"custom_model_data":41},"model":"modelengine:chakrawolf/tail"},{"predicate":{"custom_model_data":42},"model":"modelengine:chakrawolf/head"},{"predicate":{"custom_model_data":43},"model":"modelengine:chakrawolf/yaw"},{"predicate":{"custom_model_data":44},"model":"modelengine:dragon_body_eff/body"},{"predicate":{"custom_model_data":45},"model":"modelengine:dragon_body_eff/bone"},{"predicate":{"custom_model_data":46},"model":"modelengine:dragon_head_effect/head"},{"predicate":{"custom_model_data":47},"model":"modelengine:dragon_head_effect/jaw"},{"predicate":{"custom_model_data":48},"model":"modelengine:dragon_head_effect/teeth"},{"predicate":{"custom_model_data":49},"model":"modelengine:dragon_head_effect/teeth_ext"},{"predicate":{"custom_model_data":50},"model":"modelengine:dragon_head_effect/teeth2"},{"predicate":{"custom_model_data":51},"model":"modelengine:dragon_head_effect/teeth_ext2"},{"predicate":{"custom_model_data":52},"model":"modelengine:dragon_head_effect/spike1"},{"predicate":{"custom_model_data":53},"model":"modelengine:dragon_head_effect/spike4"},{"predicate":{"custom_model_data":54},"model":"modelengine:dragon_head_effect/spike2"},{"predicate":{"custom_model_data":55},"model":"modelengine:dragon_head_effect/spike3"},{"predicate":{"custom_model_data":56},"model":"modelengine:dragon_head_effect/spike5"},{"predicate":{"custom_model_data":57},"model":"modelengine:dragon_head_effect/spike6"},{"predicate":{"custom_model_data":58},"model":"modelengine:dragon_head_effect/teethupper"},{"predicate":{"custom_model_data":59},"model":"modelengine:dragon_head_effect/teethupper2"},{"predicate":{"custom_model_data":60},"model":"modelengine:gamabunta/body"},{"predicate":{"custom_model_data":61},"model":"modelengine:gamabunta/chest"},{"predicate":{"custom_model_data":62},"model":"modelengine:gamabunta/head"},{"predicate":{"custom_model_data":63},"model":"modelengine:gamabunta/lowerjaw"},{"predicate":{"custom_model_data":64},"model":"modelengine:gamabunta/rshoulder"},{"predicate":{"custom_model_data":65},"model":"modelengine:gamabunta/rarm"},{"predicate":{"custom_model_data":66},"model":"modelengine:gamabunta/rforearm"},{"predicate":{"custom_model_data":67},"model":"modelengine:gamabunta/rpalm"},{"predicate":{"custom_model_data":68},"model":"modelengine:gamabunta/rthumb"},{"predicate":{"custom_model_data":69},"model":"modelengine:gamabunta/rthumbtip"},{"predicate":{"custom_model_data":70},"model":"modelengine:gamabunta/rf1"},{"predicate":{"custom_model_data":71},"model":"modelengine:gamabunta/rf1t"},{"predicate":{"custom_model_data":72},"model":"modelengine:gamabunta/rf2"},{"predicate":{"custom_model_data":73},"model":"modelengine:gamabunta/rf2t"},{"predicate":{"custom_model_data":74},"model":"modelengine:gamabunta/rf3"},{"predicate":{"custom_model_data":75},"model":"modelengine:gamabunta/rf3t"},{"predicate":{"custom_model_data":76},"model":"modelengine:gamabunta/lshoulder"},{"predicate":{"custom_model_data":77},"model":"modelengine:gamabunta/larm"},{"predicate":{"custom_model_data":78},"model":"modelengine:gamabunta/lforearm"},{"predicate":{"custom_model_data":79},"model":"modelengine:gamabunta/sword"},{"predicate":{"custom_model_data":80},"model":"modelengine:gamabunta/lpalm"},{"predicate":{"custom_model_data":81},"model":"modelengine:gamabunta/lthumb"},{"predicate":{"custom_model_data":82},"model":"modelengine:gamabunta/lthumbtip"},{"predicate":{"custom_model_data":83},"model":"modelengine:gamabunta/lf1"},{"predicate":{"custom_model_data":84},"model":"modelengine:gamabunta/lf1t1"},{"predicate":{"custom_model_data":85},"model":"modelengine:gamabunta/lf2"},{"predicate":{"custom_model_data":86},"model":"modelengine:gamabunta/lf2t2"},{"predicate":{"custom_model_data":87},"model":"modelengine:gamabunta/lf3"},{"predicate":{"custom_model_data":88},"model":"modelengine:gamabunta/lf3t3"},{"predicate":{"custom_model_data":89},"model":"modelengine:gamabunta/lowerbody"},{"predicate":{"custom_model_data":90},"model":"modelengine:gamabunta/rthigh"},{"predicate":{"custom_model_data":91},"model":"modelengine:gamabunta/rleg"},{"predicate":{"custom_model_data":92},"model":"modelengine:gamabunta/rfoot"},{"predicate":{"custom_model_data":93},"model":"modelengine:gamabunta/rtoes"},{"predicate":{"custom_model_data":94},"model":"modelengine:gamabunta/lthigh"},{"predicate":{"custom_model_data":95},"model":"modelengine:gamabunta/lleg"},{"predicate":{"custom_model_data":96},"model":"modelengine:gamabunta/lfoot"},{"predicate":{"custom_model_data":97},"model":"modelengine:gamabunta/ltoes"},{"predicate":{"custom_model_data":98},"model":"modelengine:large_chakra_shark/top_fin"},{"predicate":{"custom_model_data":99},"model":"modelengine:large_chakra_shark/right_fin"},{"predicate":{"custom_model_data":100},"model":"modelengine:large_chakra_shark/left_fin"},{"predicate":{"custom_model_data":101},"model":"modelengine:large_chakra_shark/lower_body"},{"predicate":{"custom_model_data":102},"model":"modelengine:large_chakra_shark/lower_body2"},{"predicate":{"custom_model_data":103},"model":"modelengine:large_chakra_shark/tail"},{"predicate":{"custom_model_data":104},"model":"modelengine:large_chakra_shark/body"},{"predicate":{"custom_model_data":105},"model":"modelengine:large_chakra_shark/head"},{"predicate":{"custom_model_data":106},"model":"modelengine:large_chakra_shark/jaw"},{"predicate":{"custom_model_data":107},"model":"modelengine:mandaedit/crest"},{"predicate":{"custom_model_data":108},"model":"modelengine:mandaedit/head"},{"predicate":{"custom_model_data":109},"model":"modelengine:mandaedit/lowerjaw"},{"predicate":{"custom_model_data":110},"model":"modelengine:mandaedit/bone"},{"predicate":{"custom_model_data":111},"model":"modelengine:mandaedit/t1"},{"predicate":{"custom_model_data":112},"model":"modelengine:mandaedit/t2"},{"predicate":{"custom_model_data":113},"model":"modelengine:mandaedit/t3"},{"predicate":{"custom_model_data":114},"model":"modelengine:mandaedit/t4"},{"predicate":{"custom_model_data":115},"model":"modelengine:mandaedit/t5"},{"predicate":{"custom_model_data":116},"model":"modelengine:mandaedit/t6"},{"predicate":{"custom_model_data":117},"model":"modelengine:mandaedit/t7"},{"predicate":{"custom_model_data":118},"model":"modelengine:mandaedit/t8"},{"predicate":{"custom_model_data":119},"model":"modelengine:mandaedit/tt1"},{"predicate":{"custom_model_data":120},"model":"modelengine:mandaedit/tt2"},{"predicate":{"custom_model_data":121},"model":"modelengine:mandaedit/tt3"},{"predicate":{"custom_model_data":122},"model":"modelengine:npcgreeting/head"},{"predicate":{"custom_model_data":123},"model":"modelengine:paladin_wings/paladin_wings"},{"predicate":{"custom_model_data":124},"model":"modelengine:paladin_wings/left_wing"},{"predicate":{"custom_model_data":125},"model":"modelengine:paladin_wings/left_wing_end"},{"predicate":{"custom_model_data":126},"model":"modelengine:paladin_wings/right_wing"},{"predicate":{"custom_model_data":127},"model":"modelengine:paladin_wings/right_wing_end"},{"predicate":{"custom_model_data":128},"model":"modelengine:quest_dwarf/torso"},{"predicate":{"custom_model_data":129},"model":"modelengine:quest_dwarf/legs"},{"predicate":{"custom_model_data":130},"model":"modelengine:quest_dwarf/foot"},{"predicate":{"custom_model_data":131},"model":"modelengine:quest_dwarf/legs2"},{"predicate":{"custom_model_data":132},"model":"modelengine:quest_dwarf/foot2"},{"predicate":{"custom_model_data":133},"model":"modelengine:quest_dwarf/right_arm2"},{"predicate":{"custom_model_data":134},"model":"modelengine:quest_dwarf/right_forearm2"},{"predicate":{"custom_model_data":135},"model":"modelengine:quest_dwarf/left_hand"},{"predicate":{"custom_model_data":136},"model":"modelengine:quest_dwarf/left_arm2"},{"predicate":{"custom_model_data":137},"model":"modelengine:quest_dwarf/left_forearm2"},{"predicate":{"custom_model_data":138},"model":"modelengine:quest_dwarf/left_hand2"},{"predicate":{"custom_model_data":139},"model":"modelengine:quest_dwarf/head"},{"predicate":{"custom_model_data":140},"model":"modelengine:quest_dwarf/axe"},{"predicate":{"custom_model_data":141},"model":"modelengine:quest_elf/torso"},{"predicate":{"custom_model_data":142},"model":"modelengine:quest_elf/quiver"},{"predicate":{"custom_model_data":143},"model":"modelengine:quest_elf/left_leg"},{"predicate":{"custom_model_data":144},"model":"modelengine:quest_elf/left_foot"},{"predicate":{"custom_model_data":145},"model":"modelengine:quest_elf/right_leg"},{"predicate":{"custom_model_data":146},"model":"modelengine:quest_elf/right_foot"},{"predicate":{"custom_model_data":147},"model":"modelengine:quest_elf/left_arm"},{"predicate":{"custom_model_data":148},"model":"modelengine:quest_elf/left_forearm"},{"predicate":{"custom_model_data":149},"model":"modelengine:quest_elf/left_hand"},{"predicate":{"custom_model_data":150},"model":"modelengine:quest_elf/right_arm"},{"predicate":{"custom_model_data":151},"model":"modelengine:quest_elf/right_forearm"},{"predicate":{"custom_model_data":152},"model":"modelengine:quest_elf/right_hand"},{"predicate":{"custom_model_data":153},"model":"modelengine:quest_elf/head"},{"predicate":{"custom_model_data":154},"model":"modelengine:quest_elf/hair"},{"predicate":{"custom_model_data":155},"model":"modelengine:quest_graywizard/torso"},{"predicate":{"custom_model_data":156},"model":"modelengine:quest_graywizard/legs"},{"predicate":{"custom_model_data":157},"model":"modelengine:quest_graywizard/right_arm"},{"predicate":{"custom_model_data":158},"model":"modelengine:quest_graywizard/right_forearm"},{"predicate":{"custom_model_data":159},"model":"modelengine:quest_graywizard/right_hand"},{"predicate":{"custom_model_data":160},"model":"modelengine:quest_graywizard/left_arm"},{"predicate":{"custom_model_data":161},"model":"modelengine:quest_graywizard/left_forearm"},{"predicate":{"custom_model_data":162},"model":"modelengine:quest_graywizard/left_hand"},{"predicate":{"custom_model_data":163},"model":"modelengine:quest_graywizard/head"},{"predicate":{"custom_model_data":164},"model":"modelengine:quest_graywizard/beard"},{"predicate":{"custom_model_data":165},"model":"modelengine:quest_halfling/torso"},{"predicate":{"custom_model_data":166},"model":"modelengine:quest_halfling/pan"},{"predicate":{"custom_model_data":167},"model":"modelengine:quest_halfling/legs"},{"predicate":{"custom_model_data":168},"model":"modelengine:quest_halfling/foot"},{"predicate":{"custom_model_data":169},"model":"modelengine:quest_halfling/legs2"},{"predicate":{"custom_model_data":170},"model":"modelengine:quest_halfling/foot2"},{"predicate":{"custom_model_data":171},"model":"modelengine:quest_halfling/right_arm"},{"predicate":{"custom_model_data":172},"model":"modelengine:quest_halfling/right_forearm"},{"predicate":{"custom_model_data":173},"model":"modelengine:quest_halfling/right_hand"},{"predicate":{"custom_model_data":174},"model":"modelengine:quest_halfling/right_arm2"},{"predicate":{"custom_model_data":175},"model":"modelengine:quest_halfling/right_forearm2"},{"predicate":{"custom_model_data":176},"model":"modelengine:quest_halfling/left_hand"},{"predicate":{"custom_model_data":177},"model":"modelengine:quest_halfling/head"},{"predicate":{"custom_model_data":178},"model":"modelengine:quest_marker/available"},{"predicate":{"custom_model_data":179},"model":"modelengine:quest_marker_parts/reward"},{"predicate":{"custom_model_data":180},"model":"modelengine:quest_marker_parts/in_progress"},{"predicate":{"custom_model_data":181},"model":"modelengine:quest_parts/quest_elf_hand"},{"predicate":{"custom_model_data":182},"model":"modelengine:quest_parts/quest_halfling_hand"},{"predicate":{"custom_model_data":183},"model":"modelengine:quest_parts/quest_dwarf_hand"},{"predicate":{"custom_model_data":184},"model":"modelengine:quest_parts/quest_graywizard_hand"},{"predicate":{"custom_model_data":185},"model":"modelengine:shinobi/chest"},{"predicate":{"custom_model_data":186},"model":"modelengine:shinobi/right_arm"},{"predicate":{"custom_model_data":187},"model":"modelengine:shinobi/right_arm_lower"},{"predicate":{"custom_model_data":188},"model":"modelengine:shinobi/left_arm"},{"predicate":{"custom_model_data":189},"model":"modelengine:shinobi/left_arm_lower"},{"predicate":{"custom_model_data":190},"model":"modelengine:shinobi/head"},{"predicate":{"custom_model_data":191},"model":"modelengine:shinobi/right_leg"},{"predicate":{"custom_model_data":192},"model":"modelengine:shinobi/right_leg_lower"},{"predicate":{"custom_model_data":193},"model":"modelengine:shinobi/left_leg"},{"predicate":{"custom_model_data":194},"model":"modelengine:shinobi/left_leg_lower"},{"predicate":{"custom_model_data":195},"model":"modelengine:shinobi2/chest"},{"predicate":{"custom_model_data":196},"model":"modelengine:shinobi2/neck"},{"predicate":{"custom_model_data":197},"model":"modelengine:shinobi2/head"},{"predicate":{"custom_model_data":198},"model":"modelengine:shinobi2/left_arm"},{"predicate":{"custom_model_data":199},"model":"modelengine:shinobi2/left_forearm"},{"predicate":{"custom_model_data":200},"model":"modelengine:shinobi2/left_hand"},{"predicate":{"custom_model_data":201},"model":"modelengine:shinobi2/right_arm"},{"predicate":{"custom_model_data":202},"model":"modelengine:shinobi2/right_forearm"},{"predicate":{"custom_model_data":203},"model":"modelengine:shinobi2/right_hand"},{"predicate":{"custom_model_data":204},"model":"modelengine:shinobi2/kunai"},{"predicate":{"custom_model_data":205},"model":"modelengine:shinobi2/left_thigh"},{"predicate":{"custom_model_data":206},"model":"modelengine:shinobi2/left_leg"},{"predicate":{"custom_model_data":207},"model":"modelengine:shinobi2/right_thigh"},{"predicate":{"custom_model_data":208},"model":"modelengine:shinobi2/right_leg"},{"predicate":{"custom_model_data":209},"model":"modelengine:shinobi2/torso"},{"predicate":{"custom_model_data":1000},"model":"modelengine:babydeer/torso"},{"predicate":{"custom_model_data":1001},"model":"modelengine:babydeer/neck"},{"predicate":{"custom_model_data":1002},"model":"modelengine:babydeer/head"},{"predicate":{"custom_model_data":1003},"model":"modelengine:babydeer/leftleg"},{"predicate":{"custom_model_data":1004},"model":"modelengine:babydeer/leftleg_low"},{"predicate":{"custom_model_data":1005},"model":"modelengine:babydeer/rightleg"},{"predicate":{"custom_model_data":1006},"model":"modelengine:babydeer/rightleg_low"},{"predicate":{"custom_model_data":1007},"model":"modelengine:babydeer/leftarm"},{"predicate":{"custom_model_data":1008},"model":"modelengine:babydeer/leftarm_low"},{"predicate":{"custom_model_data":1009},"model":"modelengine:babydeer/rightarm"},{"predicate":{"custom_model_data":1010},"model":"modelengine:babydeer/rightarm_low"},{"predicate":{"custom_model_data":1011},"model":"modelengine:blackeagle/head"},{"predicate":{"custom_model_data":1012},"model":"modelengine:blackeagle/torso"},{"predicate":{"custom_model_data":1013},"model":"modelengine:blackeagle/rightleg"},{"predicate":{"custom_model_data":1014},"model":"modelengine:blackeagle/leftleg"},{"predicate":{"custom_model_data":1015},"model":"modelengine:blackeagle/leftwing"},{"predicate":{"custom_model_data":1016},"model":"modelengine:blackeagle/rightwing"},{"predicate":{"custom_model_data":1017},"model":"modelengine:blackwolf/torso"},{"predicate":{"custom_model_data":1018},"model":"modelengine:blackwolf/leftleg"},{"predicate":{"custom_model_data":1019},"model":"modelengine:blackwolf/leftleg_low"},{"predicate":{"custom_model_data":1020},"model":"modelengine:blackwolf/rightleg"},{"predicate":{"custom_model_data":1021},"model":"modelengine:blackwolf/rightleg_low"},{"predicate":{"custom_model_data":1022},"model":"modelengine:blackwolf/leftarm"},{"predicate":{"custom_model_data":1023},"model":"modelengine:blackwolf/leftarm_low"},{"predicate":{"custom_model_data":1024},"model":"modelengine:blackwolf/rightarm"},{"predicate":{"custom_model_data":1025},"model":"modelengine:blackwolf/rightarm_low"},{"predicate":{"custom_model_data":1026},"model":"modelengine:blackwolf/tail"},{"predicate":{"custom_model_data":1027},"model":"modelengine:blackwolf/head"},{"predicate":{"custom_model_data":1028},"model":"modelengine:blackwolf/yaw"},{"predicate":{"custom_model_data":1029},"model":"modelengine:bluegraywolf/torso"},{"predicate":{"custom_model_data":1030},"model":"modelengine:bluegraywolf/leftleg"},{"predicate":{"custom_model_data":1031},"model":"modelengine:bluegraywolf/leftleg_low"},{"predicate":{"custom_model_data":1032},"model":"modelengine:bluegraywolf/rightleg"},{"predicate":{"custom_model_data":1033},"model":"modelengine:bluegraywolf/rightleg_low"},{"predicate":{"custom_model_data":1034},"model":"modelengine:bluegraywolf/leftarm"},{"predicate":{"custom_model_data":1035},"model":"modelengine:bluegraywolf/leftarm_low"},{"predicate":{"custom_model_data":1036},"model":"modelengine:bluegraywolf/rightarm"},{"predicate":{"custom_model_data":1037},"model":"modelengine:bluegraywolf/rightarm_low"},{"predicate":{"custom_model_data":1038},"model":"modelengine:bluegraywolf/tail"},{"predicate":{"custom_model_data":1039},"model":"modelengine:bluegraywolf/head"},{"predicate":{"custom_model_data":1040},"model":"modelengine:bluegraywolf/yaw"},{"predicate":{"custom_model_data":1041},"model":"modelengine:boar/torso"},{"predicate":{"custom_model_data":1042},"model":"modelengine:boar/neck"},{"predicate":{"custom_model_data":1043},"model":"modelengine:boar/leftarm"},{"predicate":{"custom_model_data":1044},"model":"modelengine:boar/leftarm2"},{"predicate":{"custom_model_data":1045},"model":"modelengine:boar/rightarm"},{"predicate":{"custom_model_data":1046},"model":"modelengine:boar/rightarm2"},{"predicate":{"custom_model_data":1047},"model":"modelengine:boar/leftleg"},{"predicate":{"custom_model_data":1048},"model":"modelengine:boar/leftleg2"},{"predicate":{"custom_model_data":1049},"model":"modelengine:boar/rightleg"},{"predicate":{"custom_model_data":1050},"model":"modelengine:boar/rightleg2"},{"predicate":{"custom_model_data":1051},"model":"modelengine:boar_baby/torso"},{"predicate":{"custom_model_data":1052},"model":"modelengine:boar_baby/neck"},{"predicate":{"custom_model_data":1053},"model":"modelengine:boar_baby/leftarm"},{"predicate":{"custom_model_data":1054},"model":"modelengine:boar_baby/leftarm2"},{"predicate":{"custom_model_data":1055},"model":"modelengine:boar_baby/rightarm"},{"predicate":{"custom_model_data":1056},"model":"modelengine:boar_baby/rightarm2"},{"predicate":{"custom_model_data":1057},"model":"modelengine:boar_baby/leftleg"},{"predicate":{"custom_model_data":1058},"model":"modelengine:boar_baby/leftleg2"},{"predicate":{"custom_model_data":1059},"model":"modelengine:boar_baby/rightleg"},{"predicate":{"custom_model_data":1060},"model":"modelengine:boar_baby/rightleg2"},{"predicate":{"custom_model_data":1061},"model":"modelengine:boar_female/torso"},{"predicate":{"custom_model_data":1062},"model":"modelengine:boar_female/neck"},{"predicate":{"custom_model_data":1063},"model":"modelengine:boar_female/leftarm"},{"predicate":{"custom_model_data":1064},"model":"modelengine:boar_female/leftarm2"},{"predicate":{"custom_model_data":1065},"model":"modelengine:boar_female/rightarm"},{"predicate":{"custom_model_data":1066},"model":"modelengine:boar_female/rightarm2"},{"predicate":{"custom_model_data":1067},"model":"modelengine:boar_female/leftleg"},{"predicate":{"custom_model_data":1068},"model":"modelengine:boar_female/leftleg2"},{"predicate":{"custom_model_data":1069},"model":"modelengine:boar_female/rightleg"},{"predicate":{"custom_model_data":1070},"model":"modelengine:boar_female/rightleg2"},{"predicate":{"custom_model_data":1071},"model":"modelengine:browneagle/head"},{"predicate":{"custom_model_data":1072},"model":"modelengine:browneagle/torso"},{"predicate":{"custom_model_data":1073},"model":"modelengine:browneagle/rightleg"},{"predicate":{"custom_model_data":1074},"model":"modelengine:browneagle/leftleg"},{"predicate":{"custom_model_data":1075},"model":"modelengine:browneagle/leftwing"},{"predicate":{"custom_model_data":1076},"model":"modelengine:browneagle/rightwing"},{"predicate":{"custom_model_data":1077},"model":"modelengine:brownheadeagle/head"},{"predicate":{"custom_model_data":1078},"model":"modelengine:brownheadeagle/torso"},{"predicate":{"custom_model_data":1079},"model":"modelengine:brownheadeagle/rightleg"},{"predicate":{"custom_model_data":1080},"model":"modelengine:brownheadeagle/leftleg"},{"predicate":{"custom_model_data":1081},"model":"modelengine:brownheadeagle/leftwing"},{"predicate":{"custom_model_data":1082},"model":"modelengine:brownheadeagle/rightwing"},{"predicate":{"custom_model_data":1083},"model":"modelengine:brownwolf/torso"},{"predicate":{"custom_model_data":1084},"model":"modelengine:brownwolf/leftleg"},{"predicate":{"custom_model_data":1085},"model":"modelengine:brownwolf/leftleg_low"},{"predicate":{"custom_model_data":1086},"model":"modelengine:brownwolf/rightleg"},{"predicate":{"custom_model_data":1087},"model":"modelengine:brownwolf/rightleg_low"},{"predicate":{"custom_model_data":1088},"model":"modelengine:brownwolf/leftarm"},{"predicate":{"custom_model_data":1089},"model":"modelengine:brownwolf/leftarm_low"},{"predicate":{"custom_model_data":1090},"model":"modelengine:brownwolf/rightarm"},{"predicate":{"custom_model_data":1091},"model":"modelengine:brownwolf/rightarm_low"},{"predicate":{"custom_model_data":1092},"model":"modelengine:brownwolf/tail"},{"predicate":{"custom_model_data":1093},"model":"modelengine:brownwolf/head"},{"predicate":{"custom_model_data":1094},"model":"modelengine:brownwolf/yaw"},{"predicate":{"custom_model_data":1095},"model":"modelengine:darkbrownwolf/torso"},{"predicate":{"custom_model_data":1096},"model":"modelengine:darkbrownwolf/leftleg"},{"predicate":{"custom_model_data":1097},"model":"modelengine:darkbrownwolf/leftleg_low"},{"predicate":{"custom_model_data":1098},"model":"modelengine:darkbrownwolf/rightleg"},{"predicate":{"custom_model_data":1099},"model":"modelengine:darkbrownwolf/rightleg_low"},{"predicate":{"custom_model_data":1100},"model":"modelengine:darkbrownwolf/leftarm"},{"predicate":{"custom_model_data":1101},"model":"modelengine:darkbrownwolf/leftarm_low"},{"predicate":{"custom_model_data":1102},"model":"modelengine:darkbrownwolf/rightarm"},{"predicate":{"custom_model_data":1103},"model":"modelengine:darkbrownwolf/rightarm_low"},{"predicate":{"custom_model_data":1104},"model":"modelengine:darkbrownwolf/tail"},{"predicate":{"custom_model_data":1105},"model":"modelengine:darkbrownwolf/head"},{"predicate":{"custom_model_data":1106},"model":"modelengine:darkbrownwolf/yaw"},{"predicate":{"custom_model_data":1107},"model":"modelengine:deer/torso"},{"predicate":{"custom_model_data":1108},"model":"modelengine:deer/neck"},{"predicate":{"custom_model_data":1109},"model":"modelengine:deer/head"},{"predicate":{"custom_model_data":1110},"model":"modelengine:deer/leftleg"},{"predicate":{"custom_model_data":1111},"model":"modelengine:deer/leftleg_low"},{"predicate":{"custom_model_data":1112},"model":"modelengine:deer/rightleg"},{"predicate":{"custom_model_data":1113},"model":"modelengine:deer/rightleg_low"},{"predicate":{"custom_model_data":1114},"model":"modelengine:deer/leftarm"},{"predicate":{"custom_model_data":1115},"model":"modelengine:deer/leftarm_low"},{"predicate":{"custom_model_data":1116},"model":"modelengine:deer/rightarm"},{"predicate":{"custom_model_data":1117},"model":"modelengine:deer/rightarm_low"},{"predicate":{"custom_model_data":1118},"model":"modelengine:evilwolf/torso"},{"predicate":{"custom_model_data":1119},"model":"modelengine:evilwolf/leftleg"},{"predicate":{"custom_model_data":1120},"model":"modelengine:evilwolf/leftleg_low"},{"predicate":{"custom_model_data":1121},"model":"modelengine:evilwolf/rightleg"},{"predicate":{"custom_model_data":1122},"model":"modelengine:evilwolf/rightleg_low"},{"predicate":{"custom_model_data":1123},"model":"modelengine:evilwolf/leftarm"},{"predicate":{"custom_model_data":1124},"model":"modelengine:evilwolf/leftarm_low"},{"predicate":{"custom_model_data":1125},"model":"modelengine:evilwolf/rightarm"},{"predicate":{"custom_model_data":1126},"model":"modelengine:evilwolf/rightarm_low"},{"predicate":{"custom_model_data":1127},"model":"modelengine:evilwolf/tail"},{"predicate":{"custom_model_data":1128},"model":"modelengine:evilwolf/head"},{"predicate":{"custom_model_data":1129},"model":"modelengine:evilwolf/yaw"},{"predicate":{"custom_model_data":1130},"model":"modelengine:femaledeer/torso"},{"predicate":{"custom_model_data":1131},"model":"modelengine:femaledeer/neck"},{"predicate":{"custom_model_data":1132},"model":"modelengine:femaledeer/head"},{"predicate":{"custom_model_data":1133},"model":"modelengine:femaledeer/leftleg"},{"predicate":{"custom_model_data":1134},"model":"modelengine:femaledeer/leftleg_low"},{"predicate":{"custom_model_data":1135},"model":"modelengine:femaledeer/rightleg"},{"predicate":{"custom_model_data":1136},"model":"modelengine:femaledeer/rightleg_low"},{"predicate":{"custom_model_data":1137},"model":"modelengine:femaledeer/leftarm"},{"predicate":{"custom_model_data":1138},"model":"modelengine:femaledeer/leftarm_low"},{"predicate":{"custom_model_data":1139},"model":"modelengine:femaledeer/rightarm"},{"predicate":{"custom_model_data":1140},"model":"modelengine:femaledeer/rightarm_low"},{"predicate":{"custom_model_data":1141},"model":"modelengine:grayscalewolf/torso"},{"predicate":{"custom_model_data":1142},"model":"modelengine:grayscalewolf/leftleg"},{"predicate":{"custom_model_data":1143},"model":"modelengine:grayscalewolf/leftleg_low"},{"predicate":{"custom_model_data":1144},"model":"modelengine:grayscalewolf/rightleg"},{"predicate":{"custom_model_data":1145},"model":"modelengine:grayscalewolf/rightleg_low"},{"predicate":{"custom_model_data":1146},"model":"modelengine:grayscalewolf/leftarm"},{"predicate":{"custom_model_data":1147},"model":"modelengine:grayscalewolf/leftarm_low"},{"predicate":{"custom_model_data":1148},"model":"modelengine:grayscalewolf/rightarm"},{"predicate":{"custom_model_data":1149},"model":"modelengine:grayscalewolf/rightarm_low"},{"predicate":{"custom_model_data":1150},"model":"modelengine:grayscalewolf/tail"},{"predicate":{"custom_model_data":1151},"model":"modelengine:grayscalewolf/head"},{"predicate":{"custom_model_data":1152},"model":"modelengine:grayscalewolf/yaw"},{"predicate":{"custom_model_data":1153},"model":"modelengine:graywolf/torso"},{"predicate":{"custom_model_data":1154},"model":"modelengine:graywolf/leftleg"},{"predicate":{"custom_model_data":1155},"model":"modelengine:graywolf/leftleg_low"},{"predicate":{"custom_model_data":1156},"model":"modelengine:graywolf/rightleg"},{"predicate":{"custom_model_data":1157},"model":"modelengine:graywolf/rightleg_low"},{"predicate":{"custom_model_data":1158},"model":"modelengine:graywolf/leftarm"},{"predicate":{"custom_model_data":1159},"model":"modelengine:graywolf/leftarm_low"},{"predicate":{"custom_model_data":1160},"model":"modelengine:graywolf/rightarm"},{"predicate":{"custom_model_data":1161},"model":"modelengine:graywolf/rightarm_low"},{"predicate":{"custom_model_data":1162},"model":"modelengine:graywolf/tail"},{"predicate":{"custom_model_data":1163},"model":"modelengine:graywolf/head"},{"predicate":{"custom_model_data":1164},"model":"modelengine:graywolf/yaw"},{"predicate":{"custom_model_data":1165},"model":"modelengine:hollandlopblack/body"},{"predicate":{"custom_model_data":1166},"model":"modelengine:hollandlopblack/leftarm"},{"predicate":{"custom_model_data":1167},"model":"modelengine:hollandlopblack/rightarm"},{"predicate":{"custom_model_data":1168},"model":"modelengine:hollandlopblack/leftleg"},{"predicate":{"custom_model_data":1169},"model":"modelengine:hollandlopblack/rightleg"},{"predicate":{"custom_model_data":1170},"model":"modelengine:hollandlopblack/head"},{"predicate":{"custom_model_data":1171},"model":"modelengine:hollandlopbrown/body"},{"predicate":{"custom_model_data":1172},"model":"modelengine:hollandlopbrown/leftarm"},{"predicate":{"custom_model_data":1173},"model":"modelengine:hollandlopbrown/rightarm"},{"predicate":{"custom_model_data":1174},"model":"modelengine:hollandlopbrown/leftleg"},{"predicate":{"custom_model_data":1175},"model":"modelengine:hollandlopbrown/rightleg"},{"predicate":{"custom_model_data":1176},"model":"modelengine:hollandlopbrown/head"},{"predicate":{"custom_model_data":1177},"model":"modelengine:hollandlopgray/body"},{"predicate":{"custom_model_data":1178},"model":"modelengine:hollandlopgray/leftarm"},{"predicate":{"custom_model_data":1179},"model":"modelengine:hollandlopgray/rightarm"},{"predicate":{"custom_model_data":1180},"model":"modelengine:hollandlopgray/leftleg"},{"predicate":{"custom_model_data":1181},"model":"modelengine:hollandlopgray/rightleg"},{"predicate":{"custom_model_data":1182},"model":"modelengine:hollandlopgray/head"},{"predicate":{"custom_model_data":1183},"model":"modelengine:hollandloppet/body"},{"predicate":{"custom_model_data":1184},"model":"modelengine:hollandloppet/leftarm"},{"predicate":{"custom_model_data":1185},"model":"modelengine:hollandloppet/rightarm"},{"predicate":{"custom_model_data":1186},"model":"modelengine:hollandloppet/leftleg"},{"predicate":{"custom_model_data":1187},"model":"modelengine:hollandloppet/rightleg"},{"predicate":{"custom_model_data":1188},"model":"modelengine:hollandloppet/head"},{"predicate":{"custom_model_data":1189},"model":"modelengine:hollandlopwhite/body"},{"predicate":{"custom_model_data":1190},"model":"modelengine:hollandlopwhite/leftarm"},{"predicate":{"custom_model_data":1191},"model":"modelengine:hollandlopwhite/rightarm"},{"predicate":{"custom_model_data":1192},"model":"modelengine:hollandlopwhite/leftleg"},{"predicate":{"custom_model_data":1193},"model":"modelengine:hollandlopwhite/rightleg"},{"predicate":{"custom_model_data":1194},"model":"modelengine:hollandlopwhite/head"},{"predicate":{"custom_model_data":1195},"model":"modelengine:mole/torso"},{"predicate":{"custom_model_data":1196},"model":"modelengine:mole/molehead"},{"predicate":{"custom_model_data":1197},"model":"modelengine:mole/molerightarm"},{"predicate":{"custom_model_data":1198},"model":"modelengine:mole/molerightarm2"},{"predicate":{"custom_model_data":1199},"model":"modelengine:mole/moleleftarm"},{"predicate":{"custom_model_data":1200},"model":"modelengine:mole/moleleftarm2"},{"predicate":{"custom_model_data":1201},"model":"modelengine:mole/molerightleg"},{"predicate":{"custom_model_data":1202},"model":"modelengine:mole/molerightleg2"},{"predicate":{"custom_model_data":1203},"model":"modelengine:mole/moleleftleg3"},{"predicate":{"custom_model_data":1204},"model":"modelengine:mole/moleleftleg4"},{"predicate":{"custom_model_data":1205},"model":"modelengine:redwolf/torso"},{"predicate":{"custom_model_data":1206},"model":"modelengine:redwolf/leftleg"},{"predicate":{"custom_model_data":1207},"model":"modelengine:redwolf/leftleg_low"},{"predicate":{"custom_model_data":1208},"model":"modelengine:redwolf/rightleg"},{"predicate":{"custom_model_data":1209},"model":"modelengine:redwolf/rightleg_low"},{"predicate":{"custom_model_data":1210},"model":"modelengine:redwolf/leftarm"},{"predicate":{"custom_model_data":1211},"model":"modelengine:redwolf/leftarm_low"},{"predicate":{"custom_model_data":1212},"model":"modelengine:redwolf/rightarm"},{"predicate":{"custom_model_data":1213},"model":"modelengine:redwolf/rightarm_low"},{"predicate":{"custom_model_data":1214},"model":"modelengine:redwolf/tail"},{"predicate":{"custom_model_data":1215},"model":"modelengine:redwolf/head"},{"predicate":{"custom_model_data":1216},"model":"modelengine:redwolf/yaw"},{"predicate":{"custom_model_data":1217},"model":"modelengine:spectralwolf/torso"},{"predicate":{"custom_model_data":1218},"model":"modelengine:spectralwolf/leftleg"},{"predicate":{"custom_model_data":1219},"model":"modelengine:spectralwolf/leftleg_low"},{"predicate":{"custom_model_data":1220},"model":"modelengine:spectralwolf/rightleg"},{"predicate":{"custom_model_data":1221},"model":"modelengine:spectralwolf/rightleg_low"},{"predicate":{"custom_model_data":1222},"model":"modelengine:spectralwolf/leftarm"},{"predicate":{"custom_model_data":1223},"model":"modelengine:spectralwolf/leftarm_low"},{"predicate":{"custom_model_data":1224},"model":"modelengine:spectralwolf/rightarm"},{"predicate":{"custom_model_data":1225},"model":"modelengine:spectralwolf/rightarm_low"},{"predicate":{"custom_model_data":1226},"model":"modelengine:spectralwolf/tail"},{"predicate":{"custom_model_data":1227},"model":"modelengine:spectralwolf/head"},{"predicate":{"custom_model_data":1228},"model":"modelengine:spectralwolf/yaw"},{"predicate":{"custom_model_data":1229},"model":"modelengine:whitewolf/torso"},{"predicate":{"custom_model_data":1230},"model":"modelengine:whitewolf/leftleg"},{"predicate":{"custom_model_data":1231},"model":"modelengine:whitewolf/leftleg_low"},{"predicate":{"custom_model_data":1232},"model":"modelengine:whitewolf/rightleg"},{"predicate":{"custom_model_data":1233},"model":"modelengine:whitewolf/rightleg_low"},{"predicate":{"custom_model_data":1234},"model":"modelengine:whitewolf/leftarm"},{"predicate":{"custom_model_data":1235},"model":"modelengine:whitewolf/leftarm_low"},{"predicate":{"custom_model_data":1236},"model":"modelengine:whitewolf/rightarm"},{"predicate":{"custom_model_data":1237},"model":"modelengine:whitewolf/rightarm_low"},{"predicate":{"custom_model_data":1238},"model":"modelengine:whitewolf/tail"},{"predicate":{"custom_model_data":1239},"model":"modelengine:whitewolf/head"},{"predicate":{"custom_model_data":1240},"model":"modelengine:whitewolf/yaw"}]}