{
   "parent":"item/generated",
   "textures":{
      "layer0":"item/magma_cream"
   },
   "overrides":[
      {
         "predicate":{
            "custom_model_data":1
         },
         "model":"item/spell_icons/earth_icon"
      },
      {
         "predicate":{
            "custom_model_data":2
         },
         "model":"item/spell_icons/fire_icon"
      },
      {
         "predicate":{
            "custom_model_data":3
         },
         "model":"item/spell_icons/lightning_icon"
      },
      {
         "predicate":{
            "custom_model_data":4
         },
         "model":"item/spell_icons/wind_icon"
      },
      {
         "predicate":{
            "custom_model_data":5
         },
         "model":"item/spell_icons/water_icon"
      },
      {"predicate":{"custom_model_data":100},"model":"nsl:scrolls/lightning_scroll"},
      {"predicate":{"custom_model_data":101},"model":"nsl:scrolls/earth_scroll"},
      {"predicate":{"custom_model_data":102},"model":"nsl:scrolls/wind_scroll"},
      {"predicate":{"custom_model_data":103},"model":"nsl:scrolls/fire_scroll"},
      {"predicate":{"custom_model_data":104},"model":"nsl:scrolls/water_scroll"}
   ]
}