{
	"credit": "Made By Ningy",
	"texture_size": [8, 8],
	"textures": {
		"3": "item/books/inkwell",
		"4": "item/books/feather",
		"5": "item/books/book_orange",
		"particle": "item/books/book_orange"
	},
	"elements": [
		{
			"from": [3, 1, 1],
			"to": [13, 2, 7],
			"rotation": {"angle": 0, "axis": "x", "origin": [3, 2, 7]},
			"faces": {
				"north": {"uv": [0.5, 8, 1, 13], "rotation": 270, "texture": "#5"},
				"east": {"uv": [6.5, 2.5, 9.5, 2], "texture": "#5"},
				"south": {"uv": [3, 8, 3.5, 13], "rotation": 90, "texture": "#5"},
				"west": {"uv": [0.5, 1.5, 3.5, 2], "texture": "#5"},
				"up": {"uv": [0.5, 8, 3.5, 13], "rotation": 90, "texture": "#5"},
				"down": {"uv": [3.5, 8, 0.5, 13], "rotation": 90, "texture": "#5"}
			}
		},
		{
			"from": [2.75, 0, 0],
			"to": [13.25, 1, 8],
			"rotation": {"angle": 0, "axis": "x", "origin": [3, 2, 7]},
			"faces": {
				"north": {"uv": [9.5, 3, 10, 8], "rotation": 270, "texture": "#5"},
				"east": {"uv": [4, 1, 0, 1.5], "texture": "#5"},
				"south": {"uv": [4, 3, 4.5, 8], "rotation": 90, "texture": "#5"},
				"west": {"uv": [0, 2.5, 4, 3], "texture": "#5"},
				"up": {"uv": [10, 3, 6, 8], "rotation": 90, "texture": "#5"},
				"down": {"uv": [6, 3, 10, 8], "rotation": 90, "texture": "#5"}
			}
		},
		{
			"from": [2.75, 1, 7],
			"to": [13.25, 2, 8],
			"rotation": {"angle": 0, "axis": "x", "origin": [3, 2, 7]},
			"faces": {
				"north": {"uv": [3.5, 3, 4, 8], "rotation": 90, "texture": "#5"},
				"east": {"uv": [5, 3, 5.5, 3.5], "texture": "#5"},
				"south": {"uv": [4.5, 8, 5, 3], "rotation": 90, "texture": "#5"},
				"west": {"uv": [4.5, 3, 5, 3.5], "texture": "#5"},
				"up": {"uv": [4.5, 8, 5, 3], "rotation": 90, "texture": "#5"},
				"down": {"uv": [4, 3, 4.5, 8], "rotation": 90, "texture": "#5"}
			}
		},
		{
			"from": [3, 2, 1],
			"to": [13, 3, 7],
			"rotation": {"angle": 0, "axis": "x", "origin": [3, 2, 7]},
			"faces": {
				"north": {"uv": [9, 8, 9.5, 13], "rotation": 270, "texture": "#5"},
				"east": {"uv": [9.5, 2, 6.5, 1.5], "rotation": 180, "texture": "#5"},
				"south": {"uv": [6.5, 8, 7, 13], "rotation": 90, "texture": "#5"},
				"west": {"uv": [6.5, 2, 9.5, 2.5], "rotation": 180, "texture": "#5"},
				"up": {"uv": [3.5, 8, 0.5, 13], "rotation": 90, "texture": "#5"},
				"down": {"uv": [6.5, 8, 9.5, 13], "rotation": 90, "texture": "#5"}
			}
		},
		{
			"from": [2.75, 3, 0],
			"to": [13.25, 4, 8],
			"rotation": {"angle": 0, "axis": "x", "origin": [3, 2, 7]},
			"faces": {
				"north": {"uv": [0, 3, 0.5, 8], "rotation": 270, "texture": "#5"},
				"east": {"uv": [10, 1, 6, 1.5], "rotation": 180, "texture": "#5"},
				"south": {"uv": [5.5, 3, 6, 8], "rotation": 90, "texture": "#5"},
				"west": {"uv": [6, 2.5, 10, 3], "rotation": 180, "texture": "#5"},
				"up": {"uv": [0, 3, 4, 8], "rotation": 90, "texture": "#5"},
				"down": {"uv": [4, 3, 0, 8], "rotation": 90, "texture": "#5"}
			}
		},
		{
			"from": [2.75, 2, 7],
			"to": [13.25, 3, 8],
			"rotation": {"angle": 0, "axis": "x", "origin": [3, 2, 7]},
			"faces": {
				"north": {"uv": [6, 8, 6.5, 3], "rotation": 270, "texture": "#5"},
				"east": {"uv": [5, 3, 5.5, 3.5], "rotation": 180, "texture": "#5"},
				"south": {"uv": [5, 3, 5.5, 8], "rotation": 270, "texture": "#5"},
				"west": {"uv": [4.5, 3, 5, 3.5], "rotation": 180, "texture": "#5"},
				"up": {"uv": [4, 3, 4.5, 8], "rotation": 90, "texture": "#5"},
				"down": {"uv": [5, 8, 5.5, 3], "rotation": 90, "texture": "#5"}
			}
		},
		{
			"from": [14.65, 0, -2.35],
			"to": [17.35, 2, 0.35],
			"rotation": {"angle": 0, "axis": "y", "origin": [15, 0, -2]},
			"faces": {
				"north": {"uv": [6, 0, 11, 4], "texture": "#3"},
				"east": {"uv": [6, 4, 11, 8], "texture": "#3"},
				"south": {"uv": [6, 8, 11, 12], "texture": "#3"},
				"west": {"uv": [0, 12, 5, 16], "texture": "#3"},
				"up": {"uv": [5, 5, 0, 0], "texture": "#3"},
				"down": {"uv": [5, 6, 0, 11], "texture": "#3"}
			}
		},
		{
			"from": [15.175, 2, -1.825],
			"to": [16.825, 3, -0.175],
			"rotation": {"angle": 0, "axis": "y", "origin": [15, 2, -2]},
			"faces": {
				"north": {"uv": [6, 0, 11, 4], "texture": "#3"},
				"east": {"uv": [6, 4, 11, 8], "texture": "#3"},
				"south": {"uv": [6, 8, 11, 12], "texture": "#3"},
				"west": {"uv": [0, 12, 5, 16], "texture": "#3"},
				"up": {"uv": [16, 5, 11, 0], "texture": "#3"},
				"down": {"uv": [5, 6, 0, 11], "texture": "#3"}
			}
		},
		{
			"from": [17.2, 1.25, -9.2],
			"to": [17.2, 11.25, 0.8],
			"rotation": {"angle": -22.5, "axis": "y", "origin": [17.2, 6.25, -4.2]},
			"faces": {
				"north": {"uv": [0, 0, 0, 15], "rotation": 180, "texture": "#missing"},
				"east": {"uv": [0, 16, 16, 0], "rotation": 270, "texture": "#4"},
				"south": {"uv": [0, 0, 0, 15], "texture": "#missing"},
				"west": {"uv": [0, 0, 16, 16], "rotation": 270, "texture": "#4"},
				"up": {"uv": [0, 0, 0, 15], "texture": "#missing"},
				"down": {"uv": [0, 0, 0, 15], "rotation": 180, "texture": "#missing"}
			}
		}
	],
	"display": {
		"thirdperson_righthand": {
			"rotation": [-17.65, 84.41, 85.49],
			"translation": [1.75, 3.25, 2.75],
			"scale": [0.5, 0.5, 0.5]
		},
		"thirdperson_lefthand": {
			"rotation": [178.51, -83.09, 111.38],
			"translation": [-2.25, 2.75, 1.75],
			"scale": [0.5, 0.5, 0.5]
		},
		"firstperson_righthand": {
			"rotation": [-4.95, 51.11, 33.07],
			"translation": [4.25, 5.75, 0.75],
			"scale": [0.5, 0.5, 0.5]
		},
		"firstperson_lefthand": {
			"rotation": [175.18, -48.86, 148.98],
			"translation": [0.75, 5.75, -1.5],
			"scale": [0.5, 0.5, 0.5]
		},
		"ground": {
			"translation": [0, 3, 2],
			"scale": [0.5, 0.5, 0.5]
		},
		"gui": {
			"rotation": [20.75, 113, 0],
			"translation": [0.5, 4.5, 0],
			"scale": [0.75, 0.75, 0.75]
		},
		"head": {
			"rotation": [0, -90, 0],
			"translation": [-5.25, 16.5, 0.05],
			"scale": [1.3, 1.3, 1.3]
		},
		"fixed": {
			"rotation": [-90, 0, 0],
			"translation": [0, 0.76, -12],
			"scale": [1.5, 1.5, 1.5]
		}
	},
	"groups": [
		{
			"name": "Book",
			"origin": [0, 0, 0],
			"color": 0,
			"children": [
				{
					"name": "B",
					"origin": [8, 2, 13.5],
					"color": 0,
					"children": [0, 1, 2]
				},
				{
					"name": "A",
					"origin": [8, 2, 13.5],
					"color": 0,
					"children": [3, 4, 5]
				}
			]
		},
		6,
		7,
		8
	]
}