{"textures":{"0":"modelengine:entity/dragon_body_eff"},"elements":[{"from":[1.1071424,6.214286,-3.285715],"to":[14.821428,19.928572,19.0],"rotation":{"angle":0.0,"axis":"y","origin":[7.964286,5.0714283,-10.285715]},"faces":{"east":{"uv":[0.0,3.0,3.0,6.0],"rotation":0,"texture":"#0","tintindex":0},"south":{"uv":[3.0,0.0,6.0,3.0],"rotation":0,"texture":"#0","tintindex":0},"north":{"uv":[0.0,0.0,3.0,3.0],"rotation":0,"texture":"#0","tintindex":0},"west":{"uv":[3.0,3.0,6.0,6.0],"rotation":0,"texture":"#0","tintindex":0},"up":{"uv":[3.0,9.0,0.0,6.0],"rotation":0,"texture":"#0","tintindex":0},"down":{"uv":[9.0,0.0,6.0,3.0],"rotation":0,"texture":"#0","tintindex":0}}},{"from":[7.107143,19.928572,5.714286],"to":[8.821428,22.785715,10.285714],"rotation":{"angle":0.0,"axis":"y","origin":[8.25,5.0714283,-10.285715]},"faces":{"east":{"uv":[7.0,3.0,6.0,4.0],"rotation":0,"texture":"#0","tintindex":0},"south":{"uv":[6.5,4.0,6.0,5.0],"rotation":0,"texture":"#0","tintindex":0},"north":{"uv":[4.5,6.0,4.0,7.0],"rotation":0,"texture":"#0","tintindex":0},"west":{"uv":[4.0,6.0,3.0,7.0],"rotation":0,"texture":"#0","tintindex":0},"up":{"uv":[4.5,7.0,5.0,6.0],"rotation":0,"texture":"#0","tintindex":0},"down":{"uv":[5.0,6.0,5.5,7.0],"rotation":0,"texture":"#0","tintindex":0}}},{"from":[7.535714,18.214287,-1.1428576],"to":[8.392858,20.785715,6.285714],"rotation":{"angle":-22.5,"axis":"x","origin":[7.964286,20.5,1.1428566]},"faces":{"east":{"uv":[6.0,3.0,7.0,4.0],"rotation":0,"texture":"#0","tintindex":0},"south":{"uv":[4.0,6.0,4.5,7.0],"rotation":0,"texture":"#0","tintindex":0},"north":{"uv":[6.0,4.0,6.5,5.0],"rotation":0,"texture":"#0","tintindex":0},"west":{"uv":[3.0,6.0,4.0,7.0],"rotation":0,"texture":"#0","tintindex":0},"up":{"uv":[4.5,6.0,5.0,7.0],"rotation":0,"texture":"#0","tintindex":0},"down":{"uv":[5.0,7.0,5.5,6.0],"rotation":0,"texture":"#0","tintindex":0}}},{"from":[7.535714,18.214287,9.714286],"to":[8.392858,20.785715,17.142857],"rotation":{"angle":22.5,"axis":"x","origin":[7.964286,20.5,14.857143]},"faces":{"east":{"uv":[7.0,3.0,6.0,4.0],"rotation":0,"texture":"#0","tintindex":0},"south":{"uv":[6.5,4.0,6.0,5.0],"rotation":0,"texture":"#0","tintindex":0},"north":{"uv":[4.5,6.0,4.0,7.0],"rotation":0,"texture":"#0","tintindex":0},"west":{"uv":[4.0,6.0,3.0,7.0],"rotation":0,"texture":"#0","tintindex":0},"up":{"uv":[4.5,7.0,5.0,6.0],"rotation":0,"texture":"#0","tintindex":0},"down":{"uv":[5.0,6.0,5.5,7.0],"rotation":0,"texture":"#0","tintindex":0}}}],"display":{"head":{"translation":[0.0,-6.4,0.0],"scale":[4.0,4.0,4.0]}}}