{"textures":{"0":"modelengine:entity/dragon_body_eff"},"elements":[{"from":[7.428571,7.857143,6.5714283],"to":[8.0,13.428572,9.428572],"rotation":{"angle":0.0,"axis":"y","origin":[7.714286,-3.1292667,12.286772]},"faces":{"east":{"uv":[7.0,4.0,6.5,5.0],"rotation":0,"texture":"#0","tintindex":0},"south":{"uv":[6.5,6.0,6.0,7.0],"rotation":0,"texture":"#0","tintindex":0},"north":{"uv":[6.5,5.0,6.0,6.0],"rotation":0,"texture":"#0","tintindex":0},"west":{"uv":[6.0,6.0,5.5,7.0],"rotation":0,"texture":"#0","tintindex":0},"up":{"uv":[6.5,5.5,7.0,5.0],"rotation":0,"texture":"#0","tintindex":0},"down":{"uv":[6.5,5.5,7.0,6.0],"rotation":0,"texture":"#0","tintindex":0}}}],"display":{"head":{"translation":[0.0,-6.4,0.0],"scale":[4.0,4.0,4.0]}}}